번호,개방서비스명,개방서비스아이디,개방자치단체코드,관리번호,인허가일자,인허가취소일자,영업상태구분코드,영업상태명,상세영업상태코드,상세영업상태명,폐업일자,휴업시작일자,휴업종료일자,재개업일자,소재지전화,소재지면적,소재지우편번호,소재지전체주소,도로명전체주소,도로명우편번호,사업장명,최종수정시점,데이터갱신구분,데이터갱신일자,업태구분명,좌표정보(x),좌표정보(y),축산업무구분명,축산물가공업구분명,축산일련번호,권리주체일련번호,총직원수
1,부화업,02_04_04_P,4610000,4.61E+17,1994.4.22,,1,영업/정상,0,정상,,,,,,0,340-863,충청남도 예산군 신암면 신택리 ***-**번지 외*필지,충청남도 예산군 신암면 추사고택로 ***-** (외*필지),,신흥,2015.3.29 17:08,I,2018.8.31 23:59,,182891.2371,362224.588,부화업,,576,0,
2,부화업,02_04_04_P,4610000,4.61E+17,2010.12.26,,1,영업/정상,0,정상,,,,,,0,340-823,충청남도 예산군 신양면 차동리 ** 외 *필지,,,농업회사법인 한흥부화장 주식회사,2022.7.6 10:45,U,2022.7.8 2:40,,193157.1741,343358.3266,부화업,,1748,L00,0
3,부화업,02_04_04_P,4610000,4.61E+17,2014.1.10,,1,영업/정상,0,정상,,,,,,,340-864,충청남도 예산군 신암면 용궁리 *** *통,충청남도 예산군 신암면 추사고택로 ***-*,32417,신흥부화장,2023.6.22 17:30,U,2023.6.24 2:40,,182076.8541,361666.9548,부화업,,2168,0,0
4,부화업,02_04_04_P,4610000,4.61E+17,2014.9.15,,1,영업/정상,0,정상,,,,,,,340-811,충청남도 예산군 대술면 장복리 산 **,충청남도 예산군 대술면 대술동로 ** (장복리 산 **),32443,농업회사법인 (주)한국원종 예산부화장,2021.7.21 11:16,U,2021.7.23 2:40,,,,부화업,,2284,L00,0
5,부화업,02_04_04_P,4610000,4.61E+17,2015.1.27,,1,영업/정상,0,정상,,,,,,,340-935,충청남도 예산군 고덕면 상궁리 ***-*,충청남도 예산군 고덕면 상궁*길 ***,32401,(주)마니커 예산지점,2021.4.19 16:53,U,2021.4.21 2:40,,177648.2391,362531.0038,부화업,,2315,L00,
6,부화업,02_04_04_P,4580000,4.58E+17,2005.1.4,,1,영업/정상,0,정상,,,,,041-951-1073,0,325-832,충청남도 서천군 기산면 신산리 **-*번지,충청남도 서천군 기산면 신막로 *-*,33628,기산부화장,2013.12.26 10:07,I,2018.8.31 23:59,,178476.4415,286131.8909,부화업,,67,0,
7,부화업,02_04_04_P,4600000,4.6E+17,2002.9.24,,1,영업/정상,0,정상,,,,,041-641-1048,49587,350-901,충청남도 홍성군 광천읍 담산리 ***-*번지,,,농업회사법인한국양계주식회사,2019.5.13 9:05,U,2019.5.15 2:40,,167556.2232,330562.7915,부화업,,62,L00,
8,부화업,02_04_04_P,4600000,4.6E+17,2004.11.25,,1,영업/정상,0,정상,,,,,041-633-2907,0,350-834,충청남도 홍성군 홍북읍 봉신리 산 **-**,,,광천부화장,2021.8.30 8:14,U,2021.9.1 2:40,,,,부화업,,235,0,0
9,부화업,02_04_04_P,4600000,4.6E+17,2013.11.28,,1,영업/정상,0,정상,,,,,,,350-842,경기도 용인시 기흥구 신갈동 ***,충청남도 홍성군 구항면 구성북로 ***-**,32213,농업회사법인(주)에버그린,2022.9.27 10:52,U,2022.9.29 2:40,,164573.5491,344507.5524,부화업,,3400,L00,0
10,부화업,02_04_04_P,5060000,5.06E+17,2012.11.26,,1,영업/정상,0,정상,,,,,,,740-841,경상북도 김천시 개령면 남전리 ***번지,경상북도 김천시 개령면 개령로 ***-**,39514,해오름부화장,2019.10.8 11:45,U,2019.10.10 2:40,,307059.6414,299445.1739,부화업,,1344,0,
11,부화업,02_04_04_P,4540000,4.54E+17,2004.6.22,,1,영업/정상,0,정상,,,,,041-741-5557,0,320-838,충청남도 논산시 연무읍 안심리 ***-**번지,충청남도 논산시 연무읍 연무로 ***-**,33008,하림 연무부화장,2018.8.22 15:29,I,2018.8.31 23:59,,208150.6834,292472.3123,부화업,,9,L00,
12,부화업,02_04_04_P,4540000,4.54E+17,2004.6.22,,1,영업/정상,0,정상,,,,,,0,320-833,충청남도 논산시 연무읍 동산리 ***-*번지 외*필지,충청남도 논산시 연무읍 행정*길 ** (외*필지),,상일부화장,2017.1.12 15:58,I,2018.8.31 23:59,,211411.365,292636.8172,부화업,,10,L00,
13,부화업,02_04_04_P,4540000,4.54E+17,2004.6.22,,1,영업/정상,0,정상,,,,,,0,320-836,충청남도 논산시 연무읍 소룡리 ***-*번지,충청남도 논산시 연무읍 소룡길 ** (논산부화장),33016,다원부화장,2020.6.10 8:48,U,2020.6.12 2:40,,211966.0951,289365.9367,부화업,,11,0,
14,부화업,02_04_04_P,4540000,4.54E+17,2004.6.22,,1,영업/정상,0,정상,,,,,741-2600,0,320-812,충청남도 논산시 채운면 화정리 ***-*번지,충청남도 논산시 채운면 화정길 **,,강경부화장,2013.11.30 20:06,I,2018.8.31 23:59,,205957.0661,293705.4321,부화업,,15,L00,
15,부화업,02_04_04_P,4540000,4.54E+17,2011.9.20,,1,영업/정상,0,정상,,,,,,,320-833,충청남도 논산시 연무읍 동산리 ***-*번지,충청남도 논산시 연무읍 동안로 ****,,신기부화장,2016.12.13 15:11,I,2018.8.31 23:59,,211200.1767,292013.7771,부화업,,958,0,
16,부화업,02_04_04_P,4540000,4.54E+17,2013.12.24,,1,영업/정상,0,정상,,,,,,,320-812,충청남도 논산시 채운면 심암리 **번지,,,계룡부화장,2016.11.23 13:20,I,2018.8.31 23:59,,207440.3017,293832.6147,부화업,,1128,0,
17,부화업,02_04_04_P,4520000,4.52E+17,2014.2.12,,1,영업/정상,0,정상,,,,,,,336-873,충청남도 아산시 둔포면 산전리 ***-*번지,충청남도 아산시 둔포면 관대길**번길 **,31411,요한부화장,2014.2.12 21:54,I,2018.8.31 23:59,,203453.5856,377688.5331,부화업,,1289,0,
18,부화업,02_04_04_P,4520000,4.52E+17,2008.5.26,,1,영업/정상,0,정상,,,,,,,336-871,충청남도 아산시 둔포면 운교리 *-*번지,,,성호부화장,2015.1.12 17:38,I,2018.8.31 23:59,,204768.189,379625.6215,부화업,,1336,0,
19,부화업,02_04_04_P,4520000,4.52E+17,2008.5.26,,1,영업/정상,0,정상,,,,,,,336-871,충청남도 아산시 둔포면 운교리 *-*번지,,,성호부화장,2015.1.12 18:05,I,2018.8.31 23:59,,204768.189,379625.6215,부화업,,1337,0,
20,부화업,02_04_04_P,4520000,4.52E+17,2010.2.9,,1,영업/정상,0,정상,,,,,,0,336-875,충청남도 아산시 둔포면 염작리 ***-*번지,,,두경부화장,2017.8.14 11:42,I,2018.8.31 23:59,,206420.7548,380048.7756,부화업,,1074,0,
21,부화업,02_04_04_P,4500000,4.5E+17,1990.5.7,,1,영업/정상,0,정상,,,,,,0,,충청남도 공주시 우성면 신웅리 **번지,,,신웅부화장,2003.4.10 10:20,I,2018.8.31 23:59,,,,부화업,,,0,
22,부화업,02_04_04_P,4500000,4.5E+17,1990.5.7,,1,영업/정상,0,정상,,,,,,1320,,충청남도 공주시 우성면 귀산리 **번지,,,귀산부화장,2003.4.10 10:37,I,2018.8.31 23:59,,,,부화업,,,0,
23,부화업,02_04_04_P,4500000,4.5E+17,1992.5.7,,1,영업/정상,0,정상,,,,,,1320,,충청남도 공주시 장기면 은용리 **번지,,,백제부화장,2003.4.10 9:22,I,2018.8.31 23:59,,,,부화업,,,0,
24,부화업,02_04_04_P,4500000,4.5E+17,2004.6.23,,1,영업/정상,0,정상,,,,,,0,314-913,충청남도 공주시 장기면 은용리 **번지,,,백제,2011.4.4 16:27,I,2018.8.31 23:59,,,,부화업,,3,0,
25,부화업,02_04_04_P,4550000,4.55E+17,2003.6.3,,1,영업/정상,0,정상,,,,,754-5890,1510,312-932,충청북도 단양군 적성면 파랑리 ***-*,충청남도 금산군 진산면 살구정길 ***,32700,농업회사법인(주)한협원종,2023.4.4 15:50,U,2023.5.26 8:48,,229318.2713,295280.6453,부화업,,7,L00,0
26,부화업,02_04_04_P,4550000,4.55E+17,2018.2.12,,1,영업/정상,0,정상,,,,,,,32700,충청남도 금산군 진산면 막현리 ***-*번지,충청남도 금산군 진산면 하막현길 **-**,32700,대덕진산부화장,2018.2.12 8:28,I,2018.8.31 23:59,,232380.643,300668.6738,부화업,,649,L00,
27,부화업,02_04_04_P,4530000,4.53E+17,2005.3.18,,1,영업/정상,0,정상,,,,,,0,356-891,충청남도 서산시 부석면 가사리 ****-**,충청남도 서산시 부석면 가사수등길 ***-**,32017,주식회사유화농장,2020.10.21 10:49,U,2020.10.23 2:40,,141965.9309,360434.4882,부화업,,3,L00,
28,부화업,02_04_04_P,4530000,4.53E+17,2017.1.7,,1,영업/정상,0,정상,,,,,,,32028,충청남도 아산시 둔포면 운교리,충청남도 서산시 고북면 봉생길 ***-**,32028,농업회사법인 유한회사 성호,2020.9.24 9:41,U,2020.9.26 2:40,,154819.9202,349603.3989,부화업,,1497,L00,
29,부화업,02_04_04_P,4590000,4.59E+17,1991.1.31,,1,영업/정상,0,정상,,,,,,0,,충청남도 청양군 화성면 장계리 ***,,,혜선부화장,2003.4.30 11:45,I,2018.8.31 23:59,,,,부화업,,,0,
30,부화업,02_04_04_P,4590000,4.59E+17,2004.9.9,,1,영업/정상,0,정상,,,,,943-4448,0,345-822,충청남도 청양군 화성면 장계리,충청남도 청양군 화성면 대청로 ** (혜선주유소),33311,혜선농장,2015.8.5 15:24,I,2018.8.31 23:59,,,,부화업,,10,0,
31,부화업,02_04_04_P,4490000,4.49E+17,2002.12.13,,1,영업/정상,0,정상,,,,,,1548,330-872,전라북도 김제시 금산면 용산리 ***-* (주)화인코리아천안부화장,"충청남도 천안시 동남구 동면 죽계리*길 **, (주)화인코리아천안부화장",31259,농업회사법인(주)사조원 천안부화장(동면),2022.11.24 16:49,U,2022.11.26 2:40,,233270.0452,365845.4106,부화업,,12,L00,0
32,부화업,02_04_04_P,4490000,4.49E+17,2005.11.28,,1,영업/정상,0,정상,,,,,,0,330-861,충청남도 천안시 동남구 병천면 병천리 ***-*번지 독립부화장,"충청남도 천안시 동남구 병천면 개목고개길 ***, 독립부화장",31254,독립부화장,2019.8.9 9:07,U,2019.8.11 2:40,,226587.9933,363985.3593,부화업,,620,0,0
33,부화업,02_04_04_P,4490000,4.49E+17,2012.3.8,,1,영업/정상,0,정상,,,,2015.2.10,566-7376,,330-913,충청남도 천안시 동남구 풍세면 보성리 *번지,,,영광부화장,2020.1.10 15:45,U,2020.1.12 2:40,,,,부화업,,1021,0,0
34,부화업,02_04_04_P,4490000,4.49E+17,2017.10.20,,1,영업/정상,0,정상,,,,,,,31227,,충청남도 천안시 동남구 목천읍 미죽로 ***,31227,거성부화장,2017.10.20 12:56,I,2018.8.31 23:59,,214713.1087,360469.7554,부화업,,1407,0,0
35,부화업,02_04_04_P,4490000,5.66E+17,2015.3.30,,1,영업/정상,0,정상,,,,,,,331-290,충청남도 천안시 서북구 업성동 *** (주)체리부로,"충청남도 천안시 서북구 감나무골길 **, (주)체리부로 (업성동)",31076,동산부화장,2023.6.30 18:03,U,2023.7.2 2:40,,212010.9605,373317.2474,부화업,,1308,0,0
36,부화업,02_04_04_P,4510000,4.51E+17,2004.1.13,,1,영업/정상,0,정상,,,,,641-8104,4545.45,355-821,충청남도 보령시 청소면 야현리 ***,충청남도 보령시 청소면 청소큰길 **,33418,(주)농업회사법인삼화원종 야현부화장,2021.9.27 10:44,U,2021.9.29 2:40,,163049.6479,325745.4165,부화업,,26,L00,0
37,부화업,02_04_04_P,4510000,4.51E+17,2006.11.20,,1,영업/정상,0,정상,,,,,041-931-9184,0,355-844,충청남도 보령시 오천면 오포리 ***-*,충청남도 보령시 오천면 오천중앙로 ***-**,33407,농업회사법인 (주)한국원종 오포부화장,2022.7.4 9:22,U,2022.7.6 2:40,,157828.8194,323178.0736,부화업,,605,L00,0
38,부화업,02_04_04_P,4510000,4.51E+17,2007.1.11,,1,영업/정상,0,정상,,,,,041-931-1984,0,355-881,충청남도 보령시 남포면 달산리 ***-*,충청남도 보령시 남포면 월전로 ***,33497,남포부화장,2022.7.4 9:21,U,2022.7.6 2:40,,163165.2258,310254.0667,부화업,,611,L00,0
39,부화업,02_04_04_P,4510000,4.51E+17,2015.12.31,,1,영업/정상,0,정상,,,,,934-6997,,355-871,충청남도 보령시 미산면 남심리 **-*번지,충청남도 보령시 미산면 판미로 **,33512,보령축산부화장,2016.11.29 11:05,I,2018.8.31 23:59,,170619.9733,298758.6059,부화업,,1692,0,
40,부화업,02_04_04_P,5580000,5.58E+17,2001.8.21,,1,영업/정상,0,정상,,,,,,0,321-917,충청남도 계룡시 엄사면 유동리 ***,충청남도 계룡시 엄사면 소라실길 **,32829,계룡부화장,2022.10.18 12:58,U,2022.10.20 2:40,,220906.7091,308272.077,부화업,,1,0,0
41,부화업,02_04_04_P,4580000,4.58E+17,2005.3.28,,1,영업/정상,0,정상,,,,,041-952-8100,0,325-882,전라북도 군산시 미장동 ***-*번지 ***-*,충청남도 서천군 비인면 칠지길 ***,33605,충남농원부화장,2016.10.25 10:41,I,2018.8.31 23:59,,162632.8203,293539.5792,부화업,,102,0,
42,부화업,02_04_04_P,3910000,3.91E+17,2014.10.7,,1,영업/정상,0,정상,,,,,031-280-7736,,451-872,경기도 평택시 청북읍 고잔리 ***-*,경기도 평택시 오성면 청오로 ***,17818,농업회사법인 조인팜스(주),2021.12.20 21:20,U,2021.12.22 2:40,,191419.585,395225.3998,부화업,,1119,L00,0
43,부화업,02_04_04_P,3910000,3.91E+17,2015.2.4,,1,영업/정상,0,정상,,,,,,,451-883,경기도 평택시 안중읍 덕우리 ***-*,경기도 평택시 안중읍 안중북로 ***,17816,기린부화장,2021.2.16 17:14,U,2021.2.18 2:40,,192840.4857,389364.1232,부화업,,1124,0,
44,부화업,02_04_04_P,3910000,3.91E+17,2017.12.1,,1,영업/정상,0,정상,,,,,,,17794,경기도 평택시 청북읍 고잔리 ****번지,경기도 평택시 청북읍 청북중앙로 ***-**,17794,농업회사법인 (주)글로벌,2020.5.13 14:26,U,2020.5.15 2:40,,189751.705,396062.2643,부화업,,1193,L00,
45,부화업,02_04_04_P,5600000,5.6E+17,1994.12.27,,1,영업/정상,0,정상,,,,,542-1219,0,487-823,경기도 포천시 소흘읍 송우리 **-**번지,경기도 포천시 소흘읍 화합로 ***-**,11170,창동부화장,2020.4.17 11:34,U,2020.4.19 2:40,,213143.9205,481868.7415,부화업,,4,0,
46,부화업,02_04_04_P,5600000,5.6E+17,2003.2.14,,1,영업/정상,0,정상,,,,,531-7141,0,487-882,경기도 포천시 소흘읍 송우리 ***-*,경기도 포천시 영중면 호국로****번길 **,11127,성동부화장,2022.9.29 10:58,U,2022.10.1 2:40,,222330.4184,503424.6199,부화업,,7,0,0
47,부화업,02_04_04_P,5600000,5.6E+17,2011.10.28,,1,영업/정상,0,정상,,,,,031-532-0995,,487-853,경기도 포천시 일동면 길명리 ***-*,경기도 포천시 일동면 영일로 ***-*,11121,(주)마니커포천지점,2022.3.15 11:04,U,2022.3.17 2:40,,224443.8603,492858.6418,부화업,,1502,L00,0
48,부화업,02_04_04_P,5700000,4.11E+17,2000.6.21,,1,영업/정상,0,정상,,,,,031-884-6550,0,,경기도 여주시 능현동 **-**번지,,,흥일부화장,2004.1.28 16:34,I,2018.8.31 23:59,,,,부화업,,,0,
49,부화업,02_04_04_P,5700000,4.11E+17,2003.5.16,,1,영업/정상,0,정상,,,,,,0,,경기도 여주시 능서면 광대리 ***번지,,,(주)화인코리아 여주부화장,2003.5.16 17:32,I,2018.8.31 23:59,,,,부화업,,,L00,
50,부화업,02_04_04_P,5700000,4.11E+17,2004.5.20,,1,영업/정상,0,정상,,,,,,0,469-802,경기도 여주시 능현동 산 **-**번지,,,흥일부화장,2016.9.30 9:16,I,2018.8.31 23:59,,,,부화업,,18,0,
51,부화업,02_04_04_P,3910000,3.91E+17,1991.12.17,,1,영업/정상,0,정상,,,,,681-7400,0,451-872,경기도 평택시 오성면 죽리 ***-*번지 외*필지,경기도 평택시 오성면 오성북로 **,17819,농업회사법인 양지부화장(주),2019.1.22 12:39,U,2019.1.24 2:40,,196896.5454,389545.9874,부화업,,3,L00,
52,부화업,02_04_04_P,3910000,3.91E+17,2010.10.19,,1,영업/정상,0,정상,,,,,,0,451-883,충청남도 당진시 합덕읍 석우리 ***-*번지,경기도 평택시 안중읍 안중북로 ***-**,17815,(주)부성팜스,2019.1.22 12:38,U,2019.1.24 2:40,,192282.5024,389272.5654,부화업,,944,L00,
53,부화업,02_04_04_P,5700000,4.11E+17,2009.11.1,,1,영업/정상,0,정상,,,,,,0,469-802,경기도 여주시 점봉동 ***-*번지 외*필지,경기도 여주시 점곡길 **-** (점봉동),12659,신영육부화장,2014.2.28 13:23,I,2018.8.31 23:59,,257739.7443,416670.2722,부화업,,1065,0,
54,부화업,02_04_04_P,4060000,4.06E+17,2017.8.4,,1,영업/정상,0,정상,,,,,031-964-2147,,10801,경기도 파주시 적성면 식현리 **-*번지,경기도 파주시 적성면 술이홀로 ****-*,10801,소래축산부화장,2017.8.4 10:26,I,2018.8.31 23:59,,190433.9065,494771.486,부화업,,1351,0,
55,부화업,02_04_04_P,5090000,5.09E+17,2004.6.24,,1,영업/정상,0,정상,,,,,054-631-2858,0,750-130,경상북도 영주시 조와동 ***-* 봉산농장,"경상북도 영주시 조와로 ***, 봉산농장 (조와동)",36062,봉산부화장,2022.3.4 9:50,U,2022.3.6 2:40,,344763.117,373891.0434,부화업,,4,0,0
56,부화업,02_04_04_P,5090000,5.09E+17,2004.9.4,,1,영업/정상,0,정상,,,,,054-630-4522,0,750-871,경상북도 영주시 안정면 묵리 ***,경상북도 영주시 안정면 대룡산로 ***,,경상북도 축산기술연구소,2023.1.12 11:16,U,2023.1.14 2:40,,339360.3293,368876.0916,부화업,,6,L00,0
57,부화업,02_04_04_P,5100000,5.1E+17,1996.11.19,,1,영업/정상,0,정상,,,,,,0,770-260,경상북도 영천시 대전동 ***번지,경상북도 영천시 대전길 ** (대전동),38821,신라부화장,2016.1.15 8:33,I,2018.8.31 23:59,,372274.2672,277190.5734,부화업,,2,0,
58,부화업,02_04_04_P,5100000,5.1E+17,2004.9.16,,1,영업/정상,0,정상,,,,2015.10.16,054)336-7401,0,770-804,경상북도 영천시 금호읍 냉천리 ***번지,경상북도 영천시 금호읍 어은길 *,,대영부화장,2015.10.16 12:47,I,2018.8.31 23:59,,370021.4186,270662.7513,부화업,,8,L00,
59,부화업,02_04_04_P,5100000,5.1E+17,2007.5.16,,1,영업/정상,0,정상,,,,,054-331-7757,0,770-803,경상북도 영천시 금호읍 삼호리 ***번지,경상북도 영천시 금호읍 대구대길 ***-*,,파인스부화장,2017.9.11 16:38,I,2018.8.31 23:59,,368497.9804,269977.9555,부화업,,511,0,
60,부화업,02_04_04_P,5100000,5.1E+17,2011.10.20,,1,영업/정상,0,정상,,,,,,,770-804,경상북도 영천시 금호읍 냉천리 ***-*번지 외 *필,경상북도 영천시 금호읍 어은길 **-**,38882,대영농원,2016.11.28 11:08,I,2018.8.31 23:59,,370252.4391,270976.3736,부화업,,1409,L00,
61,부화업,02_04_04_P,4710000,4.71E+17,1991.11.15,,1,영업/정상,0,정상,,,,,542-4984,660,576-972,전라북도 김제시 용지면 효정리 ***-**번지,전라북도 김제시 용지면 마항길 **,54336,신흥부화장,2019.2.20 15:16,U,2019.2.22 2:40,,194725.6874,258962.0197,부화업,,7,0,
62,부화업,02_04_04_P,4710000,4.71E+17,2008.2.20,,1,영업/정상,0,정상,,,,,063-545-9323,0,576-971,전라북도 김제시 용지면 봉의리 ***-*,전라북도 김제시 용지면 봉의*길 **-**,54331,(주)하림 김제PS 부화장,2022.5.17 18:14,U,2022.5.19 2:40,,196151.0349,264048.8153,부화업,,1290,L00,0
63,부화업,02_04_04_P,4710000,4.71E+17,2011.10.7,,1,영업/정상,0,정상,,,,,,,576-310,전라북도 김제시 장화동 ***-*번지,전라북도 김제시 월산로 ** (장화동),54418,새만금부화장,2016.11.25 15:04,I,2018.8.31 23:59,,187698.3411,251895.5445,부화업,,2241,0,
64,부화업,02_04_04_P,4700000,4.7E+17,2016.2.9,,1,영업/정상,0,정상,,,,2021.6.2,,2578,590-881,전라북도 남원시 보절면 진기리 ****-*,전라북도 남원시 보절면 진목*길 **,55706,보절(부화장),2023.1.13 11:08,U,2023.1.15 2:40,,237015.7638,222880.7113,부화업,,28,0,0
65,부화업,02_04_04_P,4700000,4.7E+17,2010.6.23,,1,영업/정상,0,정상,,,,,,0,590-941,전라북도 남원시 주생면 낙동리 ***-* 외 *필지,전라북도 남원시 주생면 금풍로 ***-**,55783,신북부화장,2022.11.19 15:33,U,2022.11.21 2:40,,226058.2334,210049.9494,부화업,,1234,0,0
66,부화업,02_04_04_P,4790000,4.79E+17,2011.4.13,,1,영업/정상,0,정상,,,,,,0,579-863,전라북도 부안군 상서면 통정리 ***번지,전라북도 부안군 상서면 용와*길 **,56333,우슬재황토촌,2015.9.15 14:25,I,2018.8.31 23:59,,167439.7564,243500.0508,부화업,,1109,0,
67,부화업,02_04_04_P,4690000,4.69E+17,2018.2.2,,1,영업/정상,0,정상,,,,,,,56122,전라북도 정읍시 산외면 동곡리 ***-*번지,전라북도 정읍시 산외면 상산로 ***,56122,우진부화장,2018.2.2 19:59,I,2018.8.31 23:59,,202927.3101,237375.6363,부화업,,3832,L00,
68,부화업,02_04_04_P,4690000,4.69E+17,1987.8.20,,1,영업/정상,0,정상,,,,,534-1339,1322.3,580-841,전라북도 정읍시 이평면 마항리 ***번지,전라북도 정읍시 이평면 요골길 **,56144,성우H.F,2016.10.12 9:54,I,2018.8.31 23:59,,185471.1302,241247.3645,부화업,,32,0,
69,부화업,02_04_04_P,4780000,4.78E+17,2004.3.16,,1,영업/정상,0,정상,,,,,063-564-4324(36534916),0,585-832,***-**번지,전라북도 고창군 신림면 신림로 **,56424,신림부화장,2019.4.24 14:50,U,2019.4.26 2:40,,172861.9546,221545.312,부화업,,2,L00,
70,부화업,02_04_04_P,4690000,4.69E+17,2005.3.4,,1,영업/정상,0,정상,,,,,537-1204,0,580-872,전라북도 정읍시 소성면 신천리 신천 ***-**,,,소성부화장,2015.7.29 9:31,I,2018.8.31 23:59,,,,부화업,,174,0,
71,부화업,02_04_04_P,4690000,4.69E+17,2005.12.2,,1,영업/정상,0,정상,,,,,,0,580-912,전라북도 정읍시 감곡면 진흥리 ***-*,전라북도 정읍시 감곡면 백산감산로 ***,56110,일출부화장,2023.3.9 11:23,U,2023.3.11 2:40,,193721.6467,243522.2655,부화업,,958,0,0
72,부화업,02_04_04_P,4690000,4.69E+17,2008.3.13,,1,영업/정상,0,정상,,,,,,0,580-841,전라북도 정읍시 시기동 ***번지,전라북도 정읍시 이평면 요골길 **,,천우부화장,2015.9.16 17:53,I,2018.8.31 23:59,,185536.5077,241277.277,부화업,,1799,0,
73,부화업,02_04_04_P,4690000,4.69E+17,2004.5.25,,1,영업/정상,0,정상,,,,2013.3.12,,0,580-040,전라북도 정읍시 구룡동 ***번지 외 *필지,전라북도 정읍시 용북길 *** (구룡동),56184,영창부화장,2018.9.28 17:04,U,2018.9.28 23:59,,189539.7768,230851.2158,부화업,,24,0,
74,부화업,02_04_04_P,4780000,4.78E+17,1996.3.11,,1,영업/정상,0,정상,,,,,,0,585-833,전라북도 고창군 신림면 법지리 ***-*번지,전라북도 고창군 신림면 사천길 **-**,,고창농원,2014.3.25 18:29,I,2018.8.31 23:59,,172331.0559,222578.9227,부화업,,23,0,
75,부화업,02_04_04_P,4690000,4.69E+17,2009.9.9,,1,영업/정상,0,정상,,,,,,0,580-942,전라북도 정읍시 칠보면 수청리 ***번지,전라북도 정읍시 칠보면 칠보산로 ****-**,,칠보산 부화장,2016.3.16 17:42,I,2018.8.31 23:59,,193417.3803,227634.7048,부화업,,2974,0,
76,부화업,02_04_04_P,4690000,4.69E+17,2010.7.13,,1,영업/정상,0,정상,,,,,,0,580-120,전라북도 정읍시 상평동 ***-**번지,전라북도 정읍시 소성상평로 ***-** (상평동),,정읍부화장,2015.7.29 9:47,I,2018.8.31 23:59,,183894.6525,229480.5585,부화업,,3114,0,
77,부화업,02_04_04_P,4690000,4.69E+17,2004.6.7,,1,영업/정상,0,정상,,,,,531-8788,0,580-140,전라북도 정읍시 과교동 **-*번지,,,자연부화장,2021.8.31 9:32,U,2021.9.2 2:40,,,,부화업,,28,0,0
78,부화업,02_04_04_P,4690000,4.69E+17,2011.1.15,,1,영업/정상,0,정상,,,,,,0,580-942,전라남도 순천시 용당동 ***,전라북도 정읍시 칠보면 세류길 **,56129,농업회사법인(주)엘케이덕,2022.8.10 10:54,U,2022.8.12 2:40,,245620.7542,164560.0265,부화업,,3218,L00,0
79,부화업,02_04_04_P,4690000,4.69E+17,2011.7.21,,1,영업/정상,0,정상,,,,,535-3550,,580-871,전라북도 정읍시 소성면 고교리 ***번지,전라북도 정읍시 소성면 입고로 ***,,삼호부화장,2016.3.29 8:15,I,2018.8.31 23:59,,179174.2179,231391.2218,부화업,,3369,L00,
80,부화업,02_04_04_P,4690000,4.69E+17,2011.12.9,,1,영업/정상,0,정상,,,,,,,580-844,전라북도 정읍시 이평면 청량리 ***-*,전라북도 정읍시 이평면 태평길 ***-**,,무진부화장,2022.6.30 11:16,U,2022.7.2 2:40,,182068.0875,241874.5496,부화업,,3440,0,0
81,부화업,02_04_04_P,4690000,4.69E+17,2012.3.22,,1,영업/정상,0,정상,,,,,,,580-230,전라북도 정읍시 용계동 ***-*번지,전라북도 정읍시 영원로 *** (용계동),56153,대성부화장,2015.7.29 10:33,I,2018.8.31 23:59,,182147.4928,231952.5201,부화업,,3491,0,
82,부화업,02_04_04_P,4690000,4.69E+17,2015.4.21,,1,영업/정상,0,정상,,,,,,,580-883,전라북도 정읍시 입암면 마석리 **-* 동방산업,"전라북도 정읍시 입암면 정읍남로 ***, 동방산업",56216,성지부화장Ⅱ,2021.9.1 15:47,U,2021.9.3 2:40,,183245.8916,226621.6476,부화업,,3699,L00,0
83,부화업,02_04_04_P,4780000,4.78E+17,2004.3.16,,1,영업/정상,0,정상,,,,,,0,585-832,***-**번지,전라북도 고창군 신림면 환산길 **,56424,환산부화장,2019.4.25 14:51,U,2019.4.27 2:40,,173332.1498,222274.1113,부화업,,3,L00,
84,부화업,02_04_04_P,4780000,4.78E+17,2007.5.23,,1,영업/정상,0,정상,,,,,,0,585-882,전라북도 고창군 무장면 옥산리 ****-*,전라북도 고창군 무장면 칠거리로 ***,,(주)하림 무장부화장,2023.2.27 14:00,U,2023.3.1 2:40,,161824.8187,211457.1492,부화업,,459,L00,0
85,부화업,02_04_04_P,4170000,4.17E+17,2005.9.1,,1,영업/정상,0,정상,,,,,,0,476-871,경기도 양평군 양평읍 양근리 산 *-*,,,목산오리농장,2022.9.21 14:11,U,2022.9.23 2:40,,,,부화업,,472,0,0
86,부화업,02_04_04_P,4070000,4.07E+17,2004.9.10,,1,영업/정상,0,정상,,,,,642-9989,0,467-903,경기도 이천시 장호원읍 어석리 **-**,경기도 이천시 장호원읍 어석로 ***,17415,농업회사법인 한국양계(주),2021.7.2 10:29,U,2021.7.4 2:40,,252446.0897,401178.9469,부화업,,177,L00,
87,부화업,02_04_04_P,4050000,4.05E+17,2004.1.15,,1,영업/정상,0,정상,,,,,322-5249,197,449-873,경기도 용인시 처인구 원삼면 문촌리 **-*번지,,,명바위농산,2004.6.16 13:10,I,2018.8.31 23:59,,226868.8856,405673.9694,부화업,,12,0,
88,부화업,02_04_04_P,5590000,5.59E+17,2017.1.25,,1,영업/정상,0,정상,,,,,031-858-5500,,11410,경기도 화성시 안녕동 ***,경기도 양주시 남면 화합로***번길 **-***,11410,(주)한강식품 양주부화장,2022.9.21 16:35,U,2022.9.23 2:40,,200619.8138,411029.2257,부화업,,1115,L00,0
89,부화업,02_04_04_P,4050000,4.05E+17,1993.4.20,,1,영업/정상,0,정상,,,,,031-280-7705,9656,449-864,경기도 평택시 오성면 양교리 *** 마니커,"경기도 용인시 처인구 백암면 삼백로 ***, 마니커",17182,강남부화장(농업회사법인 조인팜스 주식회사),2021.12.7 13:29,U,2021.12.9 2:40,,196943.6403,390742.2938,부화업,,11,L00,0
90,부화업,02_04_04_P,4760000,4.76E+17,2019.6.12,,1,영업/정상,0,정상,,,,,,,55942,전라북도 임실군 청웅면 옥전리 ***-*,전라북도 임실군 덕치면 강동로 ****-**,55942,평화농장,2021.3.11 15:19,U,2021.3.13 2:40,,219598.1817,230822.6612,부화업,,1565,0,
91,부화업,02_04_04_P,4680000,4.68E+17,2019.8.27,,1,영업/정상,0,정상,,,,,,,,전라북도 익산시 황등면 율촌리 ***-*,"전라북도 익산시 황등면 율촌*길 **, (율촌리 ***-**)",54531,영생부화장,2021.2.3 16:47,U,2021.2.5 2:40,,195753.7851,278780.1516,부화업,,2264,0,
92,부화업,02_04_04_P,4181000,4.18E+17,2012.5.17,,1,영업/정상,0,정상,,,,2014.7.22,,,200-822,강원특별자치도 춘천시 신북읍 산천리 ***,강원특별자치도 춘천시 신북읍 신북로 ***-**,24203,신세기부화장,2016.7.14 9:21,I,2023.6.13 0:00,,265891.894,493816.2092,부화업,,379,0,0
93,부화업,02_04_04_P,3600000,3.6E+17,2011.1.20,,1,영업/정상,0,정상,,,,,373-5863,0,502-152,광주광역시 서구 벽진동 ***-*번지,광주광역시 서구 벽진길 ** (벽진동),62010,덕스토리,2012.11.7 18:24,I,2018.8.31 23:59,,184826.9314,181394.5138,부화업,,27,0,
94,부화업,02_04_04_P,5110000,5.11E+17,2003.5.15,,1,영업/정상,0,정상,,,,,054-534-9815,0,742-963,경상북도 상주시 사벌국면 묵하리 ***-*,경상북도 상주시 사벌국면 경천로 ***-**,37127,(주)올품 사벌부화장,2021.4.1 17:27,U,2021.4.3 2:40,,310565.3486,330392.6389,부화업,,631,L00,
95,부화업,02_04_04_P,5220000,5.22E+17,1997.12.27,,1,영업/정상,0,정상,,,,,974-9988,3000,718-912,경상북도 칠곡군 가산면 천평리 **-*번지,경상북도 칠곡군 가산면 송신로 **,39852,성진부화장,2016.7.20 11:20,I,2018.8.31 23:59,,338342.7496,288629.4525,부화업,,4,L00,
96,부화업,02_04_04_P,5080000,5.08E+17,2012.3.6,,1,영업/정상,0,정상,,,,,,,730-806,경상북도 구미시 선산읍 봉곡리 ***-*번지,경상북도 구미시 선산읍 선산봉곡*길 **-*,39133,하복 부화장,2013.8.22 14:37,I,2018.8.31 23:59,,312721.0829,305624.0914,부화업,,981,0,
97,부화업,02_04_04_P,5360000,5.36E+17,1998.7.22,,1,영업/정상,0,정상,,,,,,288,627-872,경상남도 밀양시 무안면 화봉리 ***-*번지,경상남도 밀양시 무안면 삼화길 ***-**,50406,한신부화장,2017.2.15 16:41,I,2018.8.31 23:59,,348293.3068,223364.5471,부화업,,7,0,
98,부화업,02_04_04_P,4670000,4.67E+17,2005.1.5,,1,영업/정상,0,정상,,,,,063)451-0268,0,573-851,전라북도 군산시 개정면 통사리 *** ㈜동우,"전라북도 군산시 개정면 우산길 **-**, ㈜동우",54066,(주)동우팜투테이블 개정부화장,2023.5.12 11:28,U,2023.5.14 2:40,,182069.9607,271516.0587,부화업,,4,L00,0
99,부화업,02_04_04_P,4740000,4.74E+17,1994.8.10,,1,영업/정상,0,정상,,,,,322-5246,0,568-802,전라북도 무주군 무주읍 읍내리 ****-*번지,전라북도 무주군 무주읍 내도로 ***-**,55506,무주부화장,2011.10.30 15:57,I,2018.8.31 23:59,,258409.9174,281894.3244,부화업,,5,0,
100,부화업,02_04_04_P,5470000,5.47E+17,2013.2.22,,1,영업/정상,0,정상,,,,,,,670-881,경상남도 거창군 남상면 임불리 ****번지,경상남도 거창군 남상면 월행로 ***-***,50150,농업회사법인 (주) 제이디팜 거창지점,2020.1.16 10:39,U,2020.1.18 2:40,,288675.8908,235718.8995,부화업,,1755,0,
101,부화업,02_04_04_P,4490000,4.49E+17,2019.11.8,,1,영업/정상,0,정상,,,,,041-567-5288,,31259,충청남도 천안시 동남구 동면 죽계리 ***-*번지 농업법인(주)사조원천안부화장,"충청남도 천안시 동남구 동면 죽계리*길 **, 농업법인(주)사조원천안부화장",31259,농업법인(주)사조원,2019.11.8 15:01,I,2019.11.10 0:23,,233270.0452,365845.4106,부화업,,1507,L00,
102,부화업,02_04_04_P,5700000,5.7E+17,2022.2.10,,1,영업/정상,0,정상,,,,,,,12647,경기도 여주시 세종대왕면 마래리 ***,경기도 여주시 세종대왕면 양화로 ***-**,12647,신애메추리,2022.2.10 15:31,I,2022.2.12 0:22,,249378.2189,417679.4704,부화업,,1446,0,0
103,부화업,02_04_04_P,5130000,5.13E+17,2022.4.6,,1,영업/정상,0,정상,,,,,,,38479,경상북도 경산시 진량읍 아사리 ***-*,경상북도 경산시 진량읍 금박로 ***,38479,농업회사법인 에이원 주식회사,2022.4.6 11:44,I,2022.4.8 0:22,,367711.9194,265215.6152,부화업,,1643,L00,0
104,부화업,02_04_04_P,4950000,4.95E+17,2000.6.3,,1,영업/정상,0,정상,,,,,,0,534-821,전라남도 무안군 삼향읍 용포리 ***-**번지,전라남도 무안군 삼향읍 오룡산로 ***-*,58563,현대부화장,2018.7.27 9:47,I,2018.8.31 23:59,,152430.7002,147677.1506,부화업,,5,0,
105,부화업,02_04_04_P,4950000,4.95E+17,2002.10.30,,1,영업/정상,0,정상,,,,,,0,534-834,전라남도 무안군 청계면 청계리 ***번지,전라남도 무안군 청계면 학유정길 **-**,58556,청계부화장,2017.10.20 14:56,I,2018.8.31 23:59,,147373.6791,154771.6273,부화업,,6,0,
106,부화업,02_04_04_P,4950000,4.95E+17,2014.4.10,,1,영업/정상,0,정상,,,,,,,534-813,"전라남도 무안군 몽탄면 청용리 * ((*,*,**-*,**-*)",전라남도 무안군 몽탄면 몽탄로 ****-**,58549,삼신부화장,2020.11.27 15:58,U,2020.11.29 2:40,,154863.3558,156295.4834,부화업,,2221,0,
107,부화업,02_04_04_P,4950000,4.95E+17,2017.2.20,,1,영업/정상,0,정상,,,,,,,58504,전라남도 무안군 해제면 용학리 ***-*** 주*동,전라남도 무안군 해제면 해제지도로 ***-**,58504,친환경양계영농조합법인,2020.10.22 11:17,U,2020.10.24 2:40,,137287.7068,176604.407,부화업,,2324,L00,
108,부화업,02_04_04_P,4910000,4.91E+17,2012.3.29,,1,영업/정상,0,정상,,,,,061-864-5233,,529-851,전라남도 장흥군 안양면 당암리 *번지,전라남도 장흥군 안양면 고당월계길 ***,59338,농업회사법인한국원종오리(유),2015.5.14 9:44,I,2018.8.31 23:59,,198477.0865,130049.8894,부화업,,1459,L00,
109,부화업,02_04_04_P,4960000,4.96E+17,2017.10.10,,1,영업/정상,0,정상,,,,,,,57131,전라남도 함평군 나산면 송암리 *번지,전라남도 함평군 나산면 월암로 ****-**,57131,송암부화장,2017.11.20 10:16,I,2018.8.31 23:59,,168072.2863,179707.9301,부화업,,2144,0,
110,부화업,02_04_04_P,4960000,4.96E+17,2007.5.23,,1,영업/정상,0,정상,,,,,,0,525-881,전라남도 함평군 월야면 예덕리 ***-**번지,전라남도 함평군 월야면 문화로 ****-**,57121,대화오리부화장,2016.3.15 10:33,I,2018.8.31 23:59,,164773.3993,190608.1093,부화업,,547,0,
111,부화업,02_04_04_P,4960000,4.96E+17,2007.6.13,,1,영업/정상,0,정상,,,,,,0,525-883,전라남도 함평군 월야면 용정리 **-*번지,전라남도 함평군 월야면 해보만년길 ***-**,,대성농장,2016.8.17 11:15,I,2018.8.31 23:59,,163229.2575,188746.0308,부화업,,556,0,
112,부화업,02_04_04_P,4960000,4.96E+17,2018.9.20,,1,영업/정상,0,정상,,,,,,0,525-873,전라남도 함평군 월야면 외치리 ***-*번지,전라남도 함평군 해보면 해삼로 ***-*,,부러나 부화장,2018.9.20 15:53,U,2018.9.20 23:59,,163982.2128,188524.2907,부화업,,585,0,
113,부화업,02_04_04_P,4960000,4.96E+17,2011.1.6,,1,영업/정상,0,정상,,,,,323-4570,0,525-811,전라남도 함평군 학교면 마산리 ***-*번지 외 *필지,전라남도 함평군 학교면 학교신평길 **-** (외 *필지),,농업회사법인(유)누리플러스,2020.6.2 11:01,U,2020.6.4 2:40,,159378.2149,173098.1062,부화업,,1649,L00,
114,부화업,02_04_04_P,4960000,4.96E+17,2012.4.6,,1,영업/정상,0,정상,,,,,,,525-832,전라남도 함평군 대동면 금산리 ***-**,전라남도 함평군 대동면 벽류길 **,57135,농업회사법인 하느리농원주식회사,2022.9.15 16:14,U,2022.9.17 2:40,,153641.0706,180069.4337,부화업,,1832,L00,0
115,부화업,02_04_04_P,4960000,4.96E+17,2012.4.6,,1,영업/정상,0,정상,,,,,,,525-873,전라남도 함평군 해보면 문장리 ***-*번지,전라남도 함평군 해보면 밀재로 ****-*,57117,농업회사법인(주)다솔,2018.7.24 17:36,I,2018.8.31 23:59,,164971.1556,186632.7961,부화업,,1833,L00,
116,부화업,02_04_04_P,4960000,4.96E+17,2017.8.17,,1,영업/정상,0,정상,,,,,,,,전라남도 함평군 대동면 금산리 ***-**번지,전라남도 함평군 대동면 벽류길 **-*,,함평 부화장,2017.8.17 12:17,I,2018.8.31 23:59,,153641.0706,180069.4337,부화업,,2142,0,
117,부화업,02_04_04_P,4880000,4.88E+17,2012.8.20,,1,영업/정상,0,정상,,,,,062-713-5251,,548-841,"전라남도 고흥군 남양면 침교리 *** **-*,**-*,**-*,**,**,**-*,**-*","전라남도 고흥군 남양면 남양로 ***-**, **-*,**-*,**-*,**,**,**-*,**-*",59505,고흥부화장,2023.3.3 11:05,U,2023.3.5 2:40,,232100.8667,139526.0656,부화업,,2505,L00,0
118,부화업,02_04_04_P,4950000,4.95E+17,2007.4.30,,1,영업/정상,0,정상,,,,,,0,534-833,전라남도 무안군 청계면 청수리 ***-*,전라남도 무안군 청계면 남청길 **-**,58541,가람부화장,2022.12.6 11:44,U,2022.12.8 2:40,,147749.9917,161434.6571,부화업,,731,0,0
119,부화업,02_04_04_P,4950000,4.95E+17,2007.12.24,,1,영업/정상,0,정상,,,,,,0,534-844,"전라남도 무안군 현경면 현화리 **번지 , **번지 *호",전라남도 무안군 현경면 장군로 ***-*,58514,은수네 부화장,2012.2.17 10:14,I,2018.8.31 23:59,,149669.1238,172175.7275,부화업,,881,0,
120,부화업,02_04_04_P,4980000,4.98E+17,2004.6.15,,1,영업/정상,0,정상,,,,,394-0052,0,515-881,전라남도 장성군 삼서면 석마리 산 **,,,영성오리농장,2021.4.7 10:57,U,2021.4.9 2:40,,,,부화업,,7,0,
121,부화업,02_04_04_P,4980000,4.98E+17,2010.1.22,,1,영업/정상,0,정상,,,,,,0,515-872,전라남도 장성군 삼계면 발산리 ***-*번지,전라남도 장성군 삼계면 함장로 ****,,갑오농산,2010.1.22 11:58,I,2018.8.31 23:59,,171242.22,196563.3989,부화업,,604,0,
122,부화업,02_04_04_P,4850000,4.85E+17,2005.5.21,,1,영업/정상,0,정상,,,,,,0,517-913,전라남도 담양군 수북면 두정리 ***-*,전라남도 담양군 수북면 대방두정길 ***-**,,유림부화장,2021.10.20 17:23,U,2021.10.22 2:40,,193806.0153,202435.6044,부화업,,63,0,0
123,부화업,02_04_04_P,4830000,4.83E+17,1995.1.16,,1,영업/정상,0,정상,,,,,335-7290,0,520-891,전라남도 나주시 공산면 가송리 ***번지,전라남도 나주시 공산면 가송로 ***-**,,화이트덕영농조합법인부화장,2008.6.10 11:29,I,2018.8.31 23:59,,161285.5215,161910.2367,부화업,,33,L00,
124,부화업,02_04_04_P,4940000,4.94E+17,2006.1.17,,1,영업/정상,0,정상,,,,,,0,526-812,전라남도 영암군 신북면 유곡리 ***-*번지,전라남도 영암군 신북면 닭실길 **,58401,신북부화장,2019.10.28 18:08,U,2019.10.30 2:40,,171232.3135,155961.1044,부화업,,552,0,
125,부화업,02_04_04_P,4940000,4.94E+17,2007.6.4,,1,영업/정상,0,정상,,,,,,0,526-821,전라남도 목포시 달동 ***-**,,,진성축산,2021.9.23 14:59,U,2021.9.25 2:40,,,,부화업,,621,L00,0
126,부화업,02_04_04_P,4830000,4.83E+17,2005.5.24,,1,영업/정상,0,정상,,,,,061-337-0411,0,520-912,전라남도 나주시 동강면 대전리 ***번지,전라남도 나주시 동강면 대장길 **-**,,윤태농원,2014.11.13 10:07,I,2018.8.31 23:59,,159119.6319,156525.7756,부화업,,193,0,
127,부화업,02_04_04_P,4830000,4.83E+17,2008.6.5,,1,영업/정상,0,정상,,,,,,0,520-923,전라남도 나주시 노안면 영평리,"전라남도 나주시 노안면 금안*길 ** (외*필지(***,,***-*,산**-*,산**-*))",58210,다복솔부화장,2015.4.7 18:22,I,2018.8.31 23:59,,,,부화업,,1465,0,
128,부화업,02_04_04_P,4830000,4.83E+17,2008.6.5,,1,영업/정상,0,정상,,,,,,0,520-912,전라남도 나주시 동강면 장동리 ****-*번지,,,경주부화장,2013.11.26 14:35,I,2018.8.31 23:59,,158387.9437,155625.2547,부화업,,1466,0,
129,부화업,02_04_04_P,4830000,4.83E+17,2009.5.6,,1,영업/정상,0,정상,,,,,,0,520-912,전라남도 나주시 동강면 장동리 ***번지,전라남도 나주시 동강면 수문길 **,,행운부화장,2013.11.1 11:13,I,2018.8.31 23:59,,160039.6826,157842.5991,부화업,,1991,0,
130,부화업,02_04_04_P,4830000,4.83E+17,2010.7.7,,1,영업/정상,0,정상,,,,,,0,520-811,전라남도 나주시 노안면 오정리 ***-*번지,전라남도 나주시 노안면 오정길 ***-**,,노안부화농장,2013.9.29 10:04,I,2018.8.31 23:59,,171906.4983,177666.6248,부화업,,2111,0,
131,부화업,02_04_04_P,4830000,4.83E+17,2011.6.29,,1,영업/정상,0,정상,,,,,,,520-933,전라남도 나주시 다시면 문동리 ***번지,전라남도 나주시 다시면 석관로 ***-**,,선경부화장,2011.6.29 15:37,I,2018.8.31 23:59,,164571.4119,166007.6678,부화업,,2255,0,
132,부화업,02_04_04_P,4830000,4.83E+17,2011.8.3,,1,영업/정상,0,정상,,,,,,,520-873,전라남도 나주시 세지면 성산리 ***-*번지,,,석정오리,2018.4.11 21:20,I,2018.8.31 23:59,,174857.5462,155967.5645,부화업,,2268,0,
133,부화업,02_04_04_P,4830000,4.83E+17,2015.4.8,,1,영업/정상,0,정상,,,,,,,520-923,,전라남도 나주시 반남면 금지로 ***-* (번지외 **필지),58302,다복솔부화장,2015.4.8 9:58,I,2018.8.31 23:59,,166677.6871,155531.8981,부화업,,3176,0,
134,부화업,02_04_04_P,4900000,4.9E+17,2013.3.14,,1,영업/정상,0,정상,,,,,061-379-2104,0,519-893,전라남도 화순군 사평면 벽송리 ***-*,전라남도 화순군 사평면 사호로 **-*,58144,인백팜(주) 화순부화장,2023.2.3 16:01,U,2023.2.5 2:40,,207208.6724,168197.693,부화업,,432,L00,0
135,부화업,02_04_04_P,4900000,4.9E+17,2011.3.28,,1,영업/정상,0,정상,,,,,061-375-3003,0,519-822,"전라남도 화순군 한천면 동가리 ***-*번지 (***-*, ***-*)",,,화순우리맛닭영농조합법인,2011.3.28 15:49,I,2018.8.31 23:59,,205613.8528,163125.7717,부화업,,535,L00,
136,부화업,02_04_04_P,4900000,4.9E+17,2018.2.28,,1,영업/정상,0,정상,,,,,,,58161,전라남도 화순군 청풍면 세청리 ***-*번지 외 *필지,전라남도 화순군 청풍면 차풍로 ***-*,58161,블랙팜영농조합법인,2018.2.28 16:53,I,2018.8.31 23:59,,197664.474,153994.2037,부화업,,1219,L00,
137,부화업,02_04_04_P,6510000,6.51E+17,2009.1.29,,1,영업/정상,0,정상,,,,2022.1.19,784-6446,0,690-971,제주특별자치도 제주시 구좌읍 김녕리 ****,제주특별자치도 제주시 구좌읍 일주동로 ****-*,,한라육계영농조합법인김녕부화장,2022.1.19 16:38,U,2022.1.21 2:40,,174511.8899,6472.334264,부화업,,608,L00,0
138,부화업,02_04_04_P,6510000,6.51E+17,2009.3.3,,1,영업/정상,0,정상,,,,,064-784-6681,0,690-979,제주특별자치도 제주시 구좌읍 한동리 ****-*,제주특별자치도 제주시 구좌읍 비자림로동*길 **-***,63350,농업회사법인(주)한라씨에프엔 비자림부화장,2022.8.30 10:15,U,2022.9.1 2:40,,182465.3288,620.4370886,부화업,,623,L00,0
139,부화업,02_04_04_P,6510000,6.51E+17,2011.1.24,,1,영업/정상,0,정상,,,,,,0,690-062,제주특별자치도 제주시 조천읍 조천리 ****번지,제주특별자치도 제주시 조천읍 조와로*길 **,63335,나비부화장,2011.10.30 14:02,I,2018.8.31 23:59,,165856.6081,3157.423677,부화업,,705,0,
140,부화업,02_04_04_P,6510000,6.51E+17,2017.12.20,,1,영업/정상,0,정상,,,,,,,63065,제주특별자치도 제주시 애월읍 고성리 ***번지,제주특별자치도 제주시 애월읍 고성남길 **-*,63065,복전농장,2017.12.20 11:51,I,2018.8.31 23:59,,146381.6278,-6725.049657,부화업,,838,0,
141,부화업,02_04_04_P,5390000,5.39E+17,2020.3.3,,1,영업/정상,0,정상,,,,,,,52160,경상남도 의령군 화정면 상일리 ***-*번지,경상남도 의령군 화정면 화정로 ***-**,52160,의령왕메추리영농조합법인,2020.3.3 8:53,I,2020.3.5 0:23,,311491.781,196672.9372,부화업,,576,L00,
142,부화업,02_04_04_P,4510000,4.51E+17,2020.3.12,,1,영업/정상,0,정상,,,,,041-641-2181,,33419,충청남도 보령시 청소면 재정리 ***-**,충청남도 보령시 청소면 충서로 ****,33419,(주)농업회사법인삼화원종 재정부화장,2021.9.27 10:56,U,2021.9.29 2:40,,,,부화업,,1831,L00,0
143,부화업,02_04_04_P,4390000,4.39E+17,2020.2.12,,1,영업/정상,0,정상,,,,,,,27305,"충청북도 충주시 소태면 주치리 ***-*번지 ***-*, ***-*",충청북도 충주시 소태면 야촌안골길 **-**,27305,황실 토종닭,2020.2.12 15:12,I,2020.2.14 0:23,,276994.2295,406289.1264,부화업,,1550,0,
144,부화업,02_04_04_P,5530000,5.53E+17,1989.5.15,,1,영업/정상,0,정상,,,,,,0,445-932,경기도 화성시 양감면 사창리 **-*,경기도 화성시 양감면 초록로 ***-**,18627,신영농원,2019.7.17 13:11,I,2020.8.5 0:23,,197692.6903,400254.9958,부화업,,34,0,
145,부화업,02_04_04_P,5530000,5.53E+17,1992.8.28,,1,영업/정상,0,정상,,,,,,0,445-953,경기도 화성시 우정읍 화산리 ***,경기도 화성시 우정읍 한말길 ***,18569,화산부화장,2017.12.13 11:25,I,2020.8.5 0:23,,181348.2001,396669.4202,부화업,,584,0,
146,부화업,02_04_04_P,5350000,5.35E+17,1992.12.7,,1,영업/정상,0,정상,,,,,,0,621-823,경상남도 김해시 생림면 봉림리 ***-*,경상남도 김해시 생림면 생림대로***번길 **,50800,신진BHB,2020.11.6 8:12,U,2020.11.8 2:40,,368114.6372,206324.5221,부화업,,2,0,
147,부화업,02_04_04_P,4680000,4.68E+17,1996.6.11,,1,영업/정상,0,정상,,,,,861-1882,0,570-890,전라북도 익산시 낭산면 삼담리 **-** 낭산부화장,"전라북도 익산시 낭산면 진북로 ***-*, 낭산부화장",54521,(주)하림 낭산부화장,2022.7.13 17:07,U,2022.7.15 2:40,,202425.7785,286846.4213,부화업,,10,L00,0
148,부화업,02_04_04_P,4680000,4.68E+17,1996.6.13,,1,영업/정상,0,정상,,,,,,0,570-820,전라북도 익산시 망성면 어량리 ***-*,전라북도 익산시 삼기면 미륵사지로 *** (㈜하림),54524,(주)하림 삼기부화장,2022.9.20 16:08,U,2022.9.22 2:40,,202511.7978,289338.5192,부화업,,11,L00,0
149,부화업,02_04_04_P,4830000,4.83E+17,2002.4.4,,1,영업/정상,0,정상,,,,,,0,520-911,전라남도 나주시 동강면 옥정리 ****-** 외 *필지,전라남도 나주시 동강면 옥정로 *** (외 *필지),58294,농업회사법인(유) 평화농장,2022.9.23 14:47,U,2022.9.25 2:40,,156187.9131,158219.2979,부화업,,32,L00,0
150,부화업,02_04_04_P,4680000,4.68E+17,2003.7.10,,1,영업/정상,0,정상,,,,,,0,570-870,전라북도 익산시 용동면 대조리 ***-**번지,전라북도 익산시 용동면 용동로 ***-*,54513,대원,2014.10.14 9:51,I,2018.8.31 23:59,,199926.9304,289722.2267,부화업,,15,0,
151,부화업,02_04_04_P,4680000,4.68E+17,2003.5.19,,1,영업/정상,0,정상,,,,,063-851-4002,0,570-840,전라북도 익산시 모현동*가 **** 우림부화장,"전라북도 익산시 함라면 함라로 ***, 우림부화장",54503,농업회사법인(주)사조원 익산부화장,2022.11.24 14:42,U,2022.11.26 2:40,,190620.0269,282148.4898,부화업,,16,L00,0
152,부화업,02_04_04_P,4680000,4.68E+17,2007.1.24,,1,영업/정상,0,정상,,,,,,0,570-811,전라북도 익산시 황등면 율촌리 ***-*,"전라북도 익산시 황등면 율촌*길 **, (율촌리 ***-*,-*,-*,-*)",54531,비젼부화장,2021.2.3 16:53,U,2021.2.5 2:40,,195753.7851,278780.1516,부화업,,993,0,
153,부화업,02_04_04_P,4680000,4.68E+17,2007.3.12,,1,영업/정상,0,정상,,,,,,0,570-872,전라북도 익산시 황등면 율촌리 ****-*번지,,,대림부화장,2015.1.2 13:30,I,2018.8.31 23:59,,,,부화업,,1003,0,
154,부화업,02_04_04_P,4680000,4.68E+17,2009.8.24,,1,영업/정상,0,정상,,,,,,0,570-862,전라북도 익산시 용안면 동지산리 ***,전라북도 익산시 용안면 동지산길 **-**,54508,자원부화장,2020.12.14 12:05,U,2020.12.16 2:40,,196474.3313,287990.9033,부화업,,1704,0,
155,부화업,02_04_04_P,4680000,4.68E+17,1991.5.31,,1,영업/정상,0,정상,,,,,,0,570-810,전라북도 익산시 황등면 율촌리 ***-**번지,전라북도 익산시 황등면 율동*길 **-*,54531,영생농장,2017.6.8 13:04,I,2018.8.31 23:59,,195807.8827,279238.0908,부화업,,8,0,
156,부화업,02_04_04_P,4680000,4.68E+17,1995.11.21,,1,영업/정상,0,정상,,,,,,0,570-810,전라북도 익산시 황등면 황등리 ***-**번지,전라북도 익산시 황등면 황등로 ***-*,54532,호남부화장,2014.10.14 9:53,I,2018.8.31 23:59,,194791.2631,279199.4491,부화업,,9,0,
157,부화업,02_04_04_P,4680000,4.68E+17,2000.3.23,,1,영업/정상,0,정상,,,,,,0,570-880,전라북도 익산시 망성면 화산리 ****번지,전라북도 익산시 망성면 화산길 *,,동신부화장,2018.1.3 13:26,I,2018.8.31 23:59,,199927.9476,292607.8853,부화업,,12,0,
158,부화업,02_04_04_P,4940000,4.94E+17,2021.9.23,,1,영업/정상,0,정상,,,,,,,58408,전라남도 목포시 달동 ***-**,전라남도 영암군 덕진면 예향로 ****-**,58408,농업회사법인 주식회사 팜스,2021.9.23 14:57,I,2021.9.25 0:22,,171709.2406,147630.2291,부화업,,1930,L00,0
159,부화업,02_04_04_P,4570000,4.57E+17,2023.1.9,,1,영업/정상,0,정상,,,,,,,33209,충청남도 부여군 남면 회동리 ***-*,충청남도 부여군 남면 희망로 ***,33209,부여부화장,2023.1.9 14:17,I,2023.1.11 0:41,,182513.9643,299686.333,부화업,,2268,L00,0
160,부화업,02_04_04_P,4950000,4.95E+17,2021.6.17,,1,영업/정상,0,정상,,,,,,,58540,전라남도 무안군 청계면 복룡리 ***,전라남도 무안군 청계면 송복길 ***-**,58540,농업회사법인(유)가람축산,2022.12.6 16:45,U,2022.12.8 2:40,,146920.9293,160957.8604,부화업,,2553,L00,0
161,부화업,02_04_04_P,4890000,4.89E+17,2021.4.30,,1,영업/정상,0,정상,,,,,,,,전라남도 보성군 보성읍 옥암리 *** 외 **필지,,,신흥보성부화장,2021.4.30 11:06,I,2021.5.2 0:22,,203752.081,138322.5838,부화업,,1485,0,
162,부화업,02_04_04_P,5410000,5.41E+17,2003.9.23,,1,영업/정상,0,정상,,,,,,0,635-942,경상남도 창녕군 대합면 도개리 ***-*번지,경상남도 창녕군 대합면 평지퇴산로 **-**,50309,해솔,2019.11.11 13:55,U,2019.11.13 2:40,,330353.1516,232399.4806,부화업,,18,L00,
163,부화업,02_04_04_P,4080000,4.08E+17,1991.5.11,,1,영업/정상,0,정상,,,,2020.3.27,,0,456-843,경기도 안성시 미양면 계륵리 ***-*번지,,,HATCHCON 부화장,2020.3.27 13:16,U,2020.3.29 2:40,,222791.0283,386765.3407,부화업,,1171,0,
164,부화업,02_04_04_P,4080000,4.08E+17,1991.6.28,,1,영업/정상,0,정상,,,,,672-0088,0,456-915,경기도 안성시 일죽면 송천리 ***번지,경기도 안성시 일죽면 서동대로 ****,17529,동남부화장,2018.3.26 13:46,I,2018.8.31 23:59,,241730.5566,398894.4549,부화업,,2026,0,
165,부화업,02_04_04_P,4080000,4.08E+17,2012.1.9,,1,영업/정상,0,정상,,,,,681-7400,0,456-826,경기도 안성시 공도읍 진사리 ***-**번지,경기도 안성시 공도읍 승진길 **-**,17563,농업회사법인 (주)양지,2018.9.4 10:19,U,2018.9.4 23:59,,213451.1747,387575.3479,부화업,,1169,L00,
166,부화업,02_04_04_P,4090000,4.09E+17,1999.9.7,,1,영업/정상,0,정상,,,,,989-6653,0,415-855,경기도 김포시 대곶면 송마리 ***,경기도 김포시 대곶면 대곶로***번길 ***,10027,대산부화장,2020.11.5 17:52,U,2020.11.7 2:40,,161294.8716,462266.8538,부화업,,4,0,
167,부화업,02_04_04_P,4080000,4.08E+17,2011.11.2,,1,영업/정상,0,정상,,,,,,,456-842,경기도 안성시 미양면 고지리 ***-*번지,경기도 안성시 미양면 신고지길 ***,17603,다모아부화장,2017.7.14 11:48,I,2018.8.31 23:59,,218476.6852,384558.0136,부화업,,2243,0,
168,부화업,02_04_04_P,4470000,4.47E+17,2020.10.23,,1,영업/정상,0,정상,,,,,043-877-9987,,27643,충청북도 음성군 금왕읍 신평리 ***,충청북도 음성군 금왕읍 청평길 ***-**,27643,농업회사법인(주)에버그린 금왕지점,2021.8.23 16:38,U,2021.8.25 2:40,,248379.6047,387937.5539,부화업,,985,L00,0
169,부화업,02_04_04_P,4140000,4.14E+17,2022.9.19,,1,영업/정상,0,정상,,,,,,,11049,경기도 연천군 백학면 노곡리 **,경기도 연천군 백학면 노곡로***번길 **,11049,(주)대정부화장,2022.9.19 15:24,I,2022.9.21 0:22,,194825.7675,500727.2423,부화업,,1281,L00,0
170,부화업,02_04_04_P,4570000,4.57E+17,2021.2.8,,1,영업/정상,0,정상,,,,,041-837-3347,,33177,충청남도 부여군 석성면 현내리 ***,충청남도 부여군 석성면 석성북로 ***-**,33177,농업회사법인(주)영진,2021.2.8 17:05,I,2021.2.10 0:23,,198809.6602,303723.8084,부화업,,2153,L00,
171,부화업,02_04_04_P,4440000,4.44E+17,2021.3.5,,1,영업/정상,0,정상,,,,,,,29107,충청북도 영동군 용산면 천작리 ***-*,"충청북도 영동군 용산면 천작*길 **, 단독주택",29107,영농조합법인정원농장,2021.3.5 9:07,I,2021.3.7 0:23,,272614.9296,308311.292,부화업,,567,L00,
172,부화업,02_04_04_P,5710000,5.72E+17,2011.12.22,,1,영업/정상,0,정상,,,,,043-715-1233,,363-872,충청북도 청주시 상당구 미원면 운암리 ***번지,,,(주)도원농산,2015.9.24 15:15,I,2018.8.31 23:59,,,,부화업,,1430,L00,
173,부화업,02_04_04_P,5710000,5.735E+17,2007.4.5,,1,영업/정상,0,정상,,,,,,0,363-886,충청북도 청주시 청원구 오창읍 주성리 **번지,,,왕새농장부화장,2008.1.4 18:01,I,2018.8.31 23:59,,,,부화업,,830,0,
174,부화업,02_04_04_P,4480000,4.48E+17,2016.10.14,,1,영업/정상,0,정상,,,,,,,27016,충청북도 단양군 어상천면 덕문곡리 ***-*,충청북도 단양군 어상천면 연곡심곡로 **-**,27016,대신부화장,2021.3.2 13:43,U,2021.3.4 2:40,,318735.5981,397168.3063,부화업,,252,0,
175,부화업,02_04_04_P,4450000,4.45E+17,2007.3.28,,1,영업/정상,0,정상,,,,,,0,365-861,충청북도 진천군 문백면 봉죽리 ***-*,,,원천부화장,2022.5.3 14:30,U,2022.5.5 2:40,,,,부화업,,388,0,0
176,부화업,02_04_04_P,4450000,4.45E+17,2011.3.29,,1,영업/정상,0,정상,,,,,534-7255,0,365-862,충청북도 진천군 문백면 사양리 ***-*번지,충청북도 진천군 문백면 사양*길 **-**,27863,농업회사법인 오비아코리아유한회사,2018.6.27 9:58,I,2018.8.31 23:59,,240863.0629,370151.2712,부화업,,505,L00,
177,부화업,02_04_04_P,4450000,4.45E+17,2018.7.6,,1,영업/정상,0,정상,,,,,,,27846,충청북도 진천군 초평면 중석리 ****번지 에코팜,"충청북도 진천군 초평면 초평로 ***, 에코팜",27846,에코팜,2018.7.6 16:57,I,2018.8.31 23:59,,244079.3044,371963.8769,부화업,,722,0,
178,부화업,02_04_04_P,5690000,5.69E+17,1992.5.7,,1,영업/정상,0,정상,,,,,,1320,,세종특별자치시 장군면 은용리 **-*번지,,,백제부화장,2003.4.10 9:22,I,2018.8.31 23:59,,219038.0265,332259.9952,부화업,,,0,
179,부화업,02_04_04_P,5690000,5.69E+17,2004.6.23,,1,영업/정상,0,정상,,,,,,0,314-913,세종특별자치시 장군면 은용리 **-*,,,백제,2021.12.16 10:18,U,2021.12.18 2:40,,219038.0265,332259.9952,부화업,,3,0,0
180,부화업,02_04_04_P,4470000,4.47E+17,2011.12.6,,1,영업/정상,0,정상,,,,,043-882-5282,,369-823,충청북도 음성군 맹동면 봉현리 ***-*번지,충청북도 음성군 대소면 대동로 ***-**,,(주)정축산,2018.5.2 8:29,I,2018.8.31 23:59,,247297.0861,383129.2604,부화업,,611,L00,
181,부화업,02_04_04_P,4470000,4.47E+17,1997.4.4,,1,영업/정상,0,정상,,,,1997.4.4,,0,,충청북도 음성군 삼성면 용대리 **번지,충청북도 음성군 삼성면 일생로 **-**,,코리아덕주식회사,2003.5.9 16:20,I,2018.8.31 23:59,,246992.0443,394871.5707,부화업,,,0,
182,부화업,02_04_04_P,4470000,4.47E+17,1997.4.4,,1,영업/정상,0,정상,,,,,,0,369-831,충청북도 음성군 삼성면 용대리 **번지,충청북도 음성군 삼성면 일생로 **-**,27647,코리아덕,2019.11.18 13:17,U,2019.11.20 2:40,,246992.0443,394871.5707,부화업,,7,0,
183,부화업,02_04_04_P,4470000,4.47E+17,2008.9.24,,1,영업/정상,0,정상,,,,,,0,369-824,충청북도 음성군 대소면 오류리 ***-**번지 외 **필지,충청북도 음성군 대소면 대금로***번길 *** (외 **필지),,농업회사법인(주)엠에스푸드,2019.11.18 13:22,U,2019.11.20 2:40,,241627.3325,387440.6468,부화업,,486,L00,
184,부화업,02_04_04_P,4470000,4.47E+17,2011.8.1,,1,영업/정상,0,정상,,,,,,,369-831,충청북도 음성군 삼성면 능산리 ***,충청북도 음성군 삼성면 일생로 **-**,27647,한국양계(주),2021.7.20 10:53,U,2021.7.22 2:40,,247321.8386,394596.7123,부화업,,600,L00,0
185,부화업,02_04_04_P,4420000,4.42E+17,2017.3.17,,1,영업/정상,0,정상,,,,,,,28959,**-**번지,충청북도 보은군 탄부면 평각상장로 ***-*,28959,글로비다,2017.7.3 15:20,I,2018.8.31 23:59,,269247.4499,328403.1661,부화업,,1159,L00,
186,부화업,02_04_04_P,3940000,3.94E+17,2005.2.25,,1,영업/정상,0,정상,,,,,031-923-1378,0,411-440,경기도 고양시 일산서구 가좌동 ***-*번지 충청농장,경기도 고양시 일산서구 송포로 *** (가좌동),10208,충청농장,2017.11.17 14:05,I,2018.8.31 23:59,,175702.5997,465737.9224,부화업,,42,0,
187,부화업,02_04_04_P,4680000,4.68E+17,2001.5.3,,1,영업/정상,0,정상,,,,,,0,570-840,전라북도 익산시 용안면 동지산리 ***-*번지,전라북도 익산시 함라면 어등길 *,54502,새빛부화장,2016.12.12 20:07,I,2018.8.31 23:59,,190675.5618,282289.2873,부화업,,14,0,
188,부화업,02_04_04_P,5710000,5.71E+17,2015.6.11,,1,영업/정상,0,정상,,,,,,,363-931,충청북도 청주시 청원구 내수읍 구성리,충청북도 청주시 청원구 내수읍 구성새동네길 **,28153,충청북도동물위생시험소,2018.2.12 11:43,I,2018.8.31 23:59,,245251.8716,354668.6693,부화업,,1937,0,
189,부화업,02_04_04_P,4390000,4.39E+17,2009.10.23,,1,영업/정상,0,정상,,,,,851-9983,0,380-851,충청북도 충주시 소태면 동막리 ***번지,충청북도 충주시 소태면 동막강현길 ***,27308,(주)파인스,2015.11.23 10:09,I,2018.8.31 23:59,,279336.374,400050.2038,부화업,,675,L00,
190,부화업,02_04_04_P,5710000,5.71E+17,2015.7.14,,1,영업/정상,0,정상,,,,,,,361-911,,충청북도 청주시 흥덕구 옥산면 가락*길 **,28113,일월부화장,2015.7.14 15:12,I,2018.8.31 23:59,,234450.1982,352440.6842,부화업,,1946,0,
191,부화업,02_04_04_P,4390000,4.39E+17,1993.7.8,,1,영업/정상,0,정상,,,,,853-9933,4285,380-912,강원도 인제군 인제읍 덕산리 ***,충청북도 충주시 노은면 두리봉길 **-**,27451,해마로농산 부화장,2021.2.24 9:53,U,2021.2.26 2:40,,304485.6964,510366.7574,부화업,,3,L00,
192,부화업,02_04_04_P,5230000,5.23E+17,2021.1.22,,1,영업/정상,0,정상,,,,,043-877-9987,,36809,**** 에버그린(농업회사법인),"경상북도 예천군 감천면 예영로 ****-**, 에버그린(농업회사법인)",36809,농업회사법인 (주)에버그린 예천지점,2021.8.19 9:55,U,2021.8.21 2:40,,338091.4836,360960.3517,부화업,,2627,L00,0
193,부화업,02_04_04_P,5470000,5.47E+17,2022.6.3,,1,영업/정상,0,정상,,,,,,,50115,경상남도 거창군 주상면 도평리 ***-*,경상남도 거창군 주상면 웅양로 ***-**,50115,일영이팜영농조합법인부화장,2022.6.3 9:51,I,2022.6.5 0:22,,282298.3535,249118.1345,부화업,,2144,L00,0
194,부화업,02_04_04_P,4780000,4.78E+17,2022.4.29,,1,영업/정상,0,정상,,,,,,,56457,전라북도 고창군 무장면 옥산리 ****-*,전라북도 고창군 무장면 칠거리로 ***,56457,하림무장부화장,2022.4.29 16:05,I,2022.5.1 0:22,,161824.8187,211457.1492,부화업,,1430,L00,
195,부화업,02_04_04_P,4600000,4.6E+17,2000.12.9,,2,휴업,1,휴업,,2013.11.26,2015.12.31,,,0,350-903,충청남도 홍성군 광천읍 운용리 ***-*번지,충청남도 홍성군 광천읍 홍남동로***번길 ***-**,,주식회사 운용농산,2013.11.29 10:04,I,2018.8.31 23:59,,170538.313,336607.492,부화업,,61,L00,
196,부화업,02_04_04_P,5130000,5.13E+17,1996.11.19,,2,휴업,1,휴업,,2018.12.13,2019.12.13,,,0,766-823,경상북도 경산시 와촌면 소월리 ***번지,경상북도 경산시 와촌면 박사강변로 ***,38411,신영부화장,2018.12.13 15:58,U,2018.12.15 2:40,,364448.2443,275124.7047,부화업,,1417,0,
197,부화업,02_04_04_P,4540000,4.54E+17,2005.2.23,,2,휴업,1,휴업,,2013.12.10,2015.12.31,,742-3311,0,320-833,충청남도 논산시 연무읍 동산리 ***-*번지,충청남도 논산시 연무읍 동안로 ****,,(주)신기,2015.3.12 17:50,I,2018.8.31 23:59,,211126.5645,292065.5144,부화업,,111,L00,
198,부화업,02_04_04_P,5680000,4.63E+17,1997.2.3,,2,휴업,1,휴업,,2021.9.9,2022.9.8,,,0,343-803,충청남도 당진시 읍내동 ***,충청남도 당진시 동산길 ** (사기소동),31789,구룡부화장,2021.9.9 13:25,U,2021.9.11 2:40,,166209.3931,372360.497,부화업,,78,0,0
199,부화업,02_04_04_P,4520000,4.52E+17,2004.6.22,,2,휴업,1,휴업,,2020.2.7,2023.2.5,,,0,336-871,충청남도 아산시 둔포면 운교리 *-*번지,,,성호부화장,2020.2.7 9:05,U,2020.2.9 2:40,,204768.189,379625.6215,부화업,,12,0,
200,부화업,02_04_04_P,4520000,4.52E+17,2012.8.13,,2,휴업,1,휴업,,2020.2.7,2023.2.5,,,,336-871,충청남도 아산시 둔포면 운교리 *-*번지,,,농업회사법인 유한회사 성호,2020.2.7 9:27,U,2020.2.9 2:40,,204768.189,379625.6215,부화업,,1209,L00,
201,부화업,02_04_04_P,4500000,4.5E+17,2004.6.23,,2,휴업,1,휴업,,2013.12.30,2016.12.31,,,0,314-861,충청남도 공주시 우성면 귀산리,충청남도 공주시 우성면 심산길 **-**,32528,귀산,2014.2.19 21:02,I,2018.8.31 23:59,,211241.5335,333094.8816,부화업,,5,0,
202,부화업,02_04_04_P,4500000,4.5E+17,2004.6.23,,2,휴업,1,휴업,,2013.9.12,2017.12.31,,,0,314-861,,충청남도 공주시 우성면 신웅새뜸길 **-**,32528,신웅,2014.2.26 7:40,I,2018.8.31 23:59,,209007.5546,331849.2109,부화업,,6,0,
203,부화업,02_04_04_P,4490000,4.49E+17,2002.12.13,,2,휴업,1,휴업,,2022.11.14,2024.11.13,,041-567-5288,528,330-851,전라북도 김제시 금산면 용산리 ***,충청남도 천안시 동남구 북면 운용*길 **,31062,농업회사법인(주)사조원 천안부화장(북면),2022.11.24 16:50,U,2022.11.26 2:40,,223636.0775,373999.6375,부화업,,13,L00,0
204,부화업,02_04_04_P,4510000,4.51E+17,1999.12.10,,2,휴업,1,휴업,,2022.8.9,2024.8.8,,041-641-8104,468,355-823,충청남도 보령시 청소면 진죽리 ***-*,충청남도 보령시 청소면 청소큰길 ***,33418,(주)농업회사법인삼화원종 청소부화장,2022.8.8 20:59,U,2022.8.10 2:40,,163695.2415,328186.4805,부화업,,24,L00,0
205,부화업,02_04_04_P,4510000,4.51E+17,1999.12.14,,2,휴업,1,휴업,,2005.12.5,2006.12.4,,,468,355-811,충청남도 보령시 천북면 궁포리 ***-*번지,충청남도 보령시 천북면 천궁길 **-**,,농업회사법인(주)삼화육종 장은부화장,2005.12.5 12:58,I,2018.8.31 23:59,,158457.3774,332350.0238,부화업,,25,L00,
206,부화업,02_04_04_P,4510000,4.51E+17,1999.10.11,,2,휴업,1,휴업,,,,,633-2907,347,355-811,충청남도 보령시 천북면 낙동리 ***-**,,,광천부화장,2022.7.4 9:39,U,2022.7.6 2:40,,159485.9354,331590.1617,부화업,,52,0,0
207,부화업,02_04_04_P,5700000,5.7E+17,2014.3.14,,2,휴업,1,휴업,,2021.6.29,2023.6.28,,,,469-811,경기도 여주시 능서면 광대리 ***,경기도 여주시 능서면 월평로 ***-**,12647,농업회사법인(주)사조원 여주부화장,2021.6.29 10:42,U,2021.7.1 2:40,,250363.5543,417618.8511,부화업,,1292,L00,
208,부화업,02_04_04_P,5050000,5.05E+17,1996.11.7,,2,휴업,1,휴업,,2022.1.11,2024.7.1,,774-2888,3146,780-873,경상북도 경주시 천북면 물천리 ***-*,경상북도 경주시 천북면 천북남로 ***-**,38038,경주부화장,2023.6.13 14:41,U,2023.6.15 2:40,,405720.7475,266251.5625,부화업,,6,0,0
209,부화업,02_04_04_P,4710000,4.71E+17,1993.1.12,,2,휴업,1,휴업,,2009.7.24,,,547-3182,277,576-050,전라북도 김제시 옥산동 ***번지,전라북도 김제시 동서*길 *-* (옥산동),54389,삼성부화장,2013.12.31 10:46,I,2018.8.31 23:59,,189340.6314,255330.3003,부화업,,9,0,
210,부화업,02_04_04_P,4070000,4.07E+17,2002.10.10,,2,휴업,1,휴업,,2020.1.1,2023.1.1,,632-2685,0,467-811,경기도 이천시 마장면 이치리 ***-*번지,경기도 이천시 마장면 이장로 ***-*,17385,솔잎,2020.1.17 14:31,U,2020.1.19 2:40,,233530.1616,417938.3699,부화업,,27,0,
211,부화업,02_04_04_P,4050000,5.62E+17,2016.12.7,,2,휴업,1,휴업,,2022.12.15,2023.12.15,,031)8008-6395,,449-882,***-*,경기도 용인시 처인구 남사읍 천덕산로**번길 ***,17118,경기도축산진흥센터,2022.12.15 10:15,U,2023.5.26 8:48,,210406.8629,402805.6231,부화업,,805,L00,0
212,부화업,02_04_04_P,3600000,3.6E+17,1994.12.24,,2,휴업,1,휴업,,2009.2.19,2009.12.31,,374-3649,0,502-157,광주광역시 서구 마륵동 ***번지,,,현대부화장,2009.2.20 15:53,I,2018.8.31 23:59,,185769.7354,182113.8978,부화업,,6,0,
213,부화업,02_04_04_P,5210000,5.21E+17,2005.3.3,,2,휴업,1,휴업,,2023.5.24,2026.5.23,,932-1778,0,719-834,대구광역시 수성구 만촌동 ***,경상북도 성주군 선남면 신부길 **,40046,오성부화장,2023.5.30 14:11,U,2023.6.1 2:40,,348771.4833,265136.2498,부화업,,113,0,0
214,부화업,02_04_04_P,4670000,4.67E+17,2013.8.26,,2,휴업,1,휴업,,2022.10.20,2023.10.20,,063-451-0142,,573-851,전라북도 군산시 나포면 장상리 *** 주식회사 동우,"전라북도 군산시 나포면 서라로 ***, 주식회사 동우",54048,(주)동우팜투테이블 나포부화장,2023.5.11 15:50,U,2023.5.13 2:40,,187339.0806,281075.6776,부화업,,313,L00,0
215,부화업,02_04_04_P,4191000,4.19E+17,1991.4.3,,2,휴업,1,휴업,,2003.12.10,2004.3.31,,033-732-1623,0,,강원특별자치도 원주시 지정면 신평리 ***,,,삼원부화장,2003.12.11 14:08,I,2023.6.13 0:00,,278295.8296,432381.3179,부화업,,0,0,0
216,부화업,02_04_04_P,4800000,4.8E+17,2014.2.21,,2,휴업,1,휴업,,2015.11.24,2016.3.30,,,,530-410,"전라남도 목포시 대양동 ***-*번지 , ***-*",전라남도 목포시 지적로**번길 ** (대양동),58604,삼신부화장,2015.11.24 15:37,I,2018.8.31 23:59,,147667.8063,148619.4505,부화업,,23,0,
217,부화업,02_04_04_P,4920000,4.92E+17,1999.8.31,,2,휴업,1,휴업,,2020.9.11,2023.9.11,,432-2785,10000,527-811,전라남도 강진군 성전면 도림리 ***-*,전라남도 강진군 성전면 신예장등길 **,59206,부성부화장,2020.9.11 13:58,U,2020.9.13 2:40,,174434.0345,130711.5318,부화업,,6,0,
218,부화업,02_04_04_P,4950000,4.95E+17,2008.6.3,,2,휴업,1,휴업,,2014.9.29,2015.9.25,,453-3885,0,534-841,전라남도 무안군 현경면 가입리 산 **-*번지,전라남도 무안군 현경면 가입길 **-**,58509,현경부화장,2014.9.29 10:45,I,2018.8.31 23:59,,139450.0624,176635.4859,부화업,,1138,0,
219,부화업,02_04_04_P,4950000,4.95E+17,2014.4.10,,2,휴업,1,휴업,,2018.1.24,2018.4.30,,,,534-801,전라남도 무안군 무안읍 교촌리 ****번지,,,화설농장,2018.1.24 10:09,I,2018.8.31 23:59,,,,부화업,,2220,0,
220,부화업,02_04_04_P,4960000,4.96E+17,2004.8.19,,2,휴업,1,휴업,,2023.1.18,2099.1.1,,,0,525-882,전라남도 함평군 월야면 외치리 ***,전라남도 함평군 월야면 밀재로 ****-**,,쌍둥이부화장,2023.1.18 10:23,U,2023.1.20 2:40,,168911.1217,185414.4659,부화업,,7,0,0
221,부화업,02_04_04_P,4850000,4.85E+17,2000.7.12,,2,휴업,1,휴업,,2002.3.2,2003.3.3,,,0,,전라남도 담양군 금성면 원율리 ***번지,전라남도 담양군 금성면 오평길 **-*,,광주부화장,2002.10.17 10:36,I,2018.8.31 23:59,,202607.3368,205723.7759,부화업,,,0,
222,부화업,02_04_04_P,4830000,4.83E+17,2007.9.14,,2,휴업,1,휴업,,2013.10.16,2015.10.15,,061-335-5233,0,520-883,전라남도 나주시 왕곡면 송죽리 ***-*번지,,,인원부화장,2013.10.16 16:45,I,2018.8.31 23:59,,165072.6165,161801.1205,부화업,,1327,0,
223,부화업,02_04_04_P,3360000,3.36E+17,1999.4.8,,2,휴업,1,휴업,,2023.6.12,2023.12.31,,,966,618-804,부산광역시 강서구 대저*동 ***-*,부산광역시 강서구 입소정관길 *** (대저*동),46713,"한신부화장(공동명의 서정준, 서광수)",2023.7.6 10:18,U,2023.7.8 2:40,,375194.1465,186987.44,부화업,,2,0,0
224,부화업,02_04_04_P,5530000,5.53E+17,1991.4.12,,2,휴업,1,휴업,,1998.1.28,,,,0,445-913,경기도 화성시 팔탄면 율암리 산 **-**,,,대도부화장,2006.11.16 14:54,I,2020.8.5 0:23,,,,부화업,,1417,0,
225,부화업,02_04_04_P,5470000,5.47E+17,1993.2.2,,2,휴업,1,휴업,,2017.12.29,2019.12.28,,943-6036,136,670-852,경상남도 거창군 위천면 남산리 ***번지,경상남도 거창군 위천면 가현길 ***-**,50103,금곡부화장,2017.12.29 11:19,I,2018.8.31 23:59,,274794.1603,248218.2093,부화업,,3,0,
226,부화업,02_04_04_P,5050000,5.05E+17,2018.8.31,,2,휴업,1,휴업,,2022.8.22,2023.8.21,,,,,경상북도 경주시 산내면 우라리 산 ***,경상북도 경주시 산내면 가라골길 *-**,38184,산골농장,2022.8.22 18:41,U,2022.8.24 2:40,,383730.5922,261236.3572,부화업,,5404,0,0
227,부화업,02_04_04_P,4680000,4.68E+17,2000.11.2,,2,휴업,1,휴업,,2022.9.28,2025.9.28,,,0,570-210,전라북도 익산시 어양동 ***,전라북도 익산시 어곳*길 **-* (어양동),,성원,2022.9.28 16:42,U,2022.9.30 2:40,,197939.1053,274348.4271,부화업,,13,0,0
228,부화업,02_04_04_P,4080000,4.08E+17,2003.12.25,,2,휴업,1,휴업,,2017.7.15,2020.7.14,,,495,456-842,경기도 안성시 미양면 강덕리 **-*,경기도 안성시 미양면 강덕*길 **-**,,황아부화장,2020.12.28 22:11,U,2020.12.30 2:40,,220215.5241,383730.8844,부화업,,1172,0,
229,부화업,02_04_04_P,5710000,5.725E+17,1994.11.22,,2,휴업,1,휴업,,2008.6.20,2009.6.18,,269-4732,0,363-812,충청북도 청주시 서원구 남이면 갈원리 ***-*번지,충청북도 청주시 서원구 남이면 갈원산막길 *,,금정부화장,2008.6.20 17:37,I,2018.8.31 23:59,,235885.0321,340780.3659,부화업,,3,0,
230,부화업,02_04_04_P,5710000,5.73E+17,1995.2.15,,2,휴업,1,휴업,,2007.9.4,,,232-9190,0,363-912,충청북도 청주시 흥덕구 옥산면 장남리 ***번지,충청북도 청주시 흥덕구 옥산면 장남길 **-*,,옥산부화장,2015.7.22 11:31,I,2018.8.31 23:59,,231743.2782,355892.6158,부화업,,4,0,
231,부화업,02_04_04_P,4420000,4.42E+17,2010.4.5,,2,휴업,1,휴업,,2015.4.2,2016.4.1,,,0,376-832,충청북도 보은군 탄부면 대양리 *-*번지,충청북도 보은군 탄부면 대양길 ***-**,28962,푸른부화장,2015.4.2 13:42,I,2018.8.31 23:59,,272368.2919,324590.6042,부화업,,726,L00,
232,부화업,02_04_04_P,4610000,4.61E+17,2013.6.4,,3,폐업,2,폐업,2015.1.21,,,,,,340-935,충청남도 예산군 고덕면 상궁리 ***-*번지,,,(주)마니커,2015.1.21 9:28,I,2018.8.31 23:59,,177648.2391,362531.0038,부화업,,1914,L00,
233,부화업,02_04_04_P,4610000,4.61E+17,2015.1.21,,3,폐업,2,폐업,2021.12.30,,,,339-6022,,340-935,***-*,,,성화식품예산부화자,2022.1.6 15:45,U,2022.1.8 2:40,,,,부화업,,2312,L00,0
234,부화업,02_04_04_P,4600000,4.6E+17,2010.11.5,,3,폐업,2,폐업,2011.3.21,,,,,0,350-842,충청남도 홍성군 구항면 오봉리 ***-*번지 외 *필지(관련지번***),충청남도 홍성군 구항면 구성북로 ***-**,32213,희망부화장,2011.10.30 13:36,I,2018.8.31 23:59,,164585.0738,344461.4136,부화업,,3163,0,
235,부화업,02_04_04_P,4600000,4.6E+17,2011.3.21,,3,폐업,2,폐업,2012.4.13,,,,,0,350-842,충청남도 홍성군 구항면 오봉리 ***번지 외 *,충청남도 홍성군 구항면 구성북로 ***-** (외 *),,유일부화장,2012.4.16 9:29,I,2018.8.31 23:59,,164573.5491,344507.5524,부화업,,3186,0,
236,부화업,02_04_04_P,4430000,4.43E+17,1990.9.5,,3,폐업,2,폐업,2009.10.9,,,,043-542-7074,62680,373-813,충청북도 옥천군 안내면 오덕리 *-*번지,,,옥천농장,2009.10.9 15:42,I,2018.8.31 23:59,,,,부화업,,4,0,
237,부화업,02_04_04_P,3450000,3.45E+17,2008.4.14,,3,폐업,2,폐업,2021.3.31,,,,,0,702-230,대구광역시 북구 도남동 ***-*,대구광역시 북구 도남길 ***-** (도남동),,배수미농가,2021.3.31 16:44,U,2021.4.2 2:40,,343325.6645,274775.403,부화업,,129,0,
238,부화업,02_04_04_P,5130000,5.13E+17,2007.4.6,,3,폐업,2,폐업,2022.4.5,,,,,0,712-834,경상북도 경산시 진량읍 아사리 ***-*,경상북도 경산시 진량읍 금박로 ***,38479,농업회사법인비에이치주식회사,2022.4.5 18:21,U,2022.4.7 2:40,,367711.9194,265215.6152,부화업,,503,L00,0
239,부화업,02_04_04_P,5060000,5.06E+17,1999.9.1,,3,폐업,2,폐업,2004.3.8,,,,,7948,740-822,경상북도 김천시 봉산면 인의리 ***-*번지,,,삼우축산부화장,2004.4.7 9:46,I,2018.8.31 23:59,,295284.7021,295884.8235,부화업,,1,0,
240,부화업,02_04_04_P,5680000,4.63E+17,1991.3.15,,3,폐업,2,폐업,2009.7.10,,,,,0,343-820,충청남도 당진시 송악읍 기지시리 ***-*번지,,,효동부화장,2009.7.20 16:38,I,2018.8.31 23:59,,,,부화업,,24,0,
241,부화업,02_04_04_P,4540000,4.54E+17,2004.6.22,,3,폐업,2,폐업,2009.12.8,,,,,0,320-871,충청남도 논산시 연산면 덕암리 ***-*번지,충청남도 논산시 연산면 선비로 ***,,만수부화장,2009.12.8 16:42,I,2018.8.31 23:59,,216205.232,303978.0149,부화업,,12,0,
242,부화업,02_04_04_P,4540000,4.54E+17,2004.6.22,,3,폐업,2,폐업,2009.6.16,,,,735-0844,0,320-872,충청남도 논산시 연산면 신양리 ***번지,,,신광부화장,2009.6.16 17:40,I,2018.8.31 23:59,,219878.3522,299719.3643,부화업,,13,0,
243,부화업,02_04_04_P,4540000,4.54E+17,2004.6.22,,3,폐업,2,폐업,2013.12.17,,,,741-4094,0,320-812,충청남도 논산시 채운면 심암리 **번지,,,채연부화장,2013.12.24 15:58,I,2018.8.31 23:59,,207440.3017,293832.6147,부화업,,14,0,
244,부화업,02_04_04_P,4540000,4.54E+17,2005.4.27,,3,폐업,2,폐업,2011.9.7,,,,041-742-1650,0,320-833,"충청남도 논산시 연무읍 동산리 ***-*번지 ,산***-*","충청남도 논산시 연무읍 동안로 **** (,산***-*)",,대경부화장,2011.9.14 17:22,I,2018.8.31 23:59,,211200.1767,292013.7771,부화업,,343,L00,
245,부화업,02_04_04_P,4540000,4.54E+17,2009.12.15,,3,폐업,2,폐업,2013.11.23,,,,,0,320-871,충청남도 논산시 연산면 덕암리 ***-*번지,충청남도 논산시 연산면 선비로 ***,32912,계룡부화장,2016.11.25 13:20,I,2018.8.31 23:59,,216205.232,303978.0149,부화업,,880,0,
246,부화업,02_04_04_P,4530000,4.53E+17,2002.4.15,,3,폐업,2,폐업,2018.9.21,,,,662-3809,0,356-882,충청남도 서산시 인지면 애정리 ***번지,,,신영부화장,2018.9.21 17:26,U,2018.9.21 23:59,,,,부화업,,12,0,
247,부화업,02_04_04_P,4540000,4.54E+17,1982.9.20,,3,폐업,2,폐업,2005.1.27,,,,741-5557,0,320-833,충청남도 논산시 연무읍 동산리 ***번지,,,(주)신기부화장,2005.1.27 13:31,I,2018.8.31 23:59,,,,부화업,,6,0,
248,부화업,02_04_04_P,4540000,4.54E+17,1985.12.24,,3,폐업,2,폐업,2004.11.17,,,,733-6111,0,320-871,충청남도 논산시 연산면 표정리 ***번지,충청남도 논산시 연산면 선비로 ***-**,,익산부화장,2004.11.17 10:44,I,2018.8.31 23:59,,216666.1483,302794.1177,부화업,,8,0,
249,부화업,02_04_04_P,4540000,4.54E+17,1989.2.24,,3,폐업,2,폐업,1989.2.25,,,,741-4094,0,320-812,충청남도 논산시 채운면 심암리 **번지,,,채연부화장,2005.8.22 18:14,I,2018.8.31 23:59,,207440.3017,293832.6147,부화업,,450,0,
250,부화업,02_04_04_P,4540000,4.54E+17,1992.2.28,,3,폐업,2,폐업,1992.2.29,,,,735-0844,0,320-872,충청남도 논산시 연산면 신양리 ***번지,,,신광부화장,2005.8.22 18:24,I,2018.8.31 23:59,,219878.3522,299719.3643,부화업,,451,0,
251,부화업,02_04_04_P,4540000,4.54E+17,1994.1.26,,3,폐업,2,폐업,1995.1.26,,,,733-6111,0,320-871,충청남도 논산시 연산면 덕암리 ***-*번지,,,벧엘부화장,2005.8.22 18:29,I,2018.8.31 23:59,,,,부화업,,452,0,
252,부화업,02_04_04_P,4540000,4.54E+17,1994.1.26,,3,폐업,2,폐업,2006.10.9,,,,735-0707,0,320-873,충청남도 논산시 연산면 화악리 ***번지,충청남도 논산시 연산면 화악*길 **-*,,(주)지산농원,2006.10.9 11:23,I,2018.8.31 23:59,,219946.1896,305634.228,부화업,,7,L00,
253,부화업,02_04_04_P,4520000,4.52E+17,2004.6.22,,3,폐업,2,폐업,2008.11.6,,,,,0,336-822,충청남도 아산시 영인면 창용리 **번지,충청남도 아산시 영인면 아산호로 ***-**,,진일부화장,2008.11.6 11:58,I,2018.8.31 23:59,,198201.4541,379091.4788,부화업,,11,0,
254,부화업,02_04_04_P,4520000,4.52E+17,2003.2.18,,3,폐업,2,폐업,2004.7.23,,,,,0,336-822,충청남도 아산시 영인면 신봉리 ***-*번지,,,계림부화장,2004.7.26 11:45,I,2018.8.31 23:59,,197234.7656,376496.4117,부화업,,25,0,
255,부화업,02_04_04_P,4540000,4.54E+17,1995.8.25,,3,폐업,2,폐업,1996.8.25,,,,742-4616,0,320-836,충청남도 논산시 연무읍 소룡리 ***-*번지,충청남도 논산시 연무읍 소룡길 **,,논산부화장,2005.8.22 18:35,I,2018.8.31 23:59,,211979.3758,289333.2307,부화업,,454,0,
256,부화업,02_04_04_P,4540000,4.54E+17,1998.6.20,,3,폐업,2,폐업,2005.1.27,,,,742-3313,0,320-833,충청남도 논산시 연무읍 동산리 ***-*번지,충청남도 논산시 연무읍 동안로 ****,,(주)상경부화장,2005.8.22 17:54,I,2018.8.31 23:59,,211126.5645,292065.5144,부화업,,449,L00,
257,부화업,02_04_04_P,4540000,4.54E+17,2000.5.15,,3,폐업,2,폐업,2001.1.1,,,,741-2600,0,320-812,충청남도 논산시 채운면 화정리 ***-*번지,충청남도 논산시 채운면 화정길 **,,강경부화장,2005.8.22 18:37,I,2018.8.31 23:59,,205957.0661,293705.4321,부화업,,455,0,
258,부화업,02_04_04_P,4520000,4.52E+17,2004.6.22,,3,폐업,2,폐업,2011.8.8,,,,,0,336-855,충청남도 아산시 배방읍 세교리 산 **-*번지,,,한흥부화장,2011.8.8 16:59,I,2018.8.31 23:59,,,,부화업,,10,0,
259,부화업,02_04_04_P,4520000,4.52E+17,1995.5.9,,3,폐업,2,폐업,2014.3.13,,,,,0,336-885,충청남도 아산시 신창면 읍내리 **-*번지,,,봉명부화장,2014.3.13 19:49,I,2018.8.31 23:59,,,,부화업,,2,0,
260,부화업,02_04_04_P,4520000,4.52E+17,2004.6.22,,3,폐업,2,폐업,2008.12.30,,,,,0,336-872,충청남도 아산시 둔포면 산전리 ***-*번지,충청남도 아산시 둔포면 관대길**번길 **,31411,요한부화장,2014.2.7 11:31,I,2018.8.31 23:59,,203356.8359,377694.4286,부화업,,9,0,
261,부화업,02_04_04_P,4520000,4.52E+17,2001.4.11,,3,폐업,2,폐업,2006.2.10,,,,,0,336-871,충청남도 아산시 둔포면 석곡리 산 **-**번지,,,둔포애플부화장,2006.7.6 14:19,I,2018.8.31 23:59,,,,부화업,,738,0,
262,부화업,02_04_04_P,4520000,4.52E+17,2005.8.29,,3,폐업,2,폐업,2007.12.14,,,,,0,336-841,충청남도 아산시 탕정면 용두리 ***번지,충청남도 아산시 탕정면 탕정로 ***,,덕연부화장,2007.12.14 15:44,I,2018.8.31 23:59,,204350.3249,367702.3036,부화업,,579,0,
263,부화업,02_04_04_P,4520000,4.52E+17,2008.12.15,,3,폐업,2,폐업,2009.2.5,,,,,0,336-875,충청남도 아산시 둔포면 염작리 ***-*번지,,,동산부화장,2009.2.5 15:09,I,2018.8.31 23:59,,206420.7548,380048.7756,부화업,,986,0,
264,부화업,02_04_04_P,4520000,4.52E+17,2009.2.9,,3,폐업,2,폐업,2011.12.6,,,,,0,336-873,충청남도 아산시 둔포면 산전리 ***-*번지,충청남도 아산시 둔포면 관대길**번길 **,,신기부화장(신기영농조합법인),2011.12.6 16:37,I,2018.8.31 23:59,,203356.8359,377694.4286,부화업,,1022,0,
265,부화업,02_04_04_P,4520000,4.52E+17,2009.2.13,,3,폐업,2,폐업,2009.10.6,,,,,0,336-875,충청남도 아산시 둔포면 염작리 ***-*번지,,,동산부화장,2009.10.6 18:10,I,2018.8.31 23:59,,206420.7548,380048.7756,부화업,,1023,0,
266,부화업,02_04_04_P,4520000,4.52E+17,2011.4.1,,3,폐업,2,폐업,2019.7.24,,,,,0,336-881,충청남도 아산시 신창면 궁화리 **-*번지,충청남도 아산시 신창면 서부남로 ***,,올참,2019.7.24 13:41,U,2019.7.26 2:40,,192591.5356,365698.555,부화업,,1123,0,
267,부화업,02_04_04_P,4500000,4.5E+17,1990.3.21,,3,폐업,2,폐업,2009.10.20,,,,041-857-1468,1020,314-914,충청남도 공주시 장기면 하봉리 **-*번지,,,장기부화장,2009.10.22 11:47,I,2018.8.31 23:59,,,,부화업,,1488,0,
268,부화업,02_04_04_P,4500000,4.5E+17,2004.6.23,,3,폐업,2,폐업,2009.10.20,,,,,0,314-914,충청남도 공주시 장기면 하봉리 ***번지,,,장기,2009.10.22 16:45,I,2018.8.31 23:59,,,,부화업,,4,0,
269,부화업,02_04_04_P,4550000,4.55E+17,1992.1.14,,3,폐업,2,폐업,2004.6.15,,,,,165,312-852,충청남도 금산군 남일면 황풍리 ***번지,,,금산부화장,2004.6.16 9:40,I,2018.8.31 23:59,,,,부화업,,2,0,
270,부화업,02_04_04_P,4530000,4.53E+17,2004.1.12,,3,폐업,2,폐업,2011.6.3,,,,664-6386,0,356-842,충청남도 서산시 음암면 부장리 ***-*번지,,,두경부화장,2011.6.3 15:25,I,2018.8.31 23:59,,,,부화업,,13,0,
271,부화업,02_04_04_P,4530000,4.53E+17,2011.6.3,,3,폐업,2,폐업,2016.6.13,,,,,,356-840,충청남도 서산시 음암면 부장리 ***-*번지,충청남도 서산시 음암면 송바위골길 **-*,31941,보령부화장,2016.6.13 11:33,I,2018.8.31 23:59,,156617.3648,364788.0614,부화업,,1113,0,
272,부화업,02_04_04_P,4530000,4.53E+17,2016.6.21,,3,폐업,2,폐업,2018.7.3,,,,,,31941,충청남도 서산시 음암면 부장리 ***-*번지,충청남도 서산시 음암면 송바위골길 **-*,31941,보령부화장,2018.7.3 16:53,I,2018.8.31 23:59,,156617.3648,364788.0614,부화업,,1480,0,
273,부화업,02_04_04_P,4590000,4.59E+17,2010.10.4,,3,폐업,2,폐업,2019.2.21,,,,041-940-5500,0,345-811,충청남도 청양군 정산면 학암리 ***번지,,,충청남도 축산기술연구소,2019.2.22 14:03,U,2019.2.24 2:40,,195369.5582,320114.0768,부화업,,1051,L00,
274,부화업,02_04_04_P,4590000,4.59E+17,2013.10.7,,3,폐업,2,폐업,2019.2.21,,,,,,345-811,,충청남도 청양군 정산면 큰백길 ***-**,33350,충청남도축산기술연구소,2019.2.22 14:05,U,2019.2.24 2:40,,195396.7452,320058.9607,부화업,,1245,L00,
275,부화업,02_04_04_P,4530000,4.53E+17,2018.7.4,,3,폐업,2,폐업,2020.10.8,,,,,,31941,경기도 평택시 서정동 ***-*,충청남도 서산시 음암면 송바위골길 **-*,31941,보령부화장,2020.10.7 17:59,U,2020.10.9 2:40,,204712.9712,396402.7311,부화업,,1528,0,
276,부화업,02_04_04_P,4490000,4.49E+17,1988.4.25,,3,폐업,2,폐업,2015.3.25,,,,070-8832-1099/043-240-7662,0,330-290,충청남도 아산시 둔포면 염작리 ***번지,충청남도 천안시 서북구 감나무골길 ** (업성동),31076,(주)체리부로 부화장,2015.3.25 16:03,I,2018.8.31 23:59,,212010.9605,373317.2474,부화업,,11,L00,0
277,부화업,02_04_04_P,4570000,4.57E+17,2008.2.21,,3,폐업,2,폐업,2022.10.5,,,,,0,323-801,충청남도 부여군 부여읍 정동리 ***,,,희망부화장,2022.10.5 14:36,U,2022.10.7 2:40,,194183.0481,310657.6308,부화업,,503,0,0
278,부화업,02_04_04_P,4490000,4.49E+17,2005.12.1,,3,폐업,2,폐업,2018.3.16,,,,580-3317,0,331-801,충청남도 천안시 서북구 성환읍 신방리 *-*번지,충청남도 천안시 서북구 성환읍 신방*길 *** (농촌진흥청축산연구소),31000,국립축산과학원 축산자원개발부,2018.3.16 17:11,I,2018.8.31 23:59,,209052.0483,381119.2067,부화업,,648,L00,0
279,부화업,02_04_04_P,4490000,4.49E+17,2006.8.9,,3,폐업,2,폐업,2010.7.6,,,,553-5255,0,330-882,충청남도 천안시 동남구 수신면 신풍리 ***-*번지 ***,,,류도현 한방황오리 부화장,2010.7.6 17:08,I,2018.8.31 23:59,,,,부화업,,739,0,0
280,부화업,02_04_04_P,4490000,4.49E+17,2012.12.10,,3,폐업,2,폐업,2014.2.14,,,,,,330-912,충청남도 천안시 동남구 풍세면 삼태리 ***-*번지,충청남도 천안시 동남구 풍세면 태학산로 ***,31214,토종꼬꼬농장,2014.2.14 20:23,I,2018.8.31 23:59,,208501.9341,360161.8929,부화업,,1050,0,0
281,부화업,02_04_04_P,4510000,4.51E+17,1999.10.16,,3,폐업,2,폐업,2008.3.10,,,,041-932-8783,396,355-923,충청남도 보령시 청라면 장산리 ***번지,충청남도 보령시 주교면 대터골길 ***-**,,장산부화장,2015.7.31 9:17,I,2018.8.31 23:59,,159923.4385,321474.6971,부화업,,41,0,
282,부화업,02_04_04_P,4140000,4.14E+17,2000.8.17,,3,폐업,2,폐업,2003.12.23,,,,,0,,경기도 연천군 미산면 백석리 ***번지,,,미산오리부화장,2004.1.5 13:03,I,2018.8.31 23:59,,196037.6443,505029.4901,부화업,,,0,
283,부화업,02_04_04_P,5600000,5.6E+17,2002.1.17,,3,폐업,2,폐업,2022.7.29,,,,536-5529,0,487-898,경기도 포천시 영북면 야미리 ***-*,경기도 포천시 영북면 호국로 ****-**,11109,대영부화장,2022.7.29 11:29,U,2022.7.31 2:40,,223745.8435,505636.6027,부화업,,6,0,0
284,부화업,02_04_04_P,5600000,5.6E+17,2003.2.14,,3,폐업,2,폐업,2004.12.24,,,,,0,487-921,경기도 포천시 창수면 추동리 ***번지,경기도 포천시 창수면 포천로****번길 **-**,11134,축석부화장,2011.10.30 15:46,I,2018.8.31 23:59,,214436.5577,499519.013,부화업,,2,0,
285,부화업,02_04_04_P,5600000,5.6E+17,2011.8.18,,3,폐업,2,폐업,2011.10.25,,,,,,487-853,경기도 포천시 일동면 길명리 ***-*번지,경기도 포천시 일동면 영일로 ***-*,,농업회사법인주식회사 마니커농산 포천부화장,2011.10.25 14:38,I,2018.8.31 23:59,,224443.8603,492858.6418,부화업,,1486,L00,
286,부화업,02_04_04_P,5600000,5.6E+17,2013.7.22,,3,폐업,2,폐업,2014.4.8,,,,,,487-853,경기도 포천시 일동면 길명리 **-*번지,,,(주)마니커포천지점,2014.4.8 11:23,I,2018.8.31 23:59,,225568.6898,491568.3645,부화업,,1549,L00,
287,부화업,02_04_04_P,5700000,4.11E+17,2001.7.21,,3,폐업,2,폐업,2003.10.13,,,,031-883-2125,0,,경기도 여주시 능서면 광대리 산 **-**번지,,,기성농원,2003.11.3 10:43,I,2018.8.31 23:59,,,,부화업,,,0,
288,부화업,02_04_04_P,5700000,4.11E+17,2004.1.28,,3,폐업,2,폐업,2005.8.10,,,,,0,469-802,경기도 여주시 능현동 **-**번지,,,흥일부화장,2005.8.11 9:41,I,2018.8.31 23:59,,,,부화업,,155,0,
289,부화업,02_04_04_P,5700000,4.11E+17,2004.5.14,,3,폐업,2,폐업,2011.8.8,,,,031-884-9169,0,469-811,경기도 여주시 능서면 광대리 ***-*번지,,,기성부화장,2011.8.8 18:54,I,2018.8.31 23:59,,,,부화업,,14,0,
290,부화업,02_04_04_P,5700000,4.11E+17,2004.5.18,,3,폐업,2,폐업,2011.12.27,,,,031-884-5272,0,469-811,경기도 여주시 능서면 광대리 ***번지,,,(주)화인코리아 여주부화장,2011.12.28 9:19,I,2018.8.31 23:59,,,,부화업,,16,L00,
291,부화업,02_04_04_P,5700000,4.11E+17,2004.5.20,,3,폐업,2,폐업,2012.1.30,,,,031-886-0734,0,469-843,경기도 여주시 대신면 무촌리 ***-*번지,,,중원부화장,2012.2.5 10:41,I,2018.8.31 23:59,,251664.3342,432509.241,부화업,,19,0,
292,부화업,02_04_04_P,4000000,4E+17,1992.1.6,,3,폐업,2,폐업,2009.12.17,,,,,0,447-010,경기도 오산시 청학동 산 *-*번지,,,주식회사 한일팜스,2009.12.17 17:14,I,2018.8.31 23:59,,204353.6932,405952.2824,부화업,,1,L00,
293,부화업,02_04_04_P,3910000,3.91E+17,1993.5.27,,3,폐업,2,폐업,2016.10.6,,,,664-9989,3990,451-843,경기도 평택시 고덕면 율포리 ***-*번지,경기도 평택시 고덕면 고덕*로**번길 ***,17770,강남부화장,2016.10.6 16:07,I,2018.8.31 23:59,,,,부화업,,4,0,
294,부화업,02_04_04_P,3910000,3.91E+17,1997.4.7,,3,폐업,2,폐업,2015.2.4,,,,683-6883,0,451-823,경기도 평택시 포승읍 희곡리 ***번지,경기도 평택시 포승읍 직산동길 **-**,,기린부화장,2015.2.4 18:13,I,2018.8.31 23:59,,,,부화업,,7,0,
295,부화업,02_04_04_P,3910000,3.91E+17,1999.9.17,,3,폐업,2,폐업,2012.7.10,,,,662-9982,2723,451-841,경기도 평택시 고덕면 여염리 **-**번지,경기도 평택시 고덕면 여염길 **,,성화부화장,2012.7.10 17:19,I,2018.8.31 23:59,,,,부화업,,8,L00,
296,부화업,02_04_04_P,3910000,3.91E+17,2000.8.24,,3,폐업,2,폐업,2014.1.22,,,,664-3600,1600,451-852,경기도 평택시 서탄면 금암리 ***번지,경기도 평택시 서탄면 서탄로 ***,,평택부화장,2014.1.22 18:37,I,2018.8.31 23:59,,202877.4975,401206.5233,부화업,,6,0,
297,부화업,02_04_04_P,3910000,3.91E+17,2001.9.28,,3,폐업,2,폐업,2003.3.17,,,,662-9977,2640,,경기도 평택시 고덕면 해창리 *-*번지,경기도 평택시 고덕면 고덕*로 ***,,금강부화장,2003.3.17 17:13,I,2018.8.31 23:59,,,,부화업,,,0,
298,부화업,02_04_04_P,3910000,3.91E+17,2001.2.8,,3,폐업,2,폐업,2014.10.7,,,,682-6090,3300,451-872,경기도 평택시 오성면 양교리 ***-*번지,경기도 평택시 오성면 청오로 ***,17818,홍익부화장,2014.10.7 20:34,I,2018.8.31 23:59,,198393.4712,390990.3807,부화업,,9,0,
299,부화업,02_04_04_P,3910000,3.91E+17,2006.4.11,,3,폐업,2,폐업,2007.7.3,,,,,4200,451-832,경기도 평택시 청북면 옥길리 ***번지,,,동광부화장,2007.7.3 17:28,I,2018.8.31 23:59,,,,부화업,,5,0,
300,부화업,02_04_04_P,3910000,3.91E+17,2003.3.27,,3,폐업,2,폐업,2003.11.21,,,,,1209,,경기도 평택시 고덕면 해창리 *-*번지,경기도 평택시 고덕면 고덕*로 ***,,신명종합축산,2003.11.25 15:21,I,2018.8.31 23:59,,,,부화업,,,0,
301,부화업,02_04_04_P,3910000,3.91E+17,2004.4.1,,3,폐업,2,폐업,2005.5.11,,,,,0,451-843,경기도 평택시 고덕면 해창리 *-*번지,경기도 평택시 고덕면 고덕*로 ***,,석정부화장,2005.5.13 17:15,I,2018.8.31 23:59,,,,부화업,,1,0,
302,부화업,02_04_04_P,3910000,3.91E+17,2005.5.25,,3,폐업,2,폐업,2014.7.29,,,,,0,451-843,경기도 평택시 고덕면 해창리 *-*번지,경기도 평택시 고덕면 고덕*로 ***,,대성부화장,2014.7.29 21:06,I,2018.8.31 23:59,,,,부화업,,420,0,
303,부화업,02_04_04_P,3910000,3.91E+17,2007.8.1,,3,폐업,2,폐업,2010.10.18,,,,,0,451-883,경기도 평택시 안중읍 덕우리 ***-*번지,경기도 평택시 안중읍 안중북로 ***-**,,보령부화장,2010.10.18 13:04,I,2018.8.31 23:59,,192282.5024,389272.5654,부화업,,766,0,
304,부화업,02_04_04_P,3910000,3.91E+17,2014.7.22,,3,폐업,2,폐업,2023.3.21,,,,,,451-832,경기도 평택시 청북읍 고잔리 ***-*,경기도 평택시 청북읍 고잔*길 **-**,17794,주식회사 안창,2023.3.21 8:52,U,2023.3.23 2:40,,191112.8993,394523.3322,부화업,,1115,L00,0
305,부화업,02_04_04_P,5700000,4.11E+17,2005.12.16,,3,폐업,2,폐업,2011.8.11,,,,,0,469-872,경기도 여주시 점동면 처리 ***번지,,,에덴부화장,2011.8.12 8:59,I,2018.8.31 23:59,,258650.8819,414101.2809,부화업,,706,0,
306,부화업,02_04_04_P,5700000,4.11E+17,2012.3.20,,3,폐업,2,폐업,2014.9.15,,,,031-886-9973,,469-843,경기도 용인시 기흥구 언남동 ***-*번지,,,수원농산,2014.9.15 8:01,I,2018.8.31 23:59,,,,부화업,,1201,0,
307,부화업,02_04_04_P,4060000,4.06E+17,1994.10.26,,3,폐업,2,폐업,2004.5.3,,,,,0,413-831,경기도 파주시 당하동 ***번지,,,임한부화장,2004.5.3 16:00,I,2018.8.31 23:59,,,,부화업,,56,0,
308,부화업,02_04_04_P,4060000,4.06E+17,1994.10.26,,3,폐업,2,폐업,2021.2.22,,,,031-958-6965,0,413-914,경기도 파주시 적성면 장현리 ***,경기도 파주시 적성면 산덕골길 ***,10804,파주부화장,2021.2.22 13:04,U,2021.2.24 2:40,,198061.5693,497632.735,부화업,,55,0,
309,부화업,02_04_04_P,4060000,4.06E+17,2003.4.22,,3,폐업,2,폐업,2021.12.9,,,,964-2147,0,413-855,경기도 파주시 광탄면 용미리 ***-*,경기도 파주시 광탄면 장지산로***번길 **,10955,소래축산,2021.12.9 13:11,U,2021.12.11 2:40,,189584.128,471680.0602,부화업,,18,0,0
310,부화업,02_04_04_P,5090000,5.09E+17,1999.10.16,,3,폐업,2,폐업,2016.2.3,,,,,29800,,경상북도 영주시 조와동 ***-**번지,경상북도 영주시 조와로 *** (조와동),,봉산부화장,2002.12.10 9:20,I,2018.8.31 23:59,,344823.1867,373870.7031,부화업,,,0,
311,부화업,02_04_04_P,5100000,5.1E+17,2000.4.25,,3,폐업,2,폐업,2003.12.23,,,,,0,,경상북도 영천시 금호읍 냉천리 ***번지,경상북도 영천시 금호읍 어은길 *,,대구경북양계축산업협동조합 영천부화장,2003.12.23 14:48,I,2018.8.31 23:59,,370021.4186,270662.7513,부화업,,,0,
312,부화업,02_04_04_P,5100000,5.1E+17,2000.6.13,,3,폐업,2,폐업,2011.8.22,,,,,4990,770-852,경상북도 영천시 화산면 연계리 ***-*번지,,,화산농원,2011.8.25 16:37,I,2018.8.31 23:59,,,,부화업,,1,L00,
313,부화업,02_04_04_P,4710000,4.71E+17,2002.7.15,,3,폐업,2,폐업,2020.7.27,,,,,4220,576-941,전라북도 김제시 금구면 용복리 ***-*,전라북도 김제시 금구면 양시*길 **-*,54350,이지농원부화장,2020.7.26 13:17,U,2020.7.28 2:40,,200066.5716,251708.9817,부화업,,10,0,
314,부화업,02_04_04_P,4710000,4.71E+17,2011.6.17,,3,폐업,2,폐업,2020.8.14,,,,,,576-861,전라북도 김제시 만경읍 장산리 **,전라북도 김제시 만경읍 능제로 ***-**,,장산농원,2020.8.14 16:04,U,2020.8.16 2:40,,185567.7718,262074.3142,부화업,,2205,0,
315,부화업,02_04_04_P,4700000,4.7E+17,1992.7.30,,3,폐업,2,폐업,2011.11.11,,,,635-8229,110,590-220,전라북도 남원시 갈치동 ***-*번지,,,시온(부화장),2011.11.11 9:32,I,2018.8.31 23:59,,237193.6879,217652.9592,부화업,,27,0,
316,부화업,02_04_04_P,4700000,4.7E+17,1994.6.9,,3,폐업,2,폐업,2000.5.20,,,,,2578,,전라북도 남원시 보절면 진기리 ****-*   번지,,,성우(부화장),2003.4.4 16:39,I,2018.8.31 23:59,,,,부화업,,,0,
317,부화업,02_04_04_P,4700000,4.7E+17,1995.2.11,,3,폐업,2,폐업,2000.5.18,,,,,660,,전라북도 남원시 운봉읍 가산리 산 **-*   번지,,,지리산(부화장),2003.4.4 16:45,I,2018.8.31 23:59,,,,부화업,,,0,
318,부화업,02_04_04_P,4700000,4.7E+17,1997.9.26,,3,폐업,2,폐업,2015.1.23,,,,063-635-9989,595,590-220,전라북도 남원시 갈치동 ***-*번지,전라북도 남원시 보산로 ***-** (갈치동),55725,풍년(부화장),2015.1.23 9:38,I,2018.8.31 23:59,,236874.5389,217783.5064,부화업,,26,0,
319,부화업,02_04_04_P,4760000,4.76E+17,1993.6.18,,3,폐업,2,폐업,2003.5.1,,,,644-2865,0,566-871,전라북도 임실군 덕치면 가곡리 산 ***번지,,,하림 부화장,2008.10.7 9:53,I,2018.8.31 23:59,,,,부화업,,748,0,
320,부화업,02_04_04_P,4930000,4.93E+17,2015.5.7,,3,폐업,2,폐업,2017.9.27,,,,,,536-802,전라남도 해남군 해남읍 복평리 ***-*번지,전라남도 해남군 해남읍 호교길 **-***,59045,디원부화장,2017.9.27 16:27,I,2018.8.31 23:59,,157334.2898,118490.3699,부화업,,1418,L00,
321,부화업,02_04_04_P,4770000,4.77E+17,2009.6.16,,3,폐업,2,폐업,2014.2.26,,,,,0,595-851,전라북도 순창군 금과면 내동리 ***-*번지,,,미래농장,2014.2.26 13:40,I,2018.8.31 23:59,,208225.7254,205365.9909,부화업,,816,L00,
322,부화업,02_04_04_P,4770000,4.77E+17,2010.9.6,,3,폐업,2,폐업,2017.8.7,,,,063-653-5290,0,595-851,전라북도 순창군 금과면 내동리,전라북도 순창군 금과면 매송로 **-**,56053,미래팜,2017.8.8 17:25,I,2018.8.31 23:59,,,,부화업,,856,0,
323,부화업,02_04_04_P,4690000,4.69E+17,1989.2.23,,3,폐업,2,폐업,2003.7.7,,,,,396.6,580-822,전라북도 정읍시 정우면 우일리 ***-**번지,전라북도 정읍시 정우면 정우남산길 *,,마동부화장,2009.7.27 12:58,I,2018.8.31 23:59,,188126.6704,235540.0644,부화업,,1380,0,
324,부화업,02_04_04_P,4690000,4.69E+17,1994.11.9,,3,폐업,2,폐업,2015.9.1,,,,,396.6,580-060,전라북도 정읍시 시기동 ***번지,,,영창부화장,2015.9.1 18:06,I,2018.8.31 23:59,,,,부화업,,23,0,
325,부화업,02_04_04_P,4690000,4.69E+17,1994.11.30,,3,폐업,2,폐업,2006.11.21,,,,,224.7,580-230,전라북도 정읍시 용계동 **-*번지,,,정읍부화장,2007.7.11 13:47,I,2018.8.31 23:59,,,,부화업,,1382,0,
326,부화업,02_04_04_P,4780000,4.78E+17,2003.2.21,,3,폐업,2,폐업,2004.3.16,,,,,0,585-832,전라북도 고창군 신림면 무림리 ***-**번지,전라북도 고창군 신림면 환산길 **,,환산부화장,2004.6.22 11:03,I,2018.8.31 23:59,,173436.8034,222140.8623,부화업,,17,0,
327,부화업,02_04_04_P,4690000,4.69E+17,2004.6.1,,3,폐업,2,폐업,2004.6.7,,,,063-531-8788,991.7,580-140,전라북도 정읍시 과교동 **-*번지,전라북도 정읍시 석고길 *** (과교동),,자연부화장,2007.7.11 13:51,I,2018.8.31 23:59,,185627.5428,227321.89,부화업,,25,0,
328,부화업,02_04_04_P,4690000,4.69E+17,1995.1.24,,3,폐업,2,폐업,2004.6.23,,,,,132.2,580-905,전라북도 정읍시 신태인읍 신태인리 ***-*번지,,,금성부화장,2007.7.11 13:38,I,2018.8.31 23:59,,189461.3486,243911.3062,부화업,,1379,0,
329,부화업,02_04_04_P,4690000,4.69E+17,1995.1.24,,3,폐업,2,폐업,2003.7.11,,,,,165.2,580-905,전라북도 정읍시 신태인읍 신태인리 ***-*번지,,,계우부화장,2007.7.11 13:44,I,2018.8.31 23:59,,,,부화업,,1381,0,
330,부화업,02_04_04_P,4690000,4.69E+17,2004.6.23,,3,폐업,2,폐업,2006.11.22,,,,571-2762,0,580-905,전라북도 정읍시 신태인읍 신태인리 ***번지,,,금성부화장,2006.11.27 15:27,I,2018.8.31 23:59,,,,부화업,,31,0,
331,부화업,02_04_04_P,4690000,4.69E+17,2008.2.14,,3,폐업,2,폐업,2018.9.3,,,,537-1923,0,580-120,전라북도 고창군 고창읍 교촌리 ***-**번지,전라북도 정읍시 소성상평로 ***-** (상평동),,성지부화장,2018.9.3 12:51,U,2018.9.3 23:59,,183900.6828,229533.0767,부화업,,1775,0,
332,부화업,02_04_04_P,4690000,4.69E+17,2003.1.24,,3,폐업,2,폐업,2004.12.14,,,,,561.3,580-120,전라북도 정읍시 상평동 ***-**번지,전라북도 정읍시 소성상평로 ***-** (상평동),,신흥부화장,2007.3.26 11:23,I,2018.8.31 23:59,,183929.3023,229460.2687,부화업,,1229,0,
333,부화업,02_04_04_P,4780000,4.78E+17,2001.12.27,,3,폐업,2,폐업,2004.6.11,,,,,0,585-832,전라북도 고창군 신림면 송용리 ***-**번지,전라북도 고창군 신림면 신림로 **,,신림부화장,2004.6.11 17:31,I,2018.8.31 23:59,,172861.9546,221545.312,부화업,,12,0,
334,부화업,02_04_04_P,4690000,4.69E+17,2004.6.7,,3,폐업,2,폐업,2017.10.18,,,,,0,580-822,전라북도 정읍시 정우면 우일리 ***-**번지,,,마동 부화장,2017.10.20 11:43,I,2018.8.31 23:59,,,,부화업,,27,0,
335,부화업,02_04_04_P,4690000,4.69E+17,2004.6.7,,3,폐업,2,폐업,2006.11.21,,,,535-9323,0,580-230,전라북도 정읍시 용계동 **-*번지,,,정읍부화장,2006.11.22 10:36,I,2018.8.31 23:59,,,,부화업,,29,0,
336,부화업,02_04_04_P,4690000,4.69E+17,2011.6.22,,3,폐업,2,폐업,2018.6.28,,,,,,580-841,전라북도 정읍시 이평면 장내리 **-*번지,전라북도 정읍시 이평면 석월길 ***-**,,영농조합법인 장길부화장,2018.6.28 15:43,I,2018.8.31 23:59,,,,부화업,,3323,L00,
337,부화업,02_04_04_P,4540000,4.54E+17,1994.10.14,,3,폐업,2,폐업,1995.10.14,,,,742-5160,0,320-833,충청남도 논산시 연무읍 동산리 ***-*번지,충청남도 논산시 연무읍 행정*길 **,,상일부화장,2005.8.22 18:31,I,2018.8.31 23:59,,211411.365,292636.8172,부화업,,453,0,
338,부화업,02_04_04_P,4170000,4.17E+17,2015.9.1,,3,폐업,2,폐업,2020.11.20,,,,772-4582,0,476-853,경기도 양평군 단월면 봉상리 ***-* 외 *필지,,,능골오리농장,2020.11.30 9:03,U,2020.12.2 2:40,,258389.1249,447191.2101,부화업,,473,0,
339,부화업,02_04_04_P,4170000,4.17E+17,2005.9.1,,3,폐업,2,폐업,2013.5.6,,,,773-2146,0,476-843,경기도 양평군 용문면 망능리 **,,,양평부화장,2013.5.6 10:08,I,2018.8.31 23:59,,,,부화업,,474,0,
340,부화업,02_04_04_P,5590000,5.59E+17,1994.10.14,,3,폐업,2,폐업,2018.2.26,,,,,0,482-130,경기도 양주시 옥정동 **-*번지,,,독바위부화장,2018.3.2 16:31,I,2018.8.31 23:59,,,,부화업,,12,0,
341,부화업,02_04_04_P,4070000,4.07E+17,1996.8.21,,3,폐업,2,폐업,2006.5.8,,,,635-3492,0,467-040,경기도 이천시 송정동 **-*번지,,,송정,2006.5.8 14:41,I,2018.8.31 23:59,,239533.9166,422042.1914,부화업,,23,0,
342,부화업,02_04_04_P,4070000,4.07E+17,1996.8.23,,3,폐업,2,폐업,2020.2.10,,,,633-3622,0,467-831,경기도 이천시 백사면 도립리 ***,경기도 이천시 백사면 원적로 ***,,한신,2021.6.29 14:40,U,2021.7.1 2:40,,241548.6457,426735.3476,부화업,,25,0,
343,부화업,02_04_04_P,4070000,4.07E+17,2000.6.9,,3,폐업,2,폐업,2007.9.28,,,,634-4849,0,467-831,경기도 이천시 백사면 신대리 **번지,경기도 이천시 백사면 이여로***번길 **,,성산,2007.9.28 14:07,I,2018.8.31 23:59,,241807.2301,424962.1598,부화업,,26,0,
344,부화업,02_04_04_P,4070000,4.07E+17,2003.5.10,,3,폐업,2,폐업,2019.11.18,,,,636-9371,0,467-150,경기도 이천시 장록동 ***-*번지,경기도 이천시 중부대로 ****-** (장록동),,이천부화장,2019.11.19 19:57,U,2019.11.21 2:40,,240249.6463,417697.2688,부화업,,22,0,
345,부화업,02_04_04_P,4050000,4.05E+17,1997.11.7,,3,폐업,2,폐업,2006.12.5,,,,322-8148,3200,449-873,경기도 용인시 처인구 원삼면 문촌리 ***번지,,,구성농산,2015.7.29 15:42,I,2018.8.31 23:59,,225984.9292,407084.5534,부화업,,14,0,
346,부화업,02_04_04_P,4070000,4.07E+17,1989.7.8,,3,폐업,2,폐업,2007.9.28,,,,614-2234,0,467-904,경기도 이천시 장호원읍 진암리 **-*번지,,,우화,2007.9.28 14:33,I,2018.8.31 23:59,,,,부화업,,21,0,
347,부화업,02_04_04_P,4070000,4.07E+17,1996.9.4,,3,폐업,2,폐업,2007.2.5,,,,642-5836,0,467-903,경기도 이천시 장호원읍 대서리 ***번지,,,조은,2007.2.5 10:24,I,2018.8.31 23:59,,,,부화업,,20,0,
348,부화업,02_04_04_P,5590000,5.59E+17,2001.12.4,,3,폐업,2,폐업,2006.11.10,,,,,0,482-841,경기도 양주시 광적면 가납리 ***번지,경기도 양주시 광적면 그루고개로***번길 **-**,,천일부화장,2006.11.13 17:30,I,2018.8.31 23:59,,199606.317,481106.3313,부화업,,741,0,
349,부화업,02_04_04_P,5590000,5.59E+17,2001.12.10,,3,폐업,2,폐업,2005.3.22,,,,,0,482-080,경기도 양주시 만송동 ***-*번지,경기도 양주시 고읍북로 ***-* (만송동),,금성부화장,2005.3.21 16:24,I,2018.8.31 23:59,,207654.5,476820.5341,부화업,,13,0,
350,부화업,02_04_04_P,5590000,5.59E+17,2008.2.26,,3,폐업,2,폐업,2017.1.10,,,,031-863-2112,0,482-871,경기도 양주시 남면 상수리 ***번지,경기도 양주시 남면 화합로***번길 **-***,,청정부화장,2017.1.10 17:37,I,2018.8.31 23:59,,200183.4176,484479.6393,부화업,,881,L00,
351,부화업,02_04_04_P,4281000,4.28E+17,2017.6.12,,3,폐업,2,폐업,2022.2.21,,,,033-330-9513,,,강원특별자치도 평창군 대관령면 횡계리 산 ***-*,강원특별자치도 평창군 대관령면 대관령마루길 ***-** (고령지시험장),25342,국립축산과학원 가금연구소,2022.2.21 15:39,I,2023.6.13 0:00,,353309.7986,466092.547,부화업,,455,L00,0
352,부화업,02_04_04_P,4281000,4.28E+17,2020.2.13,,3,폐업,2,폐업,2020.9.10,,,,033-330-9511,,25342,강원특별자치도 평창군 대관령면 횡계리 산 *-*** 고령지 시험장,"강원특별자치도 평창군 대관령면 대관령마루길 ***-**, 고령지 시험장",25342,국립축산과학원 가금연구소,2020.9.10 13:27,I,2023.6.13 0:00,,353142.5835,466274.6254,부화업,,505,L00,0
353,부화업,02_04_04_P,4311000,4.31E+17,2001.3.14,,3,폐업,2,폐업,2003.11.30,,,,441-5322,100,,강원특별자치도 화천군 하남면 원천리 ****,강원특별자치도 화천군 하남면 공단길 **,,화천축협부화장,2003.12.4 9:31,I,2023.6.13 0:00,,258301.0637,505791.4895,부화업,,0,0,0
354,부화업,02_04_04_P,4251000,4.25E+17,2006.3.13,,3,폐업,2,폐업,2012.2.7,,,,033-262-4990,0,250-882,강원특별자치도 홍천군 북방면 역전평리 *-*,,,홍천부화장,2012.2.7 16:09,I,2023.6.13 0:00,,270144.5992,470684.6457,부화업,,332,0,0
355,부화업,02_04_04_P,4181000,4.18E+17,1998.3.12,,3,폐업,2,폐업,2000.5.18,,,,,0,,강원특별자치도 춘천시 근화동 ***-*,,,신세기부화장,2003.4.23 13:25,I,2023.6.13 0:00,,,,부화업,,0,0,0
356,부화업,02_04_04_P,4181000,4.18E+17,1998.5.19,,3,폐업,2,폐업,2003.3.31,,,,,0,,강원특별자치도 춘천시 동산면 봉명리 ***-*,,,소양강축산,2003.4.23 13:27,I,2023.6.13 0:00,,,,부화업,,0,0,0
357,부화업,02_04_04_P,4211000,4.21E+17,1991.9.14,,3,폐업,2,폐업,2009.6.17,,,,,0,240-030,강원특별자치도 동해시 쇄운동 ***,강원특별자치도 동해시 승지로 ** (부곡동),25741,경동부화장,2011.10.30 13:48,I,2023.6.13 0:00,,384906.1984,450523.6005,부화업,,3,0,0
358,부화업,02_04_04_P,4271000,4.27E+17,2005.6.9,,3,폐업,2,폐업,2019.8.2,,,,374-7289,0,230-804,강원특별자치도 영월군 영월읍 삼옥리 ****,강원특별자치도 영월군 영월읍 둥글바위길 **,26223,정현부화장,2019.8.6 17:28,I,2023.6.13 0:00,,333443.3835,412383.5395,부화업,,70,0,0
359,부화업,02_04_04_P,3600000,3.6E+17,1994.12.24,,3,폐업,2,폐업,1994.12.24,,,,062(374-3649),250,502-157,광주광역시 서구 마륵동 ***번지,,,현대부화장,2011.3.8 11:26,I,2018.8.31 23:59,,185769.7354,182113.8978,부화업,,29,0,
360,부화업,02_04_04_P,3600000,3.6E+17,1998.3.18,,3,폐업,2,폐업,2009.4.6,,,,,165,502-152,광주광역시 서구 벽진동 ***-*번지,,,해바레부화장,2011.3.8 11:23,I,2018.8.31 23:59,,184826.9314,181394.5138,부화업,,28,0,
361,부화업,02_04_04_P,3600000,3.6E+17,1998.3.18,,3,폐업,2,폐업,2009.4.6,,,,381-5761,0,502-152,광주광역시 서구 벽진동 ***-*번지,,,해바레부화장,2009.4.6 15:57,I,2018.8.31 23:59,,184826.9314,181394.5138,부화업,,7,0,
362,부화업,02_04_04_P,3600000,3.6E+17,2009.4.13,,3,폐업,2,폐업,2020.11.4,,,,385-5761,0,502-290,광주광역시 서구 덕흥동 **-*,광주광역시 서구 무진대로 *** (덕흥동),61900,농업회사법인(주) 사조원 광주부화장,2020.11.11 14:49,U,2020.11.13 2:40,,185463.8432,184913.619,부화업,,25,L00,
363,부화업,02_04_04_P,3600000,3.6E+17,2014.12.23,,3,폐업,2,폐업,2020.11.4,,,,3855761,,502-290,전라북도 김제시 순동 **-*,광주광역시 서구 무진대로 *** (덕흥동),61900,농업회사법인(주) 사조팜스 광주부화장,2020.11.11 17:27,U,2020.11.13 2:40,,185463.8432,184913.619,부화업,,33,L00,
364,부화업,02_04_04_P,5190000,5.19E+17,1996.11.5,,3,폐업,2,폐업,2004.8.27,,,,371-4296,0,714-806,경상북도 청도군 청도읍 송읍리 ***-*번지,,,동원부화장,2004.8.27 14:55,I,2018.8.31 23:59,,358161.3846,241487.7944,부화업,,3,0,
365,부화업,02_04_04_P,5230000,5.23E+17,2011.2.18,,3,폐업,2,폐업,2012.2.24,,,,,0,757-912,"경상북도 예천군 예천읍 남본리 ****-*번지 ****번지 *호, ****번지",,,덕원부화장,2012.3.16 13:47,I,2018.8.31 23:59,,,,부화업,,671,0,
366,부화업,02_04_04_P,4670000,4.67E+17,2017.11.16,,3,폐업,2,폐업,2020.10.27,,,,063-451-0142,,54048,전라북도 군산시 나포면 장상리 ***,전라북도 군산시 나포면 서라로 ***,54048,(주)동우팜투테이블 나포부화장,2020.10.29 11:33,U,2020.10.31 2:40,,187339.0806,281075.6776,부화업,,363,L00,
367,부화업,02_04_04_P,4670000,4.67E+17,1997.3.10,,3,폐업,2,폐업,2007.7.10,,,,063)451-0102,0,573-851,전라북도 군산시 나포면 장상리 ***번지,전라북도 군산시 나포면 서라로 ***,,동우부화장,2007.7.10 11:08,I,2018.8.31 23:59,,187339.0806,281075.6776,부화업,,3,L00,
368,부화업,02_04_04_P,4191000,4.19E+17,2003.12.10,,3,폐업,2,폐업,2005.6.22,,,,033-763-6119,0,220-823,강원특별자치도 원주시 지정면 신평리 ***,,,삼원부화장,2005.6.23 16:17,I,2023.6.13 0:00,,278295.8296,432381.3179,부화업,,260,0,0
369,부화업,02_04_04_P,4191000,4.19E+17,2007.3.22,,3,폐업,2,폐업,2009.11.24,,,,,0,220-925,강원특별자치도 원주시 호저면 매호리 **-*,,,임선부화장,2009.11.25 16:55,I,2023.6.13 0:00,,278990.3421,435536.406,부화업,,411,0,0
370,부화업,02_04_04_P,4800000,4.8E+17,2004.7.22,,3,폐업,2,폐업,2019.1.18,,,,,0,530-410,전라남도 목포시 대양동 ***번지,전라남도 목포시 지적로**번길 ** (대양동),58604,삼신부화장,2019.1.18 17:32,U,2019.1.20 2:40,,147692.8394,148628.6629,부화업,,10,0,
371,부화업,02_04_04_P,4800000,4.8E+17,2006.7.28,,3,폐업,2,폐업,2009.1.28,,,,,0,530-410,전라남도 목포시 대양동 ***-*번지,전라남도 목포시 지적로**번길 ** (대양동),,삼신부화장,2009.1.29 10:14,I,2018.8.31 23:59,,147641.7993,148612.7767,부화업,,11,0,
372,부화업,02_04_04_P,4910000,4.91E+17,2004.5.3,,3,폐업,2,폐업,2021.10.20,,,,061-863-3487,760,529-804,전라남도 장흥군 장흥읍 남외리 ***,전라남도 장흥군 장흥읍 읍성로 **,529-804,남양부화장,2021.10.25 16:06,U,2021.10.27 2:40,,190348.6415,130144.7787,부화업,,6,0,0
373,부화업,02_04_04_P,4920000,4.92E+17,1994.11.10,,3,폐업,2,폐업,,,,,,2975,527-823,전라남도 강진군 작천면 삼당리 ***번지,전라남도 강진군 작천면 중당*길 **-*,59217,작천부화장,2011.10.30 13:41,I,2018.8.31 23:59,,179991.7018,132724.952,부화업,,1097,0,
374,부화업,02_04_04_P,4920000,4.92E+17,1989.6.14,,3,폐업,2,폐업,,,,,434-3926,0,527-853,전라남도 강진군 강진읍 남성리 ***번지,전라남도 강진군 군동면 까치내로 **-**,59223,강진부화장,2011.10.30 13:50,I,2018.8.31 23:59,,180567.9494,127463.3842,부화업,,5,0,
375,부화업,02_04_04_P,4960000,4.96E+17,2010.3.18,,3,폐업,2,폐업,2016.3.16,,,,,0,525-873,전라남도 함평군 해보면 문장리 ***-*번지,전라남도 함평군 해보면 해삼로 ***-*,,오리연,2016.3.16 14:03,I,2018.8.31 23:59,,163982.2128,188524.2907,부화업,,1560,0,
376,부화업,02_04_04_P,4860000,4.86E+17,1999.8.26,,3,폐업,2,폐업,2005.3.15,,,,,0,516-802,전라남도 곡성군 곡성읍 구원리 **-*번지,,,화신부화장,2005.3.15 18:24,I,2018.8.31 23:59,,224535.8321,195746.6232,부화업,,4,0,
377,부화업,02_04_04_P,4860000,4.86E+17,2005.4.12,,3,폐업,2,폐업,2008.2.29,,,,362-9369,0,516-802,전라남도 곡성군 곡성읍 구원리 **-*번지,,,우림부화장,2008.2.29 13:38,I,2018.8.31 23:59,,224503.6535,195763.0915,부화업,,51,0,
378,부화업,02_04_04_P,4960000,4.96E+17,2003.2.6,,3,폐업,2,폐업,2016.9.7,,,,,100,,전라남도 함평군 나산면 송암리 ***번지,,,샘오리부화장,2016.9.7 15:49,I,2018.8.31 23:59,,167879.1082,179770.3459,부화업,,,0,
379,부화업,02_04_04_P,4850000,4.85E+17,1997.5.15,,3,폐업,2,폐업,2008.1.31,,,,,0,517-820,전라남도 담양군 용면 쌍태리 ***번지,,,삼영부화장,2008.1.31 16:07,I,2018.8.31 23:59,,,,부화업,,9,0,
380,부화업,02_04_04_P,4850000,4.85E+17,1994.9.22,,3,폐업,2,폐업,2021.11.17,,,,,0,517-852,경기도 성남시 중원구 성남동 ****-**,전라남도 담양군 봉산면 대추*길 ***,57366,대추부화장,2021.11.17 15:19,U,2021.11.19 2:40,,196118.7501,200098.2163,부화업,,7,0,0
381,부화업,02_04_04_P,4930000,4.93E+17,2002.1.12,,3,폐업,2,폐업,2004.12.24,,,,,0,536-811,전라남도 해남군 삼산면 평활리 ***번지,,,대흥부화장,2005.8.11 14:16,I,2018.8.31 23:59,,165232.5434,113820.4815,부화업,,71,0,
382,부화업,02_04_04_P,4850000,4.85E+17,2002.6.28,,3,폐업,2,폐업,2021.10.27,,,,,0,517-921,광주광역시 북구 운암동 ***-*,,,성산부화장,2021.10.27 14:31,U,2021.10.29 2:40,,,,부화업,,8,0,0
383,부화업,02_04_04_P,4850000,4.85E+17,2008.1.17,,3,폐업,2,폐업,2017.2.21,,,,,0,517-822,전라남도 담양군 용면 쌍태리 **번지,전라남도 담양군 용면 추령로 ***-**,57302,담양은혜부화장,2017.2.21 11:15,I,2018.8.31 23:59,,197894.4801,209051.237,부화업,,465,0,
384,부화업,02_04_04_P,4940000,4.94E+17,2004.7.7,,3,폐업,2,폐업,2006.1.17,,,,,0,526-812,전라남도 영암군 신북면 유곡리 ***번지,,,대명부화장,2006.1.17 16:05,I,2018.8.31 23:59,,,,부화업,,27,0,
385,부화업,02_04_04_P,4940000,4.94E+17,2009.6.22,,3,폐업,2,폐업,2018.2.12,,,,,0,526-821,전라남도 영암군 덕진면 장선리 **-**번지 외**필지,전라남도 영암군 덕진면 입비동길 ** (외**필지),,덕신영농조합법인,2018.2.21 19:57,I,2018.8.31 23:59,,171152.3666,150305.7484,부화업,,972,L00,
386,부화업,02_04_04_P,4830000,4.83E+17,1995.1.16,,3,폐업,2,폐업,2002.3.4,,,,,0,520-854,전라남도 나주시 봉황면 유곡리 ***번지,전라남도 나주시 봉황면 유정길 **-*,,유리,2004.8.17 14:39,I,2018.8.31 23:59,,181607.8942,165549.7792,부화업,,46,0,
387,부화업,02_04_04_P,4830000,4.83E+17,2004.12.7,,3,폐업,2,폐업,2009.3.20,,,,,0,520-831,전라남도 나주시 산포면 매성리 ***-*번지,전라남도 나주시 산포면 매성길 ***-**,,산포부화장,2009.3.20 14:00,I,2018.8.31 23:59,,181684.8586,169848.0864,부화업,,49,0,
388,부화업,02_04_04_P,4830000,4.83E+17,2005.5.10,,3,폐업,2,폐업,2014.1.29,,,,,0,520-310,전라남도 나주시 평산동 **-*번지,전라남도 나주시 금영로 *** (평산동),,(주)화인코리아 평산부화장,2014.1.29 20:53,I,2018.8.31 23:59,,177568.3763,166371.8562,부화업,,177,L00,
389,부화업,02_04_04_P,4970000,4.97E+17,2004.1.2,,3,폐업,2,폐업,2013.2.12,,,,,320,513-821,광주광역시 광산구 운수동 ***번지,전라남도 영광군 묘량면 묘량로 ***,57056,성실부화장,2013.2.12 16:19,I,2018.8.31 23:59,,157896.125,194276.1571,부화업,,10,0,
390,부화업,02_04_04_P,4970000,4.97E+17,2015.7.3,,3,폐업,2,폐업,2020.2.12,,,,,,513-821,전라남도 영광군 묘량면 영양리 ***번지,전라남도 영광군 묘량면 묘량로 ***,57056,성실부화장,2020.2.13 16:40,U,2020.2.15 2:40,,157843.708,194301.0585,부화업,,1242,0,
391,부화업,02_04_04_P,6510000,6.51E+17,2005.2.3,,3,폐업,2,폐업,2010.7.16,,,,711-0956,0,690-231,제주특별자치도 제주시 이호일동 ***-*번지,제주특별자치도 제주시 백포동길 *-* (이호일동),,대종부화장,2010.7.16 10:12,I,2018.8.31 23:59,,149778.2373,640.08421,부화업,,14,0,
392,부화업,02_04_04_P,6510000,6.51E+17,2010.8.11,,3,폐업,2,폐업,2018.7.12,,,,713-8988,0,690-905,제주특별자치도 제주시 애월읍 구엄리 ***번지,,,아침소리 부화장,2018.7.12 8:37,I,2018.8.31 23:59,,142813.3454,-1437.099693,부화업,,691,0,
393,부화업,02_04_04_P,6510000,6.51E+17,2011.1.24,,3,폐업,2,폐업,2022.12.27,,,,,0,690-012,제주특별자치도 제주시 구좌읍 상도리 ***,,,미봉오리부화장,2022.12.27 19:42,U,2022.12.29 2:40,,187171.8346,484.098583,부화업,,704,0,0
394,부화업,02_04_04_P,6510000,6.51E+17,2012.3.14,,3,폐업,2,폐업,2021.10.12,,,,,,695-924,제주특별자치도 제주시 한림읍 금악리 ***-***,제주특별자치도 제주시 한림읍 금악목장길 **,63021,한라오리,2021.10.12 16:54,U,2021.10.14 2:40,,137499.2456,-14142.99373,부화업,,738,0,0
395,부화업,02_04_04_P,3630000,3.63E+17,2004.11.8,,3,폐업,2,폐업,2004.11.8,,,,,0,506-727,광주광역시 광산구 장덕동 ***-*번지,,,삼일부화장,2004.11.8 15:12,I,2018.8.31 23:59,,,,부화업,,2,0,
396,부화업,02_04_04_P,3640000,3.64E+17,1989.7.14,,3,폐업,2,폐업,2004.7.7,,,,041-735-0844,0,320-870,대전광역시 동구 중동 **번지,,,신광부화장,2005.11.25 11:16,I,2018.8.31 23:59,,,,부화업,,1,0,
397,부화업,02_04_04_P,5530000,5.53E+17,1989.11.25,,3,폐업,2,폐업,2011.11.24,,,,374-4429,0,445-964,경기도 화성시 정남면 덕절리 ***-*,,,성산부화장,2011.11.24 16:35,I,2020.8.5 0:23,,202461.7986,404163.5386,부화업,,35,0,
398,부화업,02_04_04_P,5530000,5.53E+17,1992.1.14,,3,폐업,2,폐업,2009.6.4,,,,356-2552,0,445-040,경기도 화성시 북양동 ***,,,남성부화장,2009.6.5 15:28,I,2020.8.5 0:23,,,,부화업,,36,0,
399,부화업,02_04_04_P,5530000,5.53E+17,1997.7.18,,3,폐업,2,폐업,2011.10.4,,,,352-3285,0,445-961,경기도 화성시 정남면 귀래리 ***-*,,,운화부화장,2011.10.11 21:23,I,2020.8.5 0:23,,198945.7371,403113.1453,부화업,,31,0,
400,부화업,02_04_04_P,5530000,5.53E+17,1999.12.15,,3,폐업,2,폐업,2014.6.5,,,,352-1149,0,445-931,경기도 화성시 양감면 대양리 ***,,,삼현영농조합법인,2014.6.5 18:02,I,2020.8.5 0:23,,194611.4134,399322.0586,부화업,,33,0,
401,부화업,02_04_04_P,5530000,5.53E+17,1999.7.7,,3,폐업,2,폐업,2006.11.7,,,,204-3830,0,445-973,경기도 화성시 반월동 **-*,,,수원부화장,2006.11.7 14:56,I,2020.8.5 0:23,,205671.7406,414650.8667,부화업,,32,0,
402,부화업,02_04_04_P,5020000,5.02E+17,2008.6.25,,3,폐업,2,폐업,2017.8.24,,,,054-243-9535,0,791-872,경상북도 포항시 북구 신광면 죽성리 **번지,경상북도 포항시 북구 신광면 비학로 ***-*,37522,신광부화장,2017.8.25 10:54,I,2018.8.31 23:59,,403270.5398,294426.8073,부화업,,540,0,
403,부화업,02_04_04_P,3670000,3.67E+17,1997.3.12,,3,폐업,2,폐업,2015.1.15,,,,,670,305-308,대전광역시 유성구 장대동 ***-**번지,,,형제부화장,2015.1.19 9:52,I,2018.8.31 23:59,,,,부화업,,25,0,
404,부화업,02_04_04_P,3670000,3.67E+17,2003.2.7,,3,폐업,2,폐업,2007.6.27,,,,042)822-1851,235,305-360,대전광역시 유성구 학하동 ***번지,,,청원부화장,2007.6.27 11:15,I,2018.8.31 23:59,,,,부화업,,24,0,
405,부화업,02_04_04_P,5310000,5.31E+17,2004.4.2,,3,폐업,2,폐업,2021.8.17,,,,,0,660-941,경상남도 진주시 미천면 효자리 ***,경상남도 진주시 미천면 진산로****번길 **,52600,진주부화장,2021.8.17 9:44,U,2021.8.19 2:40,,299478.6739,204295.3007,부화업,,11,0,0
406,부화업,02_04_04_P,5310000,5.31E+17,2005.4.6,,3,폐업,2,폐업,2014.2.17,,,,745-9952,0,660-912,경상남도 진주시 대곡면 설매리 ****-*번지,경상남도 진주시 대곡면 널방재길 ***,,진주오리농장,2014.2.17 11:09,I,2018.8.31 23:59,,305052.0092,199970.0829,부화업,,73,0,
407,부화업,02_04_04_P,5310000,5.31E+17,2004.4.2,,3,폐업,2,폐업,2012.1.6,,,,758-6802,0,660-831,경상남도 진주시 금곡면 검암리 ****-*번지,,,협진부화장,2012.1.7 11:21,I,2018.8.31 23:59,,,,부화업,,1,0,
408,부화업,02_04_04_P,4680000,4.68E+17,2004.11.1,,3,폐업,2,폐업,2020.7.16,,,,,0,570-800,전라북도 익산시 함열읍 와리 ***-**,전라북도 익산시 함열읍 함열로 ***,54511,익산부화장,2020.7.16 15:46,U,2020.7.18 2:40,,,,부화업,,46,L00,
409,부화업,02_04_04_P,5400000,5.4E+17,1990.10.23,,3,폐업,2,폐업,2003.7.1,,,,055-583-6842,0,637-955,경상남도 함안군 여항면 내곡리 산 ***-*번지,,,형제부화장,2011.10.30 14:48,I,2018.8.31 23:59,,,,부화업,,58,0,
410,부화업,02_04_04_P,5400000,5.4E+17,2005.6.4,,3,폐업,2,폐업,2009.12.15,,,,,0,637-955,경상남도 함안군 여항면 내곡리 ***번지,경상남도 함안군 여항면 내곡*길 **-*,52073,함안농원,2011.10.30 14:46,I,2018.8.31 23:59,,332161.8841,189288.2877,부화업,,77,0,
411,부화업,02_04_04_P,5340000,5.34E+17,2007.4.12,,3,폐업,2,폐업,2015.3.3,,,,8055-854-7994,0,664-821,경상남도 사천시 서포면 자혜리 ***번지,,,연희농장,2015.3.3 22:33,I,2018.8.31 23:59,,291452.0951,167112.2349,부화업,,308,0,
412,부화업,02_04_04_P,5010000,5.01E+17,2010.11.9,,3,폐업,2,폐업,2013.9.30,,,,,0,535-831,전라남도 신안군 임자면 광산리 ***-*번지,,,덕인 부화.양계장,2013.10.1 14:52,I,2018.8.31 23:59,,115161.5659,177240.7888,부화업,,630,0,
413,부화업,02_04_04_P,4080000,4.08E+17,1991.6.28,,3,폐업,2,폐업,2012.4.23,,,,,0,456-240,경기도 안성시 석정동 **-*번지,,,석정부화장,2012.4.23 15:01,I,2018.8.31 23:59,,,,부화업,,2027,0,
414,부화업,02_04_04_P,4080000,4.08E+17,1993.7.10,,3,폐업,2,폐업,2018.3.13,,,,,0,,경기도 안성시 삼죽면 배태리 **번지,,,덕성부화장,2018.3.14 16:57,I,2018.8.31 23:59,,,,부화업,,,0,
415,부화업,02_04_04_P,4080000,4.08E+17,1993.11.15,,3,폐업,2,폐업,2012.4.23,,,,,0,456-826,경기도 평택시 비전동 ***-*번지,,,광일부화장,2012.4.23 15:10,I,2018.8.31 23:59,,,,부화업,,1170,0,
416,부화업,02_04_04_P,4080000,4.08E+17,2005.11.3,,3,폐업,2,폐업,2016.9.28,,,,,0,456-852,경기도 안성시 서운면 신흥리 ***-*번지,경기도 안성시 서운면 사갑*길 ***-**,,혜준부화장,2016.9.28 16:23,I,2018.8.31 23:59,,221594.7937,380596.1933,부화업,,1183,0,
417,부화업,02_04_04_P,4080000,4.08E+17,2007.12.27,,3,폐업,2,폐업,2020.1.20,,,,,0,456-821,경기도 안성시 공도읍 건천리 **-*번지,경기도 안성시 공도읍 웅교*길 **-***,,동원축산,2020.1.21 3:30,U,2020.1.23 2:40,,216077.4029,385723.2273,부화업,,1471,0,
418,부화업,02_04_04_P,4090000,4.09E+17,2008.1.18,,3,폐업,2,폐업,2014.5.8,,,,983-6626,0,415-010,경기도 김포시 감정동 ***-**번지,경기도 김포시 옹주물로 ***-* (감정동),,골드부화장,2014.5.8 18:08,I,2018.8.31 23:59,,172113.4325,458778.8986,부화업,,428,0,
419,부화업,02_04_04_P,4080000,4.08E+17,2011.2.19,,3,폐업,2,폐업,2019.3.19,,,,673-9959,0,456-290,경기도 안성시 중리동 **-*번지,경기도 안성시 발화대길 ***-** (중리동),,농업회사법인유한회사에이치비씨,2019.3.21 11:32,U,2019.3.23 2:40,,225659.4039,386648.0887,부화업,,2116,L00,
420,부화업,02_04_04_P,5710000,5.72E+17,1987.6.29,,3,폐업,2,폐업,2014.6.9,,,,266-4338,0,361-804,충청북도 청주시 상당구 가덕면 청용리 산 **-*번지,,,청룡부화장,2014.6.9 20:05,I,2018.8.31 23:59,,248119.4594,336077.0577,부화업,,2,0,
421,부화업,02_04_04_P,5710000,5.72E+17,1998.4.4,,3,폐업,2,폐업,2005.8.5,,,,,0,363-862,충청북도 청주시 상당구 낭성면 문박리 ***-*번지,충청북도 청주시 상당구 낭성면 호정대신로 ***-**,,계림부화장,2005.8.5 16:09,I,2018.8.31 23:59,,253748.5833,348935.0356,부화업,,531,0,
422,부화업,02_04_04_P,5710000,5.725E+17,1987.7.28,,3,폐업,2,폐업,2004.6.14,,,,,0,361-140,충청북도 청주시 서원구 모충동 ***-*번지,,,개성부화장,2004.6.14 16:55,I,2018.8.31 23:59,,,,부화업,,1,0,
423,부화업,02_04_04_P,5710000,5.725E+17,2004.6.16,,3,폐업,2,폐업,2014.6.9,,,,,0,361-804,충청북도 청주시 서원구 개신동 산 **-*번지,,,청룡부화장,2014.6.9 12:02,I,2018.8.31 23:59,,,,부화업,,3,0,
424,부화업,02_04_04_P,5710000,5.73E+17,2004.4.12,,3,폐업,2,폐업,2014.1.10,,,,,0,363-955,충청북도 청주시 흥덕구 오송읍 정중리 **-*번지,충청북도 청주시 흥덕구 오송읍 정중*길 **,,송학부화장,2014.1.13 15:22,I,2018.8.31 23:59,,,,부화업,,1,0,
425,부화업,02_04_04_P,5710000,5.73E+17,1990.1.24,,3,폐업,2,폐업,2014.6.2,,,,260-1696,0,363-955,충청북도 청주시 흥덕구 오송읍 정중리 ***번지,충청북도 청주시 흥덕구 오송읍 봉산*길 **-*,,일월부화장,2014.6.9 8:54,I,2018.8.31 23:59,,,,부화업,,2,0,
426,부화업,02_04_04_P,5710000,5.735E+17,1996.12.13,,3,폐업,2,폐업,2005.3.7,,,,,0,363-884,충청북도 청주시 청원구 오창읍 모정리,,,모정부화장,2005.3.7 14:47,I,2018.8.31 23:59,,,,부화업,,60,0,
427,부화업,02_04_04_P,4450000,4.45E+17,2004.6.3,,3,폐업,2,폐업,2015.12.9,,,,530-6315,0,365-830,충청북도 진천군 광혜원면 죽현리 산 **-**번지,,,(주)주원산오리부화장,2015.12.9 14:37,I,2018.8.31 23:59,,237809.1035,382679.7891,부화업,,15,0,
428,부화업,02_04_04_P,4450000,4.45E+17,2004.6.3,,3,폐업,2,폐업,2015.12.14,,,,533-0643,0,365-805,충청북도 진천군 진천읍 신정리 **-*번지,충청북도 진천군 진천읍 농다리로 ****-**,,영농조합법인 신정농원,2015.12.14 12:52,I,2018.8.31 23:59,,241229.2943,371421.798,부화업,,16,L00,
429,부화업,02_04_04_P,4450000,4.45E+17,2004.6.3,,3,폐업,2,폐업,2015.12.14,,,,,0,365-802,충청북도 진천군 진천읍 송두리 ***-*번지,,,주원식품,2015.12.14 12:53,I,2018.8.31 23:59,,,,부화업,,17,0,
430,부화업,02_04_04_P,5690000,5.69E+17,1993.11.11,,3,폐업,2,폐업,2014.1.6,,,,041-865-3313,561,339-804,세종특별자치시 조치원읍 번암리 ***-*번지,,,쌍학부화장,2014.1.6 13:34,I,2018.8.31 23:59,,226340.637,342470.8608,부화업,,4,0,
431,부화업,02_04_04_P,5690000,5.69E+17,1990.3.21,,3,폐업,2,폐업,2009.10.20,,,,041-857-1468,1020,314-914,세종특별자치시 장군면 하봉리 **-*번지,,,장기부화장,2009.10.22 11:47,I,2018.8.31 23:59,,217776.9517,332648.2129,부화업,,1488,0,
432,부화업,02_04_04_P,5690000,5.69E+17,2004.6.22,,3,폐업,2,폐업,2015.12.17,,,,041-867-0463,0,339-812,세종특별자치시 연서면 기룡리 **-*번지,충청남도 연기군 서면 효교로 **-**,339-812,영동부화장,2015.12.17 11:22,I,2018.8.31 23:59,,,,부화업,,5,0,
433,부화업,02_04_04_P,5690000,5.69E+17,2004.6.22,,3,폐업,2,폐업,2018.3.14,,,,041-862-5040,0,339-806,세종특별자치시 조치원읍 서창리 **-**번지,,,연기부화장,2018.3.14 10:00,I,2018.8.31 23:59,,226379.5442,345697.3523,부화업,,6,0,
434,부화업,02_04_04_P,5690000,5.69E+17,2004.6.23,,3,폐업,2,폐업,2009.10.20,,,,,0,314-914,세종특별자치시 장군면 하봉리 ***-*번지,,,장기,2009.10.22 16:45,I,2018.8.31 23:59,,217477.6435,332272.3949,부화업,,4,0,
435,부화업,02_04_04_P,4470000,4.47E+17,1997.1.7,,3,폐업,2,폐업,2007.12.10,,,,,0,,충청북도 음성군 삼성면 덕정리 ***-*번지,충청북도 음성군 삼성면 덕정로***번길 **,27653,체리부로식품(주)삼성유니트,2018.7.10 17:08,I,2018.8.31 23:59,,245274.8552,390300.4243,부화업,,946,0,
436,부화업,02_04_04_P,4470000,4.47E+17,2004.5.1,,3,폐업,2,폐업,2023.6.27,,,,043-877-5769,0,369-833,충청남도 보령시 천북면 하만리 ***-*,충청북도 음성군 삼성면 덕정로***번길 **,27653,농업회사법인 (주)한국원종 삼성부화장,2023.6.27 11:46,U,2023.6.29 2:40,,157111.056,329188.57,부화업,,9,L00,0
437,부화업,02_04_04_P,4470000,4.47E+17,2007.12.13,,3,폐업,2,폐업,2010.11.11,,,,043-873-5289,0,369-861,충청북도 음성군 원남면 상노리 ***-*번지,,,성원부화장,2015.7.22 16:51,I,2018.8.31 23:59,,,,부화업,,444,0,
438,부화업,02_04_04_P,4420000,4.42E+17,1994.3.24,,3,폐업,2,폐업,2004.1.17,,,,,0,,충청북도 보은군 수한면 율산리 *-*번지,,,신안부화장,2004.1.17 12:06,I,2018.8.31 23:59,,,,부화업,,,0,
439,부화업,02_04_04_P,4420000,4.42E+17,1996.8.20,,3,폐업,2,폐업,2004.1.17,,,,,0,,충청북도 보은군 보은읍 죽전리 ***-*번지,,,죽전부화장,2004.1.17 12:31,I,2018.8.31 23:59,,264435.5978,331246.4805,부화업,,,100,
440,부화업,02_04_04_P,4420000,4.42E+17,1991.4.23,,3,폐업,2,폐업,2006.5.23,,,,,0,376-806,충청북도 보은군 보은읍 어암리 ***-*번지,,,죽전제2부화장,2006.5.23 9:04,I,2018.8.31 23:59,,265722.5233,331762.5013,부화업,,41,100,
441,부화업,02_04_04_P,4070000,4.07E+17,1998.9.21,,3,폐업,2,폐업,2021.1.14,,,,,0,467-851,경기도 이천시 단월동 **,경기도 이천시 대월면 대장로 ***-**,17402,대일,2021.1.14 15:43,U,2021.1.16 2:40,,240110.1589,413121.1126,부화업,,24,0,
442,부화업,02_04_04_P,4390000,4.39E+17,1996.7.30,,3,폐업,2,폐업,2005.8.29,,,,,498.32,380-882,충청북도 충주시 주덕읍 창전리 **-*번지,,,명지부화장,2005.8.29 16:00,I,2018.8.31 23:59,,269479.2477,385878.2169,부화업,,4,0,
443,부화업,02_04_04_P,4390000,4.39E+17,2001.5.16,,3,폐업,2,폐업,2013.4.10,,,,,679.6,380-841,충청북도 충주시 엄정면 신만리 ***번지,,,(주)중원축산,2013.4.11 13:10,I,2018.8.31 23:59,,282869.083,399776.3302,부화업,,2,0,
444,부화업,02_04_04_P,4390000,4.39E+17,2001.12.7,,3,폐업,2,폐업,2004.4.14,,,,,78,380-966,충청북도 충주시 호암동 **번지,,,충주부화장,2004.4.14 15:10,I,2018.8.31 23:59,,283943.0949,383687.4306,부화업,,5,0,
445,부화업,02_04_04_P,4460000,4.46E+17,2007.1.25,,3,폐업,2,폐업,2014.8.5,,,,,0,367-913,충청북도 괴산군 불정면 지장리 ***-*번지,충청북도 괴산군 불정면 문무로 ***,,청원농장,2014.8.5 16:04,I,2018.10.9 15:19,,273768.6466,372210.5357,부화업,,326,0,
446,부화업,02_04_04_P,4050000,4.05E+17,1992.10.12,,1,영업/정상,3,행정처분,,,,,286-3215,562.5,449-915,경기도 용인시 기흥구 청덕동 ***-*번지,,,진성부화장,2017.8.18 11:29,I,2018.8.31 23:59,,213682.2927,421572.6178,부화업,,13,0,
447,부화업,02_04_04_P,4530000,4.53E+17,2011.6.7,,4,취소/말소/만료/정지/중지,4,말소,,,,,,,356-840,제주특별자치도 서귀포시 색달동 ***-*번지,,,보령부화장,2011.6.10 14:18,I,2018.8.31 23:59,,,,부화업,,1118,0,
448,부화업,02_04_04_P,4510000,4.51E+17,1999.10.21,,4,취소/말소/만료/정지/중지,4,말소,,,,,041-932-6202,390,355-892,충청남도 보령시 동대동,충청남도 보령시 청라면 은선길 **,33424,보금부화장,2019.12.23 18:30,U,2019.12.25 2:40,,171407.718,320209.4613,부화업,,53,L00,
449,부화업,02_04_04_P,5600000,5.6E+17,2002.1.23,,4,취소/말소/만료/정지/중지,4,말소,,,,,542-0144,0,487-872,경기도 포천시 소흘읍 송우리 ***-*,경기도 포천시 군내면 꽃배산*길 **,11156,치크랜드,2022.9.21 14:50,U,2022.9.23 2:40,,212947.0095,480592.6845,부화업,,5,0,0
450,부화업,02_04_04_P,5600000,5.6E+17,2011.3.24,,4,취소/말소/만료/정지/중지,4,말소,,,,,544-8333,0,487-823,경기도 양주시 옥정동 ***,경기도 포천시 소흘읍 화합로***번길 **,,영농조합법인 합자회사 독바위축산,2022.9.21 10:51,U,2022.9.23 2:40,,212532.9848,481834.9006,부화업,,1460,L00,0
451,부화업,02_04_04_P,5141000,5.14E+17,2022.11.24,,4,취소/말소/만료/정지/중지,4,말소,,,,,,,39000,경상북도 칠곡군 지천면 창평리 ****,대구광역시 군위군 소보면 사촌길 ***-**,43100,명품부화장,2023.3.27 20:15,I,2023.7.1 16:42,,329057.5088,310262.5155,부화업,,941,0,0
452,부화업,02_04_04_P,4890000,4.89E+17,2014.1.17,,4,취소/말소/만료/정지/중지,4,말소,,,,,,,546-801,충청남도 예산군 신암면 용궁리 *** 외 **필지,전라남도 보성군 보성읍 일림로 ****-**,59446,신흥보성부화장,2021.6.15 15:32,U,2021.6.17 2:40,,203841.831,138348.9112,부화업,,1004,0,
453,부화업,02_04_04_P,4940000,4.94E+17,2004.11.29,,4,취소/말소/만료/정지/중지,4,말소,,,,,,0,526-821,전라남도 영암군 덕진면 금강리 **-*번지,,,덕신영농조합법인,2009.6.22 13:36,I,2018.8.31 23:59,,,,부화업,,31,L00,
454,부화업,02_04_04_P,5700000,5.7E+17,2021.6.9,,4,취소/말소/만료/정지/중지,4,말소,,,,,,,12647,경기도 여주시 교동 ***,경기도 여주시 능서면 양화로 ***-**,12647,신애메추리농장,2022.1.5 13:58,U,2022.1.7 2:40,,249378.2189,417679.4704,부화업,,1439,0,0
455,부화업,02_04_04_P,4090000,4.09E+17,1995.1.2,,4,취소/말소/만료/정지/중지,4,말소,,,,,,0,415-040,경기도 김포시 대곶면 송마리 ***번지,경기도 김포시 대곶면 대곶로***번길 ***,,경인축산,2008.1.17 18:06,I,2018.8.31 23:59,,161294.8716,462266.8538,부화업,,427,0,