번호,개방서비스명,개방서비스아이디,개방자치단체코드,관리번호,인허가일자,인허가취소일자,영업상태구분코드,영업상태명,상세영업상태코드,상세영업상태명,폐업일자,휴업시작일자,휴업종료일자,재개업일자,소재지전화,소재지면적,소재지우편번호,소재지전체주소,도로명전체주소,도로명우편번호,사업장명,최종수정시점,데이터갱신구분,데이터갱신일자,업태구분명,좌표정보(x),좌표정보(y),환경업무구분명,업종구분명,종별명,주생산품명,배출시설조업시간,배출시설연간가동일수,방지시설조업시간,방지시설연간가동일수
1,가축분뇨배출시설관리업(사업장),09_30_02_P,4710000,4.71E+17,2013.1.29,,2,휴업,1,휴업,,2014.10.24,,,542-3325,,576-973,전라북도 김제시 용지면 용암리 18-122,전라북도 김제시 용지면 신암길 57,,신암영농조합법인,2014.10.24 15:43,I,2018.8.31 23:59,,198563.7551,259633.4076,분뇨등관련영업관리,,,,,,,
2,가축분뇨배출시설관리업(사업장),09_30_02_P,3910000,3.91E+17,2019.6.26,,2,휴업,1,휴업,,2020.12.1,,,031-686-7888,,,경기도 평택시 현덕면 신왕리 309,경기도 평택시 현덕면 현덕로 684,17970,(주)환경에너지오앤엠,2020.11.27 16:12,U,2020.11.29 2:40,,196688.4365,381622.7932,분뇨등관련영업관리,,,,,,,
3,가축분뇨배출시설관리업(사업장),09_30_02_P,4690000,4.69E+17,2007.11.16,,2,휴업,1,휴업,,2008.4.18,,,063 538 5504,,580-803,전라북도 정읍시 수성동 620-17,,,미래환경ENG,2008.4.18 18:33,I,2018.8.31 23:59,,186780.3758,229939.8729,분뇨등관련영업관리,,,,,,,
4,가축분뇨배출시설관리업(사업장),09_30_02_P,4690000,4.69E+17,2008.7.24,,2,휴업,1,휴업,,2011.7.2,,,635712117,,580-912,전라북도 정읍시 감곡면 방교리 1451-2,전라북도 정읍시 감곡면 감곡동서로 211-11,,(주)아이앤이,2009.7.3 17:32,I,2018.8.31 23:59,분뇨 및 축산폐기물 처리업,192149.0595,247293.1674,분뇨등관련영업관리,분뇨 및 축산폐기물 처리업,,,,,,
5,가축분뇨배출시설관리업(사업장),09_30_02_P,3740000,3.74E+17,2014.5.8,,2,휴업,1,휴업,,2016.6.1,,,031-241-9450,,440-814,경기도 수원시 장안구 연무동 247-14,경기도 수원시 장안구 연무로 3 (연무동),,(주)에코바이론,2021.11.5 9:01,U,2021.11.7 2:40,,202534.0137,421163.5223,분뇨등관련영업관리,,,,,0,,0
6,가축분뇨배출시설관리업(사업장),09_30_02_P,5710000,5.71E+17,2009.11.25,,2,휴업,1,휴업,,2020.7.1,,,043-255-6509,,,충청북도 청주시 청원구 외남동 80,충청북도 청주시 청원구 외남로 118 (외남동),28307,(주)조은창세환경,2020.9.28 17:19,U,2020.9.30 2:40,,243922.0852,355431.2791,분뇨등관련영업관리,,,,,,,
7,가축분뇨배출시설관리업(사업장),09_30_02_P,5530000,5.53E+17,2019.10.26,,2,휴업,1,휴업,,2023.4.4,,,031-377-2984,,,경기도 화성시 영천동 397 동탄 SK V1 center,"경기도 화성시 동탄순환대로 830, 동탄 SK V1 center 1103호 (영천동)",18468,주식회사 동진씨앤지,2023.4.4 16:45,U,2023.4.6 2:40,,208532.4273,412025.2356,분뇨등관련영업관리,,,,,0,,0
8,가축분뇨배출시설관리업(사업장),09_30_02_P,5710000,5.71E+17,2022.8.1,,2,휴업,1,휴업,,2022.10.4,,,043-215-8151,,360-806,충청북도 청주시 청원구 내덕동 597-29,충청북도 청주시 청원구 새터로 124 (내덕동),360-806,영우종합환경 주식회사,2022.9.30 9:08,U,2022.10.2 2:40,사업시설 유지관리 서비스업,242690.333,351232.8211,분뇨등관련영업관리,사업시설 유지관리 서비스업,,,,0,,0
9,가축분뇨배출시설관리업(사업장),09_30_02_P,4680000,4.68E+17,2018.11.6,,1,영업/정상,11,영업,,,,,063-838-7991,,,전라북도 익산시 영등동 191-29,"전라북도 익산시 동서로 370, 6층 607호 (영등동)",54630,(주)코엔텍,2021.4.1 7:42,U,2021.4.3 2:40,,197669.2684,272209.6204,분뇨등관련영업관리,,,,,,,
10,가축분뇨배출시설관리업(사업장),09_30_02_P,5220000,5.22E+17,2019.5.17,,1,영업/정상,11,영업,,,,,054-973-1487,,,경상북도 칠곡군 지천면 연화리 131-4,경상북도 칠곡군 지천면 칠곡대로 2040-34,39867,(주)동화티엔피,2023.4.28 17:16,U,2023.5.1 2:40,,330662.6013,274745.1707,분뇨등관련영업관리,,,,,0,,0
11,가축분뇨배출시설관리업(사업장),09_30_02_P,5380000,5.38E+17,2019.5.16,,1,영업/정상,11,영업,,,,,,,,경상남도 양산시 어곡동 870-5,,,태영엔지니어링(주),2020.7.1 10:51,U,2020.7.3 2:40,,,,분뇨등관련영업관리,,,,,,,
12,가축분뇨배출시설관리업(사업장),09_30_02_P,5110000,5.11E+17,2023.6.26,,1,영업/정상,11,영업,,,,,,,,대구광역시 남구 대명동 629-21 2층,"대구광역시 남구 대명남로 144, 2층 (대명동)",42490,고려중기,2023.6.27 22:52,U,2023.6.29 2:40,축산 분뇨 처리업,342153.6979,260575.8035,분뇨등관련영업관리,축산 분뇨 처리업,,,,0,,0
13,가축분뇨배출시설관리업(사업장),09_30_02_P,5141000,5.141E+17,2014.3.20,,1,영업/정상,11,영업,,,,,543824006,,716-863,대구광역시 군위군 의흥면 읍내리 526,,,영진위생사,2014.3.20 8:05,I,2023.7.1 16:42,분뇨 처리업,354125.7149,298364.0024,분뇨등관련영업관리,분뇨 처리업,,,,0,,0
14,가축분뇨배출시설관리업(사업장),09_30_02_P,4301000,4.301E+17,2015.9.7,,1,영업/정상,11,영업,,,,,033-452-8472,,,강원특별자치도 철원군 갈말읍 군탄리 779-3,강원특별자치도 철원군 갈말읍 풍전길 44,,(주)에코이에스,2022.11.18 16:37,I,2023.6.13 0:00,,226835.566,517739.003,분뇨등관련영업관리,,,,,0,,0
15,가축분뇨배출시설관리업(사업장),09_30_02_P,4201000,4.201E+17,2020.5.14,,1,영업/정상,11,영업,,,,,662-1730,,,강원특별자치도 강릉시 주문진읍 교항리 1207-10,강원특별자치도 강릉시 주문진읍 농공단지길 40-22,25422,(주)대양환경기술,2022.3.17 13:18,I,2023.6.13 0:00,"하수, 폐수 및 분뇨 처리업",360689.1471,486906.3883,분뇨등관련영업관리,"하수, 폐수 및 분뇨 처리업",,,,0,,0
16,가축분뇨배출시설관리업(사업장),09_30_02_P,4191000,4.191E+17,2015.12.15,,1,영업/정상,11,영업,,,,,033-742-6431,,,강원특별자치도 원주시 호저면 만종리 217-1,강원특별자치도 원주시 호저면 우무개로 326,26349,(주)삼성환경엔지니어링,2023.2.22 14:54,I,2023.6.13 0:00,,280935.0243,429774.1331,분뇨등관련영업관리,,,,,0,,0
17,가축분뇨배출시설관리업(사업장),09_30_02_P,4710000,4.71E+17,1998.6.1,,1,영업/정상,11,영업,,,,,,,,전라북도 김제시 서암동 353 김제시청,"전라북도 김제시 중앙로 40, 김제시청 (서암동)",54386,새올중복등록사항,2019.9.4 20:34,I,2019.9.6 2:22,,189129.5287,255979.8954,분뇨등관련영업관리,,,,,,,
18,가축분뇨배출시설관리업(사업장),09_30_02_P,4470000,4.47E+17,2008.1.28,,1,영업/정상,11,영업,,,,,438738007,,369-807,충청북도 음성군 음성읍 읍내리 643-10 1층,충청북도 음성군 음성읍 용광로15번길 6  (1층),,민우환경,2022.4.15 15:05,I,2022.4.17 0:22,,261318.9827,382240.7631,분뇨등관련영업관리,,,,,0,,0
19,가축분뇨배출시설관리업(사업장),09_30_02_P,5080000,5.08E+17,2016.8.9,,1,영업/정상,11,영업,,,,,054-474-2283,,,경상북도 구미시 해평면 월호리 306 주식회사보광티엔씨,"경상북도 구미시 해평면 월호3길 29, 주식회사보광티엔씨",39154,주식회사 케이디,2020.11.20 15:19,U,2020.11.22 2:40,환경컨설팅 및 관련 엔지니어링 서비스업,325133.7762,301720.9485,분뇨등관련영업관리,환경컨설팅 및 관련 엔지니어링 서비스업,,,,,,
20,가축분뇨배출시설관리업(사업장),09_30_02_P,3990000,3.99E+17,2015.6.1,,1,영업/정상,11,영업,,,,,575-9204,,,경기도 남양주시 진접읍 내곡리 190-5,경기도 남양주시 진접읍 금강로 976 (2층),472-863,(주)가나엔텍,2022.4.19 8:01,U,2022.4.21 2:40,,214239.5557,465025.4977,분뇨등관련영업관리,,,,,0,,0
21,가축분뇨배출시설관리업(사업장),09_30_02_P,5410000,5.41E+17,2016.11.7,,1,영업/정상,11,영업,,,,,555339942,,635-903,경상남도 창녕군 남지읍 남지리 58-1,경상남도 창녕군 남지읍 낙동로 681,635-903,창녕군시설관리공단,2017.2.10 13:45,I,2018.8.31 23:59,,335166.0084,212374.9959,분뇨등관련영업관리,,,,,,,
22,가축분뇨배출시설관리업(사업장),09_30_02_P,4490000,4.49E+17,1999.12.1,,1,영업/정상,11,영업,,,,,415742225,,,충청남도 천안시 서북구 백석동 1206 M동 302호,"충청남도 천안시 서북구 백석공단1로 10, M동 302호 (백석동)",31094,이수환경(주),2021.11.23 9:37,U,2021.11.25 2:40,,209836.9485,369163.4886,분뇨등관련영업관리,,,,,0,,0
23,가축분뇨배출시설관리업(사업장),09_30_02_P,4490000,4.49E+17,2000.8.1,,1,영업/정상,11,영업,,,,,041-565-6042,,,충청남도 천안시 동남구 목천읍 동평리 36-43,충청남도 천안시 동남구 목천읍 동평8길 13,31230,(주)엔비텍코리아,2023.1.17 11:36,U,2023.1.19 2:40,,221747.062,363884.645,분뇨등관련영업관리,,,,,0,,0
24,가축분뇨배출시설관리업(사업장),09_30_02_P,4830000,4.83E+17,2015.9.23,,1,영업/정상,11,영업,,,,,061-331-8775,,,전라남도 나주시 산포면 등정리 936-13,"전라남도 나주시 산포면 산남로 141, 201호",58212,주식회사 누리,2022.3.22 14:24,U,2022.3.24 2:40,"하수, 분뇨 및 축산폐기물 처리업",184283.5061,171869.7005,분뇨등관련영업관리,"하수, 분뇨 및 축산폐기물 처리업",,,,0,,0
25,가축분뇨배출시설관리업(사업장),09_30_02_P,4710000,4.71E+17,2014.8.12,,1,영업/정상,11,영업,,,,,5445617,,,전라북도 김제시 공덕면 공덕리 972-3,전라북도 김제시 공덕면 공덕4길 355 (교동),54324,(유)해밀이엔지,2020.9.22 10:02,U,2020.9.24 2:40,폐기물 수집운반업,191373.0983,263554.5251,분뇨등관련영업관리,폐기물 수집운반업,,,,,,
26,가축분뇨배출시설관리업(사업장),09_30_02_P,5050000,5.05E+17,2001.5.22,,1,영업/정상,11,영업,,,,,547412188,,,경상북도 경주시 동천동 588,경상북도 경주시 알천북로249번길 1 (동천동),780-190,(주)에싸,2021.4.9 14:52,U,2021.4.11 2:40,,401012.146,263154.4578,분뇨등관련영업관리,,,,,,,
27,가축분뇨배출시설관리업(사업장),09_30_02_P,5050000,5.05E+17,2007.11.2,,1,영업/정상,11,영업,,,,,547412188,,,경상북도 경주시 동천동 588,경상북도 경주시 알천북로249번길 1 (동천동),780-190,(주)에싸,2014.7.3 16:15,I,2018.8.31 23:59,,401012.146,263154.4578,분뇨등관련영업관리,,,,,,,
28,가축분뇨배출시설관리업(사업장),09_30_02_P,4490000,4.49E+17,2003.1.16,,1,영업/정상,11,영업,,,,,041-577-7101,,330-260,충청남도 천안시 동남구 신방동 1023,충청남도 천안시 동남구 통정2길 5-3 (신방동),330-260,충청환경건설(주),2023.1.17 11:38,U,2023.1.19 2:40,환경상담 및 관련 엔지니어링 서비스업,211496.1768,364181.2223,분뇨등관련영업관리,환경상담 및 관련 엔지니어링 서비스업,,,,0,,0
29,가축분뇨배출시설관리업(사업장),09_30_02_P,4490000,4.49E+17,2007.11.2,,1,영업/정상,11,영업,,,,,041-555-0871,,330-861,충청남도 천안시 동남구 병천면 병천리 13,충청남도 천안시 동남구 병천면 개목고개길 43,,(주)한국환경기술,2023.1.17 11:41,U,2023.1.19 2:40,,227016.4139,363400.6564,분뇨등관련영업관리,,,,,0,,0
30,가축분뇨배출시설관리업(사업장),09_30_02_P,4490000,4.49E+17,2010.3.8,,1,영업/정상,11,영업,,,,,564-4171,,331-200,충청남도 천안시 서북구 차암동 210-18,충청남도 천안시 서북구 4산단로 64 (차암동),331-200,(주)에스엠엔지니어링,2023.7.26 17:30,U,2023.7.28 2:40,,210210.9631,371739.1828,분뇨등관련영업관리,,,,,0,,0
31,가축분뇨배출시설관리업(사업장),09_30_02_P,5350000,5.35E+17,2005.12.22,,1,영업/정상,11,영업,,,,,055 329 4946,,,경상남도 김해시 풍유동 429-12,경상남도 김해시 칠산로387번길 52-3 (풍유동),51006,(주)푸른환경E.N.G,2019.5.14 17:34,U,2019.5.16 2:40,,368300.4949,191510.2204,분뇨등관련영업관리,,,,,,,
32,가축분뇨배출시설관리업(사업장),09_30_02_P,4510000,4.51E+17,2002.1.18,,1,영업/정상,11,영업,,,,,,,355-940,충청남도 보령시 명천동 484-3번지,충청남도 보령시 청라면 죽성로 772,33422,유한회사 푸른환경,2017.2.28 9:04,I,2018.8.31 23:59,,163920.2955,316119.2299,분뇨등관련영업관리,,,,,,,
33,가축분뇨배출시설관리업(사업장),09_30_02_P,4510000,4.51E+17,2008.5.14,,1,영업/정상,11,영업,,,,,9338682,,355-943,충청남도 보령시 신흑동 911-5번지,충청남도 보령시 시영길 72-27  (신흑동),,대천환경,2008.7.23 13:19,I,2018.8.31 23:59,"하수처리, 폐기물처리 및 청소관련 서비스업",155923.4977,313777.2336,분뇨등관련영업관리,"하수처리, 폐기물처리 및 청소관련 서비스업",,,,,,
34,가축분뇨배출시설관리업(사업장),09_30_02_P,4490000,4.49E+17,2010.8.18,,1,영업/정상,11,영업,,,,,070-8915-3718,,,충청남도 천안시 서북구 차암동 5-2 천안테크노타운 407호,"충청남도 천안시 서북구 2공단2로 95, 천안테크노타운 407호 (차암동)",31075,금강엔지니어링(주),2023.1.17 11:44,U,2023.1.19 2:40,,210646.8289,372990.5877,분뇨등관련영업관리,,,,,0,,0
35,가축분뇨배출시설관리업(사업장),09_30_02_P,4490000,4.49E+17,2015.11.20,,1,영업/정상,11,영업,,,,,041-561-2360,,,충청남도 천안시 동남구 목천읍 서흥리 53-3,충청남도 천안시 동남구 목천읍 서흥1길 8,31236,서울축산기계주식회사,2023.1.17 11:45,U,2023.1.19 2:40,,221114.4632,366572.7753,분뇨등관련영업관리,,,,,0,,0
36,가축분뇨배출시설관리업(사업장),09_30_02_P,4490000,4.49E+17,2015.12.3,,1,영업/정상,11,영업,,,,,415512121,,,충청남도 천안시 서북구 불당동 720 한나프라자빌딩 701호,"충청남도 천안시 서북구 검은들3길 38, 한나프라자빌딩 701호 (불당동)",31163,(주)정토환경,2023.6.23 9:11,U,2023.6.25 2:40,,209645.7308,367775.1457,분뇨등관련영업관리,,,,,0,,0
37,가축분뇨배출시설관리업(사업장),09_30_02_P,4490000,4.49E+17,2015.12.3,,1,영업/정상,11,영업,,,,,551-2121,,331-982,충청남도 천안시 서북구 불당동 720,"충청남도 천안시 서북구 검은들3길 38, 701호 (불당동, 한나프라자)",331-982,(주)정토엔지니어링,2023.1.17 13:54,U,2023.1.19 2:40,,209645.7308,367775.1457,분뇨등관련영업관리,,,,,0,,0
38,가축분뇨배출시설관리업(사업장),09_30_02_P,5680000,5.68E+17,2011.8.30,,1,영업/정상,11,영업,,,,,041-355-2296,,,충청남도 당진시 석문면 삼봉리 2241-1,충청남도 당진시 석문면 산단7로 201 (충남당진산학융합원기업연구관 405-1호),31702,(주)가람테크,2017.7.18 11:06,I,2018.8.31 23:59,,162912.5015,389085.877,분뇨등관련영업관리,,,,,,,
39,가축분뇨배출시설관리업(사업장),09_30_02_P,5680000,5.68E+17,2013.4.19,,1,영업/정상,11,영업,,,,,413564500,,,충청남도 당진시 원당동 940,충청남도 당진시 원당로 9-17 (원당동),343-090,서진산업(주),2022.3.21 13:53,U,2022.3.23 2:40,,167718.0017,378105.5982,분뇨등관련영업관리,,,,,0,,0
40,가축분뇨배출시설관리업(사업장),09_30_02_P,4820000,4.82E+17,2015.9.18,,1,영업/정상,11,영업,,,,,061-727-5953,,,전라남도 순천시 연향동,"전라남도 순천시 팔마3길 12-401, 연향동 4층 401호 (연향동, 인아빌딩)",58002,코리아엔텍(주),2020.1.16 9:24,U,2020.1.18 2:40,,,,분뇨등관련영업관리,,,,,,,
41,가축분뇨배출시설관리업(사업장),09_30_02_P,5070000,5.07E+17,2016.7.25,,1,영업/정상,11,영업,,,,,054-854-1134,,,경상북도 안동시 정하동 289-8,경상북도 안동시 강남7길 23-10 (정하동),36751,(주)오빌이앤씨,2022.6.3 18:20,U,2022.6.8 2:40,,355195.8162,340152.2371,분뇨등관련영업관리,,,,,0,,0
42,가축분뇨배출시설관리업(사업장),09_30_02_P,4600000,4.6E+17,2014.9.25,,1,영업/정상,11,영업,,,,,642-1111,,350-872,충청남도 홍성군 결성면 성곡리 587,충청남도 홍성군 결성면 산업로116번길 102-27,350-872,농업법인 주식회사 지엔씨에이,2015.3.4 8:29,I,2018.8.31 23:59,,160388.836,339193.4358,분뇨등관련영업관리,,,,,,,
43,가축분뇨배출시설관리업(사업장),09_30_02_P,4970000,4.97E+17,2017.11.23,,1,영업/정상,11,영업,,,,,,,,전라남도 영광군 백수읍 논산리 192-1,전라남도 영광군 백수읍 백수로15길 67,57027,유한회사부림(옥당지점),2017.11.23 17:38,I,2018.8.31 23:59,,150166.5997,198890.3867,분뇨등관련영업관리,,,,,,,
44,가축분뇨배출시설관리업(사업장),09_30_02_P,4600000,4.6E+17,2006.4.24,,1,영업/정상,11,영업,,,,,,,350-809,충청남도 홍성군 홍성읍 월산리 92,충청남도 홍성군 홍성읍 홍덕서로 47,,영원환경기술(주),2021.5.17 16:52,U,2021.5.19 2:40,,168459.4214,344938.5084,분뇨등관련영업관리,,,,,,,
45,가축분뇨배출시설관리업(사업장),09_30_02_P,4600000,4.6E+17,2009.8.7,,1,영업/정상,11,영업,,,,,6335124,,350-803,충청남도 홍성군 홍성읍 남장리 221-1 한국폴리텍4대학 탐구관 401호,충청남도 홍성군 홍성읍 충서로 1200  (한국폴리텍4대학 탐구관 401호),,맑은환경기술,2018.8.20 13:23,I,2018.8.31 23:59,"기타 측정, 시험, 항해 및 정밀기기 제조업",,,분뇨등관련영업관리,"기타 측정, 시험, 항해 및 정밀기기 제조업",,,,,,
46,가축분뇨배출시설관리업(사업장),09_30_02_P,4600000,4.6E+17,2013.2.13,,1,영업/정상,11,영업,,,,,416347050,,350-805,충청남도 홍성군 홍성읍 대교리 91-10,충청남도 홍성군 홍성읍 의사로64번길 32,,서해환경(주),2022.7.21 17:45,U,2022.7.23 2:40,,170553.2552,344496.8126,분뇨등관련영업관리,,,,,0,,0
47,가축분뇨배출시설관리업(사업장),09_30_02_P,4670000,4.67E+17,2015.1.12,,1,영업/정상,11,영업,,,,,063-452-1367,,573-885,전라북도 군산시 조촌동 868-15,"전라북도 군산시 조촌4길 24-4, 조촌동 3층 (조촌동)",573-885,(유)일토씨엔엠,2020.10.5 14:39,U,2020.10.7 2:40,축산분뇨 처리업,176133.9496,274276.326,분뇨등관련영업관리,축산분뇨 처리업,,,,,,
48,가축분뇨배출시설관리업(사업장),09_30_02_P,4910000,4.91E+17,2015.12.7,,1,영업/정상,11,영업,,,,,070-7114-9900,,,전라남도 장흥군 장흥읍 평화리 519,전라남도 장흥군 장흥읍 외평길 84,59337,(주)한미엔텍,2022.9.15 16:54,U,2022.9.17 2:40,환경컨설팅 및 관련 엔지니어링 서비스업,191123.1379,129385.4383,분뇨등관련영업관리,환경컨설팅 및 관련 엔지니어링 서비스업,,,,0,,0
49,가축분뇨배출시설관리업(사업장),09_30_02_P,4980000,4.98E+17,2009.12.17,,1,영업/정상,11,영업,,,,,,,515-802,전라남도 장성군 장성읍 영천리 907-5,전라남도 장성군 장성읍 영천로 116,,(주)씨엠환경테크,2015.5.12 10:53,I,2018.8.31 23:59,,180022.1717,199645.3892,분뇨등관련영업관리,,,,,,,
50,가축분뇨배출시설관리업(사업장),09_30_02_P,4600000,4.6E+17,2013.12.23,,1,영업/정상,11,영업,,,,,416346250,,350-804,충청남도 홍성군 홍성읍 내법리 410-26,충청남도 홍성군 홍성읍 충서로1707번길 14-128,350-804,(주)두현이엔씨,2021.3.16 9:07,U,2021.3.18 2:40,,171966.0209,345140.8065,분뇨등관련영업관리,,,,,,,
51,가축분뇨배출시설관리업(사업장),09_30_02_P,4140000,4.14E+17,2015.9.7,,1,영업/정상,11,영업,,,,,315723214,,,경기도 연천군 전곡읍 전곡리 254,경기도 연천군 전곡읍 전곡로 78 (전곡주사랑교회),11037,(주)일주종합건설,2023.1.18 16:27,U,2023.1.20 2:40,,206372.1444,501941.8079,분뇨등관련영업관리,,,,,0,,0
52,가축분뇨배출시설관리업(사업장),09_30_02_P,4850000,4.85E+17,2013.3.11,,1,영업/정상,11,영업,,,,,061-383-3466,,,전라남도 담양군 담양읍 만성리 330,전라남도 담양군 담양읍 완동길 59,57335,(주)장산이엔지,2021.11.8 17:56,U,2021.11.10 2:40,,197874.0466,203165.4709,분뇨등관련영업관리,,,,,0,,0
53,가축분뇨배출시설관리업(사업장),09_30_02_P,4850000,4.85E+17,2015.7.24,,1,영업/정상,11,영업,,,,,613830081,,,전라남도 담양군 대전면 중옥리 73-1 금빛타운 206호,"전라남도 담양군 대전면 중옥길 41-8, 금빛타운 206호",57330,이엔건설 주식회사,2020.11.12 10:04,U,2020.11.14 2:40,,189444.1474,195662.3911,분뇨등관련영업관리,,,,,,,
54,가축분뇨배출시설관리업(사업장),09_30_02_P,5340000,5.34E+17,2019.12.10,,1,영업/정상,11,영업,,,,,055-831-7242,,,경상남도 사천시 대방동 670-1,경상남도 사천시 사천대로 20 (대방동),52554,사천시 시설관리공단,2023.6.30 17:07,U,2023.7.2 2:40,,296078.5173,159936.3443,분뇨등관련영업관리,,,,,0,,0
55,가축분뇨배출시설관리업(사업장),09_30_02_P,4050000,4.05E+17,2019.10.14,,1,영업/정상,11,영업,,,,,031-548-1255,,,경기도 용인시 기흥구 구갈동 582-3 대경프라자,"경기도 용인시 기흥구 중부대로 555, 대경프라자 208호 (구갈동)",16977,농업회사법인 주식회사 팜엔코,2022.12.7 17:36,U,2022.12.9 2:40,,211029.6627,418883.7766,분뇨등관련영업관리,,,,,0,,0
56,가축분뇨배출시설관리업(사업장),09_30_02_P,5310000,5.31E+17,2019.10.29,,1,영업/정상,11,영업,,,,,557628900,,660-320,경상남도 진주시 상대동 192-20,경상남도 진주시 모덕로222번길 20 (상대동),,(주)우진,2020.4.2 13:13,U,2020.4.4 2:40,,301775.1465,188105.8674,분뇨등관련영업관리,,,,,,,
57,가축분뇨배출시설관리업(사업장),09_30_02_P,4800000,4.8E+17,2019.11.1,,1,영업/정상,11,영업,,,,,061-272-6705,,,,전라남도 목포시 안장산로 37 (용당동),58704,신진유지건설(주),2022.1.6 9:26,U,2022.1.8 2:40,토목 건설업,145479.1016,144795.1643,분뇨등관련영업관리,토목 건설업,,,,0,,0
58,가축분뇨배출시설관리업(사업장),09_30_02_P,5600000,5.6E+17,2022.1.28,,1,영업/정상,11,영업,,,,,,,,경기도 포천시 선단동 산 11-1 대진대학교,"경기도 포천시 호국로 1007, 대진대학교산학협력단 304호 (선단동)",11159,(주)대진바이오워터,2022.1.28 15:39,I,2022.1.30 0:22,분뇨 및 축산분뇨 처리업,213662.031,485365.5191,분뇨등관련영업관리,분뇨 및 축산분뇨 처리업,,,,0,,0
59,가축분뇨배출시설관리업(사업장),09_30_02_P,4830000,4.83E+17,2022.2.18,,1,영업/정상,11,영업,,,,,061-335-9377,,,전라남도 나주시 노안면 금동리 산 29-1,전라남도 나주시 노안면 유곡로 276,58209,(주)무진테크노,2022.2.18 11:39,I,2022.2.22 0:22,,,,분뇨등관련영업관리,,,,,0,,0
60,가축분뇨배출시설관리업(사업장),09_30_02_P,5530000,5.53E+17,2023.6.5,,1,영업/정상,11,영업,,,,,313558101,,,경기도 화성시 남양읍 무송리 180-5,"경기도 화성시 남양읍 현대기아로 498-2, 202호",18274,대명엔텍(주),2023.6.5 15:52,I,2023.6.8 0:19,,186405.8279,410226.2803,분뇨등관련영업관리,,,,,0,,0
61,가축분뇨배출시설관리업(사업장),09_30_02_P,5530000,5.53E+17,2023.6.5,,1,영업/정상,11,영업,,,,,7050560948,,,경기도 화성시 남양읍 무송리 180-5,"경기도 화성시 남양읍 현대기아로 498-2, 201호",18274,(주)뎀코,2023.6.5 15:52,I,2023.6.8 0:19,,186405.8279,410226.2803,분뇨등관련영업관리,,,,,0,,0
62,가축분뇨배출시설관리업(사업장),09_30_02_P,4291000,4.291E+17,2007.2.9,,1,영업/정상,11,영업,,,,,,,233-813,강원특별자치도 정선군 고한읍 고한리 145-5,강원특별자치도 정선군 고한읍 강원남로 6063,233-813,나라환경개발(주),2020.10.28 14:58,I,2023.6.13 0:00,,362738.3295,413999.0611,분뇨등관련영업관리,,,,,0,,0
63,가축분뇨배출시설관리업(사업장),09_30_02_P,4291000,4.291E+17,2017.2.22,,1,영업/정상,11,영업,,,,,335630788,,,강원특별자치도 정선군 정선읍 덕송리 536-4,강원특별자치도 정선군 정선읍 서동로 1240,26121,그린건설환경합자회사,2022.5.6 18:27,I,2023.6.13 0:00,,347455.1247,434390.4741,분뇨등관련영업관리,,,,,0,,0
64,가축분뇨배출시설관리업(사업장),09_30_02_P,5600000,5.6E+17,2023.6.8,,1,영업/정상,11,영업,,,,,031-544-0530,,,경기도 포천시 소흘읍 이동교리 149-3,"경기도 포천시 소흘읍 호국로 521, 동아빌딩 1층",11184,㈜바이오워터,2023.6.8 9:08,I,2023.6.10 0:19,환경 관련 엔지니어링 서비스업,211989.6105,479641.0746,분뇨등관련영업관리,환경 관련 엔지니어링 서비스업,,,,0,,0
65,가축분뇨배출시설관리업(사업장),09_30_02_P,3970000,3.97E+17,2018.2.26,,1,영업/정상,11,영업,,,,,234242887,,427-040,경기도 과천시 별양동 1-20,경기도 과천시 별양상가3로 5 (별양동),427-707,(주)삼안,2019.1.17 9:00,U,2019.1.19 2:40,,199145.725,436058.45,분뇨등관련영업관리,,,,,,,
66,가축분뇨배출시설관리업(사업장),09_30_02_P,3640000,3.64E+17,2005.8.1,,1,영업/정상,11,영업,,,,,,,300-815,대전광역시 동구 삼성동 302-138,대전광역시 동구 옛신탄진로 2  (삼성동),,코오롱워터앤에너지(주),2013.1.15 15:10,I,2018.8.31 23:59,,238181.2133,315702.7844,분뇨등관련영업관리,,,,,,,
67,가축분뇨배출시설관리업(사업장),09_30_02_P,4880000,4.88E+17,2015.10.20,,1,영업/정상,11,영업,,,,,618355301,,,전라남도 고흥군 도양읍 용정리 1907,전라남도 고흥군 도양읍 도양해안로 84,,(주)송림,2023.1.26 16:38,U,2023.1.28 2:40,,211036.6455,116038.0093,분뇨등관련영업관리,,,,,0,,0
68,가축분뇨배출시설관리업(사업장),09_30_02_P,4440000,4.44E+17,2015.11.10,,1,영업/정상,11,영업,,,,,437451550,,370-802,충청북도 영동군 영동읍 계산리 667-9,충청북도 영동군 영동읍 계산로3길 9-30,,용진환경(주),2023.5.21 10:34,U,2023.5.23 2:40,,270177.8062,297124.6794,분뇨등관련영업관리,,,,,0,,0
69,가축분뇨배출시설관리업(사업장),09_30_02_P,3820000,3.82E+17,2002.6.28,,1,영업/정상,11,영업,,,,,,,,경기도 의정부시 의정부동 562-7,"경기도 의정부시 범골로158번길 46, 204호 (의정부동)",11653,서울정화조,2022.11.22 14:06,U,2022.11.24 2:40,,203709.6853,470153.7183,분뇨등관련영업관리,,,,,0,,0
70,가축분뇨배출시설관리업(사업장),09_30_02_P,4540000,4.54E+17,2014.9.5,,1,영업/정상,11,영업,,,,,041-736-1055,,,충청남도 논산시 내동 363-7,충청남도 논산시 시민로 227 (내동),320-030,좋은환경(주),2020.12.18 10:34,U,2020.12.20 2:40,,208585.2327,298503.1259,분뇨등관련영업관리,,,,,,,
71,가축분뇨배출시설관리업(사업장),09_30_02_P,3830000,3.83E+17,2013.11.15,,1,영업/정상,11,영업,,,,,031-389-0114,,431-065,경기도 안양시 동안구 관양동 1608-4 동아프라자 7층,경기도 안양시 동안구 부림로 121 (관양동),431-065,(주)이산,2023.4.27 16:42,U,2023.4.29 2:40,,196784.0592,432448.7266,분뇨등관련영업관리,,,,,0,,0
72,가축분뇨배출시설관리업(사업장),09_30_02_P,3830000,3.83E+17,2016.9.19,,1,영업/정상,11,영업,,,,,031-8091-2053,,,경기도 안양시 만안구 석수동 859 9층,"경기도 안양시 만안구 일직로 88, 9층 (석수동)",13901,환경시설관리주식회사,2022.1.21 16:32,U,2022.1.23 2:40,"하수, 폐수 및 분뇨 처리업",,,분뇨등관련영업관리,"하수, 폐수 및 분뇨 처리업",,,,0,,0
73,가축분뇨배출시설관리업(사업장),09_30_02_P,5080000,5.08E+17,2020.2.25,,1,영업/정상,11,영업,,,,,054-463-8010,,,경상북도 구미시 공단동 193-8 지식산업센터 제2층 206호,"경상북도 구미시 수출대로 152, 지식산업센터 2층 206호 (공단동)",39367,(주)보람엔지니어링건축사사무소,2023.7.24 10:40,U,2023.7.26 2:40,축산 관련 서비스업,324275.6536,290882.0902,분뇨등관련영업관리,축산 관련 서비스업,,,,0,,0
74,가축분뇨배출시설관리업(사업장),09_30_02_P,4780000,4.78E+17,2020.2.26,,1,영업/정상,11,영업,,,,,7049094839,,,전라북도 고창군 고창읍 석정리 783,"전라북도 고창군 고창읍 석정2로 160, 405호",56451,주식회사 서영기술,2022.10.21 8:57,U,2022.10.23 2:40,축산분뇨 처리업,176215.2718,214587.9097,분뇨등관련영업관리,축산분뇨 처리업,,,,0,,0
75,가축분뇨배출시설관리업(사업장),09_30_02_P,5700000,5.7E+17,2001.2.12,,1,영업/정상,11,영업,,,,,318851122,,,경기도 여주시 창동 228,"경기도 여주시 영릉로 72, B동 2층 (창동)",12626,유진환경건설(주),2023.5.1 10:49,U,2023.5.3 2:40,축산분뇨 처리업,255794.578,421424.0568,분뇨등관련영업관리,축산분뇨 처리업,,,,0,,0
76,가축분뇨배출시설관리업(사업장),09_30_02_P,5710000,5.71E+17,2020.3.6,,1,영업/정상,11,영업,,,,,432767221,,,"충청북도 청주시 흥덕구 운천동 1701 주성빌딩 2,3층","충청북도 청주시 흥덕구 사운로 190, 주성빌딩 2,3층 (운천동)",28469,(주)청우종합건축사사무소,2022.1.27 14:08,U,2022.1.31 2:40,건물 건설업,242706.4752,349520.0196,분뇨등관련영업관리,건물 건설업,,,,0,,0
77,가축분뇨배출시설관리업(사업장),09_30_02_P,3970000,3.97E+17,2023.4.19,,1,영업/정상,11,영업,,,,,02-6333-3045,,,경기도 과천시 갈현동 427-1 과천 스마트케이 업무시설,"경기도 과천시 과천대로7길 20, 과천 스마트케이 업무시설 B동 5~6층 (갈현동)",13840,(주)선진엔지니어링종합건축사사무소,2023.4.19 9:34,I,2023.4.21 0:20,건물 및 토목 엔지니어링 서비스업,198049.9644,434683.3699,분뇨등관련영업관리,건물 및 토목 엔지니어링 서비스업,,,,0,,0
78,가축분뇨배출시설관리업(사업장),09_30_02_P,4000000,4E+17,2023.4.19,,1,영업/정상,11,영업,,,,,,,,경기도 오산시 원동 578-4 다짐프라자 304호,"경기도 오산시 밀머리로 64, 다짐프라자 304호 (원동)",18144,미래환경기술 주식회사,2023.4.19 13:14,I,2023.4.21 0:20,환경 관련 엔지니어링 서비스업,206744.2667,403938.2288,분뇨등관련영업관리,환경 관련 엔지니어링 서비스업,,,,0,,0
79,가축분뇨배출시설관리업(사업장),09_30_02_P,5540000,5.54E+17,2023.4.11,,1,영업/정상,11,영업,,,,,02-453-6405,,,경기도 광주시 목동 143-11,경기도 광주시 염소골길 57-5 (목동),12770,주식회사 모리트,2023.4.17 10:09,U,2023.4.19 2:40,,217896.9007,430656.9927,분뇨등관련영업관리,,,,,0,,0
80,가축분뇨배출시설관리업(사업장),09_30_02_P,4500000,4.5E+17,2023.4.26,,1,영업/정상,11,영업,,,,,418580625,,,충청남도 공주시 신관동 257-18,"충청남도 공주시 번영1로 75-1, 3층 (신관동)",32575,주식회사 거미,2023.6.2 10:01,U,2023.6.4 2:40,,212120.4147,330343.89,분뇨등관련영업관리,,,,,0,,0
81,가축분뇨배출시설관리업(사업장),09_30_02_P,3940000,3.94E+17,2003.10.21,,1,영업/정상,11,영업,,,,,031-938-0641,,,경기도 고양시 일산동구 백석동 1141-1,"경기도 고양시 일산동구 일산로 138 (백석동, 일산테크노타운)",10442,(주)새롬환경기술,2015.11.10 11:48,I,2018.8.31 23:59,,181835.3583,460894.7423,분뇨등관련영업관리,,,,,,,
82,가축분뇨배출시설관리업(사업장),09_30_02_P,3940000,3.94E+17,2003.10.21,,1,영업/정상,11,영업,,,,,031-938-0641,,,경기도 고양시 일산동구 백석동 1141-1 일산테크노타운 관리동 504호,"경기도 고양시 일산동구 일산로 138, 일산테크노타운 관리동 504호 (백석동)",10442,(주)새롬환경기술,2023.2.7 17:10,U,2023.2.9 2:40,,181835.3583,460894.7423,분뇨등관련영업관리,,,,,0,,0
83,가축분뇨배출시설관리업(사업장),09_30_02_P,4080000,4.08E+17,2006.7.5,,1,영업/정상,11,영업,,,,,,,456-030,경기도 안성시 봉산동 65-1,,,주식회사 가야환경,2008.10.4 15:11,I,2018.8.31 23:59,,,,분뇨등관련영업관리,,,,,,,
84,가축분뇨배출시설관리업(사업장),09_30_02_P,4470000,4.47E+17,2003.7.28,,1,영업/정상,11,영업,,,,,,,369-807,충청북도 음성군 음성읍 읍내리 618-53,충청북도 음성군 음성읍 중앙로 156,,성실환경엔지니어링(주),2010.2.2 15:50,I,2018.8.31 23:59,,261439.441,382036.5563,분뇨등관련영업관리,,,,,,,
85,가축분뇨배출시설관리업(사업장),09_30_02_P,3210000,3.21E+17,2008.1.29,,1,영업/정상,11,영업,,,,,34780431,,137-060,서울특별시 서초구 방배동 755-7 동양빌딩 3층,"서울특별시 서초구 방배로45길 30  (방배동,동양빌딩 3층)",,(주)클립스,2010.12.8 9:26,I,2018.8.31 23:59,,198688.3941,443843.5492,분뇨등관련영업관리,,,,,,,
86,가축분뇨배출시설관리업(사업장),09_30_02_P,3780000,3.78E+17,2007.11.6,,1,영업/정상,11,영업,,,,,031-726-0780,,,경기도 성남시 분당구 수내동 16-3 코포모빌딩,"경기도 성남시 분당구 황새울로200번길 34, 코포모빌딩 1202호 (수내동)",13595,㈜파이닉스알엔디,2022.8.25 8:27,U,2022.8.27 2:40,,210014.16,430569.655,분뇨등관련영업관리,,,,,0,,0
87,가축분뇨배출시설관리업(사업장),09_30_02_P,3780000,3.78E+17,2013.10.21,,1,영업/정상,11,영업,,,,,031-724-5322,,,경기도 성남시 수정구 창곡동 559-2 슈퍼스타타워,"경기도 성남시 수정구 위례서일로 10, 슈퍼스타타워 605호 (창곡동)",13647,수자원기술주식회사,2023.6.26 18:44,U,2023.6.28 2:40,종합 건설업,212053.6567,440372.7452,분뇨등관련영업관리,종합 건설업,,,,0,,0
88,가축분뇨배출시설관리업(사업장),09_30_02_P,3780000,3.78E+17,2014.1.21,,1,영업/정상,11,영업,,,,,02-767-5463,,,경기도 성남시 분당구 야탑동 219-3 투아이센터,"경기도 성남시 분당구 벌말로50번길 41, 투아이센터 4층 (야탑동)",13503,벽산엔지니어링(주),2022.11.2 18:00,U,2022.11.4 2:40,"하수, 폐수 및 분뇨 처리업",212608.2652,434433.2622,분뇨등관련영업관리,"하수, 폐수 및 분뇨 처리업",,,,0,,0
89,가축분뇨배출시설관리업(사업장),09_30_02_P,5470000,5.47E+17,2017.8.16,,1,영업/정상,11,영업,,,,,055-944-2220,,670-809,경상남도 거창군 거창읍 중앙리 346-7,,,화성종합건설(주),2020.12.4 16:34,U,2020.12.6 2:40,,,,분뇨등관련영업관리,,,,,,,
90,가축분뇨배출시설관리업(사업장),09_30_02_P,5590000,5.59E+17,2014.12.11,,1,영업/정상,11,영업,,,,,318442101,,,경기도 양주시 유양동 230-2,경기도 양주시 부흥로1423번길 21 (유양동),11498,태일환경관리(주),2023.6.7 10:40,U,2023.6.9 2:40,,202838.913,475833.4684,분뇨등관련영업관리,,,,,0,,0
91,가축분뇨배출시설관리업(사업장),09_30_02_P,5590000,5.59E+17,2015.9.8,,1,영업/정상,11,영업,,,,,031-851-0207,,,,경기도 양주시 덕정12길 38 (덕정동),11450,더죤환경기술(주),2023.4.6 16:00,U,2023.5.26 8:48,,205674.3161,482237.7273,분뇨등관련영업관리,,,,,0,,0
92,가축분뇨배출시설관리업(사업장),09_30_02_P,4060000,4.06E+17,2015.12.28,,1,영업/정상,11,영업,,,,,319493223,,,경기도 파주시 탄현면 갈현리 1769,"경기도 파주시 탄현면 평화로 569, 1동 5호",10860,청록엔지니어링(주),2023.7.17 13:15,U,2023.7.19 2:40,종합 건설업,175353.6271,474474.874,분뇨등관련영업관리,종합 건설업,,,,0,,0
93,가축분뇨배출시설관리업(사업장),09_30_02_P,4060000,4.06E+17,2016.1.22,,1,영업/정상,11,영업,,,,,031-946-3695,,,경기도 파주시 금릉동 211-5,"경기도 파주시 가나무로 143 (금릉동, 파주메트로프라자)",10922,청해ENV(주),2023.7.13 16:05,U,2023.7.15 2:40,"하수, 폐수 및 분뇨 처리업",180645.3324,472458.6112,분뇨등관련영업관리,"하수, 폐수 및 분뇨 처리업",,,,0,,0
94,가축분뇨배출시설관리업(사업장),09_30_02_P,5710000,5.71E+17,2014.11.4,,1,영업/정상,11,영업,,,,,2714500,,362-811,충청북도 청주시 서원구 남이면 석실리 236-16,충청북도 청주시 서원구 남이면 남석로 403,362-811,(주)푸른환경산업,2023.2.23 18:10,U,2023.2.25 2:40,축산분뇨 처리업,238229.7266,343433.8944,분뇨등관련영업관리,축산분뇨 처리업,,,,0,,0
95,가축분뇨배출시설관리업(사업장),09_30_02_P,5710000,5.71E+17,2015.11.10,,1,영업/정상,11,영업,,,,,432928431,,,충청북도 청주시 흥덕구 복대동 3331,충청북도 청주시 흥덕구 대신로 66 (복대동),28583,주식회사 영진엔지니어링,2023.7.31 11:13,U,2023.8.2 2:40,"건축기술, 엔지니어링 및 관련기술 서비스업",238910.9986,348716.0393,분뇨등관련영업관리,"건축기술, 엔지니어링 및 관련기술 서비스업",,,,0,,0
96,가축분뇨배출시설관리업(사업장),09_30_02_P,4390000,4.39E+17,2009.11.11,,1,영업/정상,11,영업,,,,,438465424,,,충청북도 충주시 칠금동 420-200,충청북도 충주시 금대2길 49-4 (칠금동),27440,호암엔지니어링(주),2023.5.12 10:30,U,2023.5.15 2:40,,280049.6514,387322.287,분뇨등관련영업관리,,,,,0,,0
97,가축분뇨배출시설관리업(사업장),09_30_02_P,4390000,4.39E+17,2013.3.29,,1,영업/정상,11,영업,,,,,043-852-9900,,,충청북도 충주시 봉방동 187,충청북도 충주시 봉방천변길 36 (봉방동),27424,(주)영동환경,2022.8.29 16:49,U,2022.8.31 2:40,환경상담 및 관련 엔지니어링 서비스업,281321.8509,386408.732,분뇨등관련영업관리,환경상담 및 관련 엔지니어링 서비스업,,,,0,,0
98,가축분뇨배출시설관리업(사업장),09_30_02_P,5710000,5.71E+17,2016.12.13,,1,영업/정상,11,영업,,,,,043-287-2016,,,충청북도 청주시 청원구 내수읍 덕암리 325-13,충청북도 청주시 청원구 내수읍 도원세교로 215,28150,주식회사 한국환경기술,2021.2.24 14:27,U,2021.2.26 2:40,,248760.8748,355469.603,분뇨등관련영업관리,,,,,,,
99,가축분뇨배출시설관리업(사업장),09_30_02_P,5710000,5.71E+17,2017.3.17,,1,영업/정상,11,영업,,,,,218-0737,,,충청북도 청주시 청원구 오창읍 농소리 96-2,"충청북도 청주시 청원구 오창읍 중신길 11, 3층",28132,청수기술환경(주),2022.12.7 18:07,U,2022.12.9 2:40,,239142.779,356231.7283,분뇨등관련영업관리,,,,,0,,0
100,가축분뇨배출시설관리업(사업장),09_30_02_P,3670000,3.67E+17,2015.3.9,,1,영업/정상,11,영업,,,,,070-5050-5532,,,대전광역시 유성구 신성동 498 (주)부강테크,대전광역시 유성구 유성대로1184번길 25 (주)부강테크 (신성동),34109,(주)부강테크,2023.4.14 15:01,U,2023.4.16 2:40,,231666.6239,321449.1082,분뇨등관련영업관리,,,,,0,,0
101,가축분뇨배출시설관리업(사업장),09_30_02_P,5710000,5.71E+17,2014.3.27,,1,영업/정상,11,영업,,,,,715-9220,,361-800,충청북도 청주시 흥덕구 가경동 1454-2,충청북도 청주시 흥덕구 풍년로150번길 28 (가경동),361-800,(주)홍익기술단,2023.4.24 11:30,U,2023.4.26 2:40,,238827.03,347315.19,분뇨등관련영업관리,,,,,0,,0
102,가축분뇨배출시설관리업(사업장),09_30_02_P,5710000,5.71E+17,2010.2.19,,1,영업/정상,11,영업,,,,,043-252-2441,,360-814,충청북도 청주시 청원구 우암동 295-5,충청북도 청주시 청원구 교서로 111 (우암동),360-814,(주)건양기술공사건축사사무소,2022.11.30 10:03,U,2022.12.2 2:40,,243139.9959,349535.8267,분뇨등관련영업관리,,,,,0,,0
103,가축분뇨배출시설관리업(사업장),09_30_02_P,3220000,3.22E+17,2007.11.7,,1,영업/정상,11,영업,,,,,,,135-929,서울특별시 강남구 역삼동 789-6,,,(주)부강테크,2007.11.7 9:11,I,2018.8.31 23:59,,,,분뇨등관련영업관리,,,,,,,
104,가축분뇨배출시설관리업(사업장),09_30_02_P,3220000,3.22E+17,2015.3.20,,1,영업/정상,11,영업,,,,,6323-3000,,,서울특별시 강남구 대치동 942-1,서울특별시 강남구 삼성로 438 (대치동),,(주)도화엔지니어링,2023.4.20 10:16,U,2023.4.23 2:40,부동산업,205010.8524,444887.3484,분뇨등관련영업관리,부동산업,,,,0,,0
105,가축분뇨배출시설관리업(사업장),09_30_02_P,3010000,3.01E+17,2020.4.3,,1,영업/정상,11,영업,,,,,02-6749-3018,,,서울특별시 중구 서소문동 34 서소문 한화빌딩,"서울특별시 중구 서소문로 125, 서소문 한화빌딩 6층 (서소문동)",4515,에코이앤오주식회사,2021.8.25 18:04,U,2021.8.27 2:40,,197715.3051,451272.6409,분뇨등관련영업관리,,,,,0,,0
106,가축분뇨배출시설관리업(사업장),09_30_02_P,4050000,4.05E+17,2020.4.16,,1,영업/정상,11,영업,,,,,312110877,,,경기도 용인시 기흥구 영덕동 1003,"경기도 용인시 기흥구 흥덕1로 43, 영덕레스피아 (영덕동)",16954,정하엔텍(주),2021.2.8 19:42,U,2021.2.10 2:40,하수 처리업,205913.4635,418913.2222,분뇨등관련영업관리,하수 처리업,,,,,,
107,가축분뇨배출시설관리업(사업장),09_30_02_P,3860000,3.86E+17,2020.6.16,,1,영업/정상,11,영업,,,,,327287325,,,경기도 부천시 도당동 10 석산빌딩,"경기도 부천시 옥산로 255, 석산빌딩 5층 (도당동)",14519,청호나이스(주),2023.2.6 7:54,U,2023.2.8 2:40,"하수, 폐수 및 분뇨 처리업",180469.2579,446033.9029,분뇨등관련영업관리,"하수, 폐수 및 분뇨 처리업",,,,0,,0
108,가축분뇨배출시설관리업(사업장),09_30_02_P,5240000,5.24E+17,2020.6.22,,1,영업/정상,11,영업,,,,,054-672-9449,,,경상북도 봉화군 봉화읍 내성리 353-39 성광빌딩 2층,"경상북도 봉화군 봉화읍 내성로 121-1, 성광빌딩 2층",36238,(주)봉화환경산업,2022.3.17 14:46,U,2022.3.19 2:40,,354996.8326,378256.0961,분뇨등관련영업관리,,,,,0,,0
109,가축분뇨배출시설관리업(사업장),09_30_02_P,5380000,5.38E+17,2021.10.12,,1,영업/정상,11,영업,,,,,055-388-1466,,,경상남도 양산시 상북면 외석리 513-2,경상남도 양산시 상북면 오룡길 176,50582,(주)부경이엔지,2021.10.12 12:59,I,2021.10.14 0:22,,385095.7815,219200.3775,분뇨등관련영업관리,,,,,0,,0
110,가축분뇨배출시설관리업(사업장),09_30_02_P,3740000,3.74E+17,2021.11.19,,1,영업/정상,11,영업,,,,,224-4127,,,경기도 수원시 권선구 권선동 1066-3,경기도 수원시 권선구 권광로 66 (권선동),16556,이에스아이 주식회사,2022.6.23 15:10,U,2022.6.25 2:40,종합 건설업,202507.2879,416872.0811,분뇨등관련영업관리,종합 건설업,,,,0,,0
111,가축분뇨배출시설관리업(사업장),09_30_02_P,4820000,4.82E+17,2021.10.8,,1,영업/정상,11,영업,,,,,061-723-5315,,,전라남도 순천시 해룡면 선월리 941-1,전라남도 순천시 해룡면 해룡산단6로 100,58023,주식회사 동부그린,2021.10.8 17:51,I,2021.10.10 0:22,,251340.1738,156473.2474,분뇨등관련영업관리,,,,,0,,0
112,가축분뇨배출시설관리업(사업장),09_30_02_P,3740000,3.74E+17,2021.11.19,,1,영업/정상,11,영업,,,,,224-4127,,,경기도 수원시 권선구 권선동 1066-3,경기도 수원시 권선구 권광로 66 (권선동),16556,이에스아이 주식회사,2021.11.25 16:53,U,2021.11.27 2:40,종합 건설업,202507.2879,416872.0811,분뇨등관련영업관리,종합 건설업,,,,0,,0
113,가축분뇨배출시설관리업(사업장),09_30_02_P,4530000,4.53E+17,2023.3.30,,1,영업/정상,11,영업,,,,,416748770,,,충청남도 서산시 동문동 804-1,"충청남도 서산시 고운로 187, 3층 (동문동)",31982,(주)도원이엔씨,2023.3.30 17:24,I,2023.4.1 0:20,종합 건설업,151383.6681,364856.0364,분뇨등관련영업관리,종합 건설업,,,,0,,0
114,가축분뇨배출시설관리업(사업장),09_30_02_P,3970000,3.97E+17,2023.3.30,,1,영업/정상,11,영업,,,,,070-7437-6879,,,경기도 과천시 갈현동 427-1 과천 스마트케이 업무시설,"경기도 과천시 과천대로7길 20, 과천 스마트케이 업무시설 (갈현동)",13840,주식회사 경동엔지니어링,2023.4.19 9:31,U,2023.4.21 2:40,,198049.9644,434683.3699,분뇨등관련영업관리,,,,,0,,0
115,가축분뇨배출시설관리업(사업장),09_30_02_P,5100000,5.1E+17,2023.3.28,,1,영업/정상,11,영업,,,,,054-332-9683,,,경상북도 영천시 대창면 사리리 246 대영공업,"경상북도 영천시 대창면 한제길 40, 대영공업",38911,주식회사 금돈바이오,2023.3.29 17:32,I,2023.4.1 0:20,그외 기타 축산업,368986.5525,265986.0671,분뇨등관련영업관리,그외 기타 축산업,,,,0,,0
116,가축분뇨배출시설관리업(사업장),09_30_02_P,4070000,4.07E+17,2023.3.20,,1,영업/정상,11,영업,,,,,031-8011-3890,,,경기도 이천시 대월면 사동리 114-1,경기도 이천시 대월면 사동로 76,17342,주식회사 세티,2023.3.20 9:14,I,2023.3.22 0:41,환경컨설팅 및 관련 엔지니어링 서비스업,243882.3376,414943.9102,분뇨등관련영업관리,환경컨설팅 및 관련 엔지니어링 서비스업,,,,0,,0
117,가축분뇨배출시설관리업(사업장),09_30_02_P,3730000,3.73E+17,2014.7.21,,1,영업/정상,11,영업,,,,,052-260-4708,,689-871,울산광역시 울주군 웅촌면 검단리 88-4,울산광역시 울주군 웅촌면 곡천검단로 175,,현대솔루션(주),2020.2.5 9:46,U,2020.2.7 2:40,,398817.5604,219645.4076,분뇨등관련영업관리,,,,,,,
118,가축분뇨배출시설관리업(사업장),09_30_02_P,4050000,4.05E+17,2015.1.22,,1,영업/정상,11,영업,,,,,318982937,,,경기도 용인시 기흥구 중동 1033 에이스 동백 타워 1동 1809호,"경기도 용인시 기흥구 동백중앙로16번길 16-4, 에이스 동백 타워 1동 1809호 (중동)",17015,(주)대신환경기술,2022.12.14 9:13,U,2022.12.16 2:40,,214576.2236,417184.7058,분뇨등관련영업관리,,,,,0,,0
119,가축분뇨배출시설관리업(사업장),09_30_02_P,3540000,3.54E+17,2016.11.2,,1,영업/정상,11,영업,,,,,325832141,,403-130,인천광역시 부평구 십정동 227,인천광역시 부평구 가좌로96번길 69 (십정동),403-844,북구환경(주),2016.11.2 13:09,I,2018.8.31 23:59,,172622.9379,441702.8957,분뇨등관련영업관리,,,,,,,
120,가축분뇨배출시설관리업(사업장),09_30_02_P,4170000,4.17E+17,2012.11.29,,1,영업/정상,11,영업,,,,,031-774-0972,,,경기도 양평군 양평읍 대흥리 505-11,경기도 양평군 양평읍 경강로 2403,12548,양평공사,2023.7.14 13:58,U,2023.7.16 2:40,,247934.608,442937.1257,분뇨등관련영업관리,,,,,0,,0
121,가축분뇨배출시설관리업(사업장),09_30_02_P,3980000,3.98E+17,2016.6.16,,1,영업/정상,11,영업,,,,,315605508,,,,"경기도 구리시 체육관로74번길 41 (수택동, 경호기술단)",11940,(주)경호엔지니어링종합건축사사무소,2022.12.13 14:55,U,2023.5.26 8:48,"건축기술, 엔지니어링 및 관련기술 서비스업",212327.7557,454348.5525,분뇨등관련영업관리,"건축기술, 엔지니어링 및 관련기술 서비스업",,,,0,,0
122,가축분뇨배출시설관리업(사업장),09_30_02_P,3680000,3.68E+17,2008.7.25,,1,영업/정상,11,영업,,,,,426292692,,306-711,대전광역시 대덕구 와동 산 6-2 한국수자원공사,,,한국수자원공사,2023.3.16 9:47,U,2023.3.18 2:40,분뇨 및 축산폐기물 처리업,,,분뇨등관련영업관리,분뇨 및 축산폐기물 처리업,,,,0,,0
123,가축분뇨배출시설관리업(사업장),09_30_02_P,3120000,3.12E+17,2009.2.10,,1,영업/정상,11,영업,,,,,234958314,,120-020,서울특별시 서대문구 미근동 267,서울특별시 서대문구 통일로 81 (미근동),120-705,임광토건(주),2013.3.7 20:23,I,2018.8.31 23:59,,197170.6423,451119.1636,분뇨등관련영업관리,,,,,,,
124,가축분뇨배출시설관리업(사업장),09_30_02_P,3300000,3.3E+17,2001.3.19,,1,영업/정상,11,영업,,,,,515062828,,607-842,부산광역시 동래구 온천동 1379-14,,,(주)대한환경이엔지,2020.5.25 15:15,U,2020.5.27 2:40,,388316.4521,191178.011,분뇨등관련영업관리,,,,,,,
125,가축분뇨배출시설관리업(사업장),09_30_02_P,3180000,3.18E+17,2015.7.29,,1,영업/정상,11,영업,,,,,63097704,,,서울특별시 영등포구 문래동3가 55-20 에이스하이테크시티,"서울특별시 영등포구 경인로 775, 에이스하이테크시티 1동 506호 (문래동3가)",7299,대양엔바이오(주),2022.3.21 11:15,U,2022.3.23 2:40,폐기물처리 및 오염방지시설 건설업,190996.3573,445841.3776,분뇨등관련영업관리,폐기물처리 및 오염방지시설 건설업,,,,0,,0
126,가축분뇨배출시설관리업(사업장),09_30_02_P,3180000,3.18E+17,2015.6.1,,1,영업/정상,11,영업,,,,,02-2055-5026,,,서울특별시 영등포구 여의도동 28-1 전국경제인연합회회관,,,에코이앤오주식회사,2018.7.16 17:28,I,2018.8.31 23:59,,192880.9461,446664.7874,분뇨등관련영업관리,,,,,,,
127,가축분뇨배출시설관리업(사업장),09_30_02_P,3860000,3.86E+17,2007.9.11,,1,영업/정상,11,영업,,,,,326790241,,421-816,경기도 부천시 오정동 617,경기도 부천시 상오정로 84  (오정동),,(주)나노환경,2008.8.19 10:07,I,2018.8.31 23:59,분뇨 및 축산폐기물 처리업,181643.5574,446782.2204,분뇨등관련영업관리,분뇨 및 축산폐기물 처리업,,,,,,
128,가축분뇨배출시설관리업(사업장),09_30_02_P,3860000,3.86E+17,2003.6.17,,1,영업/정상,11,영업,,,,,032-680-0500,,,경기도 부천시 도당동 187-7 부천대우테크노파크 B동 1105호,경기도 부천시 도약로 261 (도당동),420-806,(주)테크로스환경서비스,2020.12.17 16:38,U,2020.12.19 2:40,,180347.3643,445487.2022,분뇨등관련영업관리,,,,,,,
129,가축분뇨배출시설관리업(사업장),09_30_02_P,3860000,3.86E+17,2016.10.31,,1,영업/정상,11,영업,,,,,680-0500,,420-806,경기도 부천시 도당동 187-7번지 부천테크노파크 B동 1105호,경기도 부천시 도약로 261 (도당동),420-806,(주)하이엔텍,2016.10.31 13:08,I,2018.8.31 23:59,,180347.3643,445487.2022,분뇨등관련영업관리,,,,,,,
130,가축분뇨배출시설관리업(사업장),09_30_02_P,5670000,5.67E+17,2013.10.1,,1,영업/정상,11,영업,,,,,055-297-9771,,,경상남도 창원시 의창구 소답동 115-5 범한빌딩 4층,경상남도 창원시 의창구 의안로8번길 23 (소답동),641-835,(주)범한엔지니어링종합건축사사무소,2022.3.28 12:58,U,2022.3.30 2:40,,347921.4401,197085.4236,분뇨등관련영업관리,,,,,0,,0
131,가축분뇨배출시설관리업(사업장),09_30_02_P,5670000,5.67E+17,2020.4.9,,1,영업/정상,11,영업,,,,,055-256-7001,,,경상남도 창원시 마산회원구 석전동 258-4,경상남도 창원시 마산회원구 3·15대로 629 (석전동),51304,태영엔지니어링(주),2022.1.11 10:40,U,2022.1.13 2:40,,343352.4636,193424.0207,분뇨등관련영업관리,,,,,0,,0
132,가축분뇨배출시설관리업(사업장),09_30_02_P,4680000,4.68E+17,2020.7.21,,1,영업/정상,11,영업,,,,,063-291-2946,,,전라북도 익산시 왕궁면 온수리 320-1 왕궁축산폐수처리장,"전라북도 익산시 왕궁면 온수1길 40, 왕궁축산폐수처리장",54577,뉴워터(주),2023.5.15 9:01,U,2023.5.17 2:40,,206015.6991,269117.3129,분뇨등관련영업관리,,,,,0,,0
133,가축분뇨배출시설관리업(사업장),09_30_02_P,4070000,4.07E+17,2020.7.30,,1,영업/정상,11,영업,,,,,316340119,,467-020,경기도 이천시 관고동 502-12 2층,"경기도 이천시 경충대로2684번길 3, 2층 (관고동)",467-020,고려환경건설(주),2020.7.30 11:07,I,2020.8.1 0:23,,238561.1367,419628.2467,분뇨등관련영업관리,,,,,,,
134,가축분뇨배출시설관리업(사업장),09_30_02_P,3000000,3E+17,2020.8.19,,1,영업/정상,11,영업,,,,,02-2154-1004,,,서울특별시 종로구 청진동 70 그랑서울,"서울특별시 종로구 종로 33, 그랑서울 (청진동)",3159,지에스건설(주),2020.8.19 13:32,I,2020.8.21 0:23,,198286.3118,452091.4443,분뇨등관련영업관리,,,,,,,
135,가축분뇨배출시설관리업(사업장),09_30_02_P,5400000,5.4E+17,2020.8.5,,1,영업/정상,11,영업,,,,,055-583-7875,,,,경상남도 함안군 가야읍 남경길 107-123,52039,함안지방공사,2022.7.29 14:24,U,2022.7.31 2:40,"하수처리, 폐기물처리 및 청소관련 서비스업",328812.7587,199624.5168,분뇨등관련영업관리,"하수처리, 폐기물처리 및 청소관련 서비스업",,,,0,,0
136,가축분뇨배출시설관리업(사업장),09_30_02_P,4520000,4.52E+17,2020.8.21,,1,영업/정상,11,영업,,,,,041-541-0111,,,충청남도 아산시 온천동 1403,"충청남도 아산시 시민로449번길 26-4, 2층 (온천동)",31508,(주)청인,2022.4.28 10:57,U,2022.4.30 2:40,축산분뇨 처리업,199836.9928,365236.9144,분뇨등관련영업관리,축산분뇨 처리업,,,,0,,0
137,가축분뇨배출시설관리업(사업장),09_30_02_P,5710000,5.71E+17,2020.8.26,,1,영업/정상,11,영업,,,,,437161210,,,충청북도 청주시 흥덕구 송정동 279-5 세중테크노밸리,"충청북도 청주시 흥덕구 공단로 134, 세중테크노밸리 1306호 (송정동)",28576,주식회사 엔씨기술공사,2022.7.31 10:23,U,2022.8.2 2:40,환경컨설팅 및 관련 엔지니어링 서비스업,239010.6235,349120.1751,분뇨등관련영업관리,환경컨설팅 및 관련 엔지니어링 서비스업,,,,0,,0
138,가축분뇨배출시설관리업(사업장),09_30_02_P,5360000,5.36E+17,2020.7.15,,1,영업/정상,11,영업,,,,,055-359-4647,,,경상남도 밀양시 상남면 기산리 34-1,경상남도 밀양시 상남면 예평로 229,50452,밀양시시설관리공단,2021.1.20 9:47,U,2021.1.22 2:40,하수 처리업,361280.5426,218347.4457,분뇨등관련영업관리,하수 처리업,,,,,,
139,가축분뇨배출시설관리업(사업장),09_30_02_P,3210000,3.21E+17,2021.9.3,,1,영업/정상,11,영업,,,,,,,,서울특별시 서초구 양재동 320 개암빌딩,서울특별시 서초구 강남대로16길 24 (양재동),6779,(주)제일엔지니어링종합건축사사무소,2021.9.3 9:06,I,2021.9.5 0:22,,203500.5947,440993.1332,분뇨등관련영업관리,,,,,0,,0
140,가축분뇨배출시설관리업(사업장),09_30_02_P,5130000,5.13E+17,2022.12.8,,1,영업/정상,11,영업,,,,,02-2041-8500,,,경상북도 경산시 옥산동 726-6 K&K 빌딩,"경상북도 경산시 성암로21길 41, K&K 빌딩 (옥산동)",38660,(주)동성엔지니어링,2022.12.8 9:35,I,2022.12.10 0:40,엔지니어링 서비스업,355926.5986,260045.0092,분뇨등관련영업관리,엔지니어링 서비스업,,,,0,,0
141,가축분뇨배출시설관리업(사업장),09_30_02_P,3010000,3.01E+17,2022.11.25,,1,영업/정상,11,영업,,,,,232876100,,,서울특별시 중구 을지로2가 203 파인에비뉴,"서울특별시 중구 을지로 100, 파인에비뉴 24층 (을지로2가)",4551,한솔제지(주),2022.11.25 17:42,I,2022.11.27 0:22,축산분뇨 처리업,198921.2413,451495.9854,분뇨등관련영업관리,축산분뇨 처리업,,,,0,,0
142,가축분뇨배출시설관리업(사업장),09_30_02_P,4800000,4.8E+17,2022.11.23,,1,영업/정상,11,영업,,,,,625735026,,,전라남도 목포시 옥암동 1227-4 부주빌딩,"전라남도 목포시 남악1로 56, 부주빌딩 402호 (옥암동)",58676,(주)매일기술,2022.11.23 14:14,I,2022.11.25 0:22,"그외 기타 전문, 과학 및 기술 서비스업",149195.2793,145853.5156,분뇨등관련영업관리,"그외 기타 전문, 과학 및 기술 서비스업",,,,0,,0
143,가축분뇨배출시설관리업(사업장),09_30_02_P,4500000,4.5E+17,2022.11.23,,1,영업/정상,11,영업,,,,,041-852-4333,,,충청남도 공주시 동현동 106-13,"충청남도 공주시 장척로 216-5, 103,104호 (동현동)",32590,주식회사 금강환경건설,2023.2.15 10:17,U,2023.2.17 2:40,폐기물처리 및 오염방지시설 건설업,216932.8705,331794.3777,분뇨등관련영업관리,폐기물처리 및 오염방지시설 건설업,,,,0,,0
144,가축분뇨배출시설관리업(사업장),09_30_02_P,4670000,4.67E+17,2022.12.13,,1,영업/정상,11,영업,,,,,063-451-0552,,,전라북도 군산시 나운동 868-2,전라북도 군산시 현충로 38-1 (나운동),54147,(유)대신환경개발,2023.2.3 16:00,U,2023.2.5 2:40,"하수, 폐수 및 분뇨 처리업",171825.6743,273227.5469,분뇨등관련영업관리,"하수, 폐수 및 분뇨 처리업",,,,0,,0
145,가축분뇨배출시설관리업(사업장),09_30_02_P,5480000,5.48E+17,2022.12.29,,1,영업/정상,11,영업,,,,,055-933-7729,,,경상남도 합천군 합천읍 합천리 524-1 종합사회복지관,"경상남도 합천군 합천읍 동서로 39, 종합사회복지관 1층",50232,합천군시설관리공단,2022.12.29 9:19,I,2022.12.31 0:40,,,,분뇨등관련영업관리,,,,,0,,0
146,가축분뇨배출시설관리업(사업장),09_30_02_P,3940000,3.94E+17,2022.12.27,,1,영업/정상,11,영업,,,,,031-360-3402,,,경기도 고양시 일산서구 덕이동 249-8 2층 제3에이치-202호,"경기도 고양시 일산서구 덕이로 30-28, 2층 제3에이치-202호 (덕이동)",10237,(주)케이디이엔지,2023.5.25 17:46,U,2023.5.27 2:40,건물 및 토목엔지니어링 서비스업,178538.2866,465372.8776,분뇨등관련영업관리,건물 및 토목엔지니어링 서비스업,,,,0,,0
147,가축분뇨배출시설관리업(사업장),09_30_02_P,5680000,5.68E+17,2022.12.29,,1,영업/정상,11,영업,,,,,041-354-5124,,,충청남도 당진시 순성면 봉소리 75-2 삼성화재,"충청남도 당진시 순성면 순성로 486, 삼성화재 2층",31757,맑은환경기술,2023.1.9 10:56,U,2023.1.11 2:40,,174298.7447,371230.1101,분뇨등관련영업관리,,,,,0,,0
148,가축분뇨배출시설관리업(사업장),09_30_02_P,3640000,3.64E+17,2021.5.10,,1,영업/정상,11,영업,,,,,042-631-2272,,300-806,대전광역시 동구 가양동 577-3,대전광역시 동구 대성길 49 (가양동),300-806,(합)동대전위생공사,2021.5.10 14:26,I,2021.5.12 0:23,분뇨 처리업,239485.6305,315462.9231,분뇨등관련영업관리,분뇨 처리업,,,,,,
149,가축분뇨배출시설관리업(사업장),09_30_02_P,5680000,5.68E+17,2021.6.30,,1,영업/정상,11,영업,,,,,041-350-5545,,,충청남도 당진시 채운동 26-3,충청남도 당진시 아미로 833 (채운동),31786,당진축산업협동조합,2023.4.20 12:28,U,2023.4.23 2:40,축산업,,,분뇨등관련영업관리,축산업,,,,0,,0
150,가축분뇨배출시설관리업(사업장),09_30_02_P,3830000,3.83E+17,2021.5.13,,1,영업/정상,11,영업,,,,,313407500,,,경기도 안양시 동안구 관양동 954-6 인덕원성지스타위드,"경기도 안양시 동안구 흥안대로427번길 38, 인덕원성지스타위드 (관양동)",14059,(주)건화,2022.3.14 14:17,U,2022.3.16 2:40,종합 건설업,197480.8306,432318.2034,분뇨등관련영업관리,종합 건설업,,,,0,,0
151,가축분뇨배출시설관리업(사업장),09_30_02_P,4830000,4.83E+17,2021.6.21,,1,영업/정상,11,영업,,,,,613362588,,,전라남도 나주시 남평읍 광이리 1-6,전라남도 나주시 남평읍 동촌로 19,,태림인더스트리(주),2021.6.21 13:41,I,2021.6.23 0:23,,185563.8444,172380.6808,분뇨등관련영업관리,,,,,,,
152,가축분뇨배출시설관리업(사업장),09_30_02_P,4000000,4E+17,2010.8.4,,1,영업/정상,11,영업,,,,,313749602,,447-050,경기도 오산시 부산동 420-1번지,경기도 오산시 동부대로568번길 57 (부산동),447-050,(주)에코리프로덕션서비스,2017.5.12 17:02,I,2018.8.31 23:59,,207589.7405,405620.1612,분뇨등관련영업관리,,,,,,,
153,가축분뇨배출시설관리업(사업장),09_30_02_P,4610000,4.61E+17,2012.7.3,,1,영업/정상,11,영업,,,,,041-334-7454,,340-809,충청남도 예산군 예산읍 향천리 205-11,충청남도 예산군 예산읍 예산로 327,340-809,푸른환경건설,2014.9.25 15:20,I,2018.8.31 23:59,,187464.4697,353195.4347,분뇨등관련영업관리,,,,,,,
154,가축분뇨배출시설관리업(사업장),09_30_02_P,3560000,3.56E+17,2015.8.27,,1,영업/정상,11,영업,,,,,325660010,,404-320,인천광역시 서구 원당동 824-2,"인천광역시 서구 원당대로 841 (원당동, 골든벨프라자 6층)",404-320,브니엘네이처(주),2022.12.14 13:49,U,2022.12.16 2:40,,173004.15,454691.162,분뇨등관련영업관리,,,,,0,,0
155,가축분뇨배출시설관리업(사업장),09_30_02_P,4070000,4.07E+17,2012.10.19,,1,영업/정상,11,영업,,,,,031-631-0431,,467-842,경기도 이천시 신둔면 지석리 28-13,경기도 이천시 신둔면 석동로161번길 97,467-842,(주)도드람환경연구소,2012.10.19 17:24,I,2018.8.31 23:59,,238235.5757,425454.4121,분뇨등관련영업관리,,,,,,,
156,가축분뇨배출시설관리업(사업장),09_30_02_P,4070000,4.07E+17,2014.3.5,,1,영업/정상,11,영업,,,,,317301919,,,경기도 이천시 관고동 500-5,경기도 이천시 경충대로2674번길 42 (관고동),17367,㈜인스그린,2023.5.12 17:48,U,2023.5.14 2:40,,238676.3221,419739.0546,분뇨등관련영업관리,,,,,0,,0
157,가축분뇨배출시설관리업(사업장),09_30_02_P,3520000,3.52E+17,2013.8.5,,1,영업/정상,11,영업,,,,,326228042,,406-840,인천광역시 연수구 송도동 172-1,인천광역시 연수구 송도과학로 32 (송도동),406-840,코오롱워터앤에너지(주),2016.8.16 17:20,I,2018.8.31 23:59,,170022.5184,431135.7231,분뇨등관련영업관리,,,,,,,
158,가축분뇨배출시설관리업(사업장),09_30_02_P,3520000,3.52E+17,2015.6.11,,1,영업/정상,11,영업,,,,,032-858-8714,,,인천광역시 연수구 송도동 36 부영송도타워,"인천광역시 연수구 인천타워대로 241, 부영송도타워 8층 (송도동)",22009,(주)포스코와이드,2023.4.7 16:15,U,2023.4.9 2:40,,167545.7928,432312.1721,분뇨등관련영업관리,,,,,0,,0
159,가축분뇨배출시설관리업(사업장),09_30_02_P,3520000,3.52E+17,2015.7.28,,1,영업/정상,11,영업,,,,,899-0145,,,인천광역시 연수구 동춘동 947,인천광역시 연수구 능허대로 484 (동춘동),,인천환경공단,2022.10.26 16:19,U,2022.10.28 2:40,,170478.2869,432760.4,분뇨등관련영업관리,,,,,0,,0
160,가축분뇨배출시설관리업(사업장),09_30_02_P,5110000,5.11E+17,2017.9.29,,1,영업/정상,11,영업,,,,,054-535-3500,,,경상북도 상주시 남성동 48-8,"경상북도 상주시 중앙로 151, 2층 (남성동)",37185,(주)청혜윰,2021.10.12 9:39,U,2021.10.14 2:40,,303505.59,324501.8873,분뇨등관련영업관리,,,,,0,,0
161,가축분뇨배출시설관리업(사업장),09_30_02_P,4500000,4.5E+17,2017.11.10,,1,영업/정상,11,영업,,,,,428280700,,314-802,충청남도 공주시 신관동 595-5,충청남도 공주시 신관로 24 (신관동),,(주)드림이엔지,2022.7.11 9:58,U,2022.7.13 2:40,"하수처리, 폐기물처리 및 청소관련 서비스업",211659.9889,329987.9719,분뇨등관련영업관리,"하수처리, 폐기물처리 및 청소관련 서비스업",,,,0,,0
162,가축분뇨배출시설관리업(사업장),09_30_02_P,4070000,4.07E+17,2007.3.15,,1,영업/정상,11,영업,,,,,,,467-110,경기도 이천시 증포동 148-1,,,(주)지수테크,2009.5.14 18:23,I,2018.8.31 23:59,,239996.2021,420808.6176,분뇨등관련영업관리,,,,,,,
163,가축분뇨배출시설관리업(사업장),09_30_02_P,5530000,5.53E+17,2015.6.8,,1,영업/정상,11,영업,,,,,8003-8432,,445-160,경기도 화성시 반송동 130-1,"경기도 화성시 노작로4길 8 (반송동,4층)동 (반송동)",445-160,(주)동명기술공단종합건축사사무소,2023.2.14 13:45,U,2023.2.16 2:40,,206815.716,410542.3682,분뇨등관련영업관리,,,,,0,,0
164,가축분뇨배출시설관리업(사업장),09_30_02_P,5530000,5.53E+17,2017.12.27,,1,영업/정상,11,영업,,,,,031-236-1215,,,경기도 화성시 진안동 859-1 광림빌딩 201호,"경기도 화성시 병점동로164번길 39, 광림빌딩 201호 (진안동)",18392,주흥환경(주),2022.12.28 17:21,U,2022.12.30 2:40,,203443.6836,412661.7662,분뇨등관련영업관리,,,,,0,,0
165,가축분뇨배출시설관리업(사업장),09_30_02_P,5530000,5.53E+17,2019.6.5,,1,영업/정상,11,영업,,,,,312243320,,,경기도 화성시 황계동 162-12,경기도 화성시 황계길131번길 13 (황계동),18347,한솔개발,2019.6.5 18:54,I,2020.8.5 0:23,,201257.3687,413540.5598,분뇨등관련영업관리,,,,,,,
166,가축분뇨배출시설관리업(사업장),09_30_02_P,5530000,5.53E+17,2012.2.14,,1,영업/정상,11,영업,,,,,351-9932,,445-944,경기도 화성시 장안면 독정리 34-6,경기도 화성시 장안면 고해길 27,,화성양돈영농조합,2023.4.3 10:53,U,2023.4.5 2:40,기타 비료 및 질소화합물 제조업,187954.212,396378.9652,분뇨등관련영업관리,기타 비료 및 질소화합물 제조업,,,,0,,0
167,가축분뇨배출시설관리업(사업장),09_30_02_P,5150000,5.15E+17,2020.9.18,,1,영업/정상,11,영업,,,,,054-862-5031,,,경상북도 의성군 다인면 신락리 29-8,경상북도 의성군 다인면 신락3길 69-1,37304,농업회사법인 주식회사 청안,2020.11.19 9:54,U,2020.11.21 2:40,,324055.5154,325389.1799,분뇨등관련영업관리,,,,,,,
168,가축분뇨배출시설관리업(사업장),09_30_02_P,4510000,4.51E+17,2020.10.7,,1,영업/정상,11,영업,,,,,426328411,,,충청남도 보령시 대천동 150-20 대주서해안부동산뱅크,"충청남도 보령시 보령북로 98, 대주서해안부동산뱅크 (대천동)",33439,부경엔지니어링(주),2023.3.27 13:22,U,2023.3.29 2:40,,163619.1503,317038.4118,분뇨등관련영업관리,,,,,0,,0
169,가축분뇨배출시설관리업(사업장),09_30_02_P,5680000,5.68E+17,2022.10.14,,1,영업/정상,11,영업,,,,,041-356-6400,,,충청남도 당진시 대덕동 1016-2 네오서진건설(주),"충청남도 당진시 아미로 684, 네오서진건설(주) (대덕동)",31786,네오서진건설(주),2022.12.21 20:57,U,2022.12.23 2:40,,167941.0823,374627.0271,분뇨등관련영업관리,,,,,0,,0
170,가축분뇨배출시설관리업(사업장),09_30_02_P,5080000,5.08E+17,2022.9.30,,1,영업/정상,11,영업,,,,,,,,경상북도 구미시 옥계동 936 구미옥계 세영리첼 더 프라임 105동 1303호,"경상북도 구미시 산호대로 955, 105동 1303호 (옥계동, 구미옥계 세영리첼 더 프라임)",39459,대성환경,2022.9.30 11:32,I,2022.10.2 0:22,분뇨 및 축산분뇨 처리업,329131.0405,294125.4543,분뇨등관련영업관리,분뇨 및 축산분뇨 처리업,,,,0,,0
171,가축분뇨배출시설관리업(사업장),09_30_02_P,5350000,5.35E+17,2022.10.20,,1,영업/정상,11,영업,,,,,055-310-1534,,,경상남도 김해시 부원동 611-4,경상남도 김해시 가락로30번길 17 (부원동),50925,(주)대저건설,2022.10.20 11:33,I,2022.10.22 0:22,,371450.6301,193908.7484,분뇨등관련영업관리,,,,,0,,0
172,가축분뇨배출시설관리업(사업장),09_30_02_P,4830000,4.83E+17,2021.4.9,,1,영업/정상,11,영업,,,,,,,,전라남도 나주시 빛가람동 338-6,"전라남도 나주시 문화로 194, 601호 (빛가람동)",58325,주식회사 평화엔지니어링,2022.11.24 8:54,U,2022.11.26 2:40,,180212.1978,168583.7349,분뇨등관련영업관리,,,,,0,,0
173,가축분뇨배출시설관리업(사업장),09_30_02_P,5710000,5.71E+17,2021.3.29,,1,영업/정상,11,영업,,,,,432313633,,,충청북도 청주시 흥덕구 강내면 월곡리 301-3 충청대학,"충청북도 청주시 흥덕구 강내면 월곡길 38, 충청대학 K동 304호",28171,주식회사 순정에너지환경,2022.12.28 9:49,U,2022.12.30 2:40,환경컨설팅 및 관련 엔지니어링 서비스업,232815.8653,346700.2153,분뇨등관련영업관리,환경컨설팅 및 관련 엔지니어링 서비스업,,,,0,,0
174,가축분뇨배출시설관리업(사업장),09_30_02_P,5350000,5.35E+17,2017.4.28,,1,영업/정상,11,영업,,,,,055-343-7022,,,경상남도 김해시 한림면 안하리 234-3,"경상남도 김해시 한림면 안하로 117, 김해시 가축분뇨공공처리시설",50852,김해시도시개발공사,2023.7.3 20:18,U,2023.7.5 2:40,,365839.1542,202726.5131,분뇨등관련영업관리,,,,,0,,0
175,가축분뇨배출시설관리업(사업장),09_30_02_P,4680000,4.68E+17,2021.3.5,,1,영업/정상,11,영업,,,,,,,,전라북도 익산시 송학동 180-4 대한훼미리아파트 2동 106호,"전라북도 익산시 배산로2길 10 (송학동, 대한훼미리아파트)",54664,다인환경,2021.3.11 11:29,U,2021.3.13 2:40,사업시설 유지관리 서비스업,194297.3637,270946.0068,분뇨등관련영업관리,사업시설 유지관리 서비스업,,,,,,
176,가축분뇨배출시설관리업(사업장),09_30_02_P,5690000,5.69E+17,2021.2.9,,1,영업/정상,11,영업,,,,,044-868-7048,,,세종특별자치시 소정면 대곡리 368-8,세종특별자치시 소정면 학수소사길 63,30001,(주)금강피스코,2021.2.9 15:09,I,2021.2.11 0:23,,215014.8021,358977.5767,분뇨등관련영업관리,,,,,,,
177,가축분뇨배출시설관리업(사업장),09_30_02_P,4680000,4.68E+17,2021.2.10,,1,영업/정상,11,영업,,,,,,,,전라북도 익산시 송학동 180-4 대한훼미리아파트 2동 106호,"전라북도 익산시 배산로2길 10 (송학동, 대한훼미리아파트)",54664,다인환경,2021.3.16 11:38,U,2021.3.18 2:40,사업시설 유지관리 서비스업,194297.3637,270946.0068,분뇨등관련영업관리,사업시설 유지관리 서비스업,,,,,,
178,가축분뇨배출시설관리업(사업장),09_30_02_P,6510000,6.51E+17,2000.9.23,,1,영업/정상,11,영업,,,,,064-747-3200,,,제주특별자치도 제주시 아라이동 1482-6,제주특별자치도 제주시 기자길 52 (아라이동),63246,(주)경원산업,2022.5.13 14:40,U,2022.5.15 2:40,,157766.7733,-1505.418138,분뇨등관련영업관리,,,,,0,,0
179,가축분뇨배출시설관리업(사업장),09_30_02_P,4500000,4.5E+17,2018.10.5,,1,영업/정상,11,영업,,,,,418544331,,,충청남도 공주시 송선동 540-22,충청남도 공주시 송선농공단지길 46 (송선동),32590,(주)윤성워터텍,2023.5.31 16:05,U,2023.6.2 2:40,,214083.1477,330791.4201,분뇨등관련영업관리,,,,,0,,0
180,가축분뇨배출시설관리업(사업장),09_30_02_P,5130000,5.13E+17,2018.11.1,,1,영업/정상,11,영업,,,,,053-422-3332,,712-090,경상북도 경산시 옥산동 816-10,경상북도 경산시 삼성현로15길 12 (옥산동),38669,태령종합건설(주),2020.11.30 10:36,U,2020.12.2 2:40,,355163.9146,259634.1046,분뇨등관련영업관리,,,,,,,
181,가축분뇨배출시설관리업(사업장),09_30_02_P,5020000,5.02E+17,2021.1.8,,1,영업/정상,11,영업,,,,,542909922,,,경상북도 포항시 남구 오천읍 원리 1172 주식회사포웰,"경상북도 포항시 남구 오천읍 하원로 29, 주식회사포웰",37882,주식회사 포웰,2022.7.6 20:05,I,2022.7.8 0:22,,416811.727,277441.1635,분뇨등관련영업관리,,,,,0,,0
182,가축분뇨배출시설관리업(사업장),09_30_02_P,4890000,4.89E+17,2022.7.20,,1,영업/정상,11,영업,,,,,623621623,,,전라남도 보성군 벌교읍 벌교리 605-31,"전라남도 보성군 벌교읍 채동선로 302-1, 2층",59424,(주)케이엔씨,2022.7.21 9:32,I,2022.7.23 0:22,,231187.5285,149977.0124,분뇨등관련영업관리,,,,,0,,0
183,가축분뇨배출시설관리업(사업장),09_30_02_P,3780000,3.78E+17,2022.7.8,,1,영업/정상,11,영업,,,,,269018358,,,경기도 성남시 수정구 창곡동 559-4 더존메디컬타워 205호,"경기도 성남시 수정구 위례서일로 18, 더존메디컬타워 205호 (창곡동)",13647,(주)에코비트워터,2022.11.14 9:36,U,2022.11.16 2:40,토목 건설업,212123.859,440336.0112,분뇨등관련영업관리,토목 건설업,,,,0,,0
184,가축분뇨배출시설관리업(사업장),09_30_02_P,4040000,4.04E+17,2021.9.7,,1,영업/정상,11,영업,,,,,02-2049-2521,,,경기도 하남시 덕풍동 744 덕풍동 744 케이앤몰 201호,"경기도 하남시 덕풍동로 111-21, 덕풍동 744 케이앤몰 2층 201호 (덕풍동)",12927,(주)한국종합기술,2022.7.14 11:20,I,2022.7.16 0:22,축산분뇨 처리업,218281.1596,449964.9003,분뇨등관련영업관리,축산분뇨 처리업,,,,0,,0
185,가축분뇨배출시설관리업(사업장),09_30_02_P,5460000,5.46E+17,2020.11.27,,1,영업/정상,11,영업,,,,,963-4759,,676-805,경상남도 함양군 함양읍 용평리 530-24,경상남도 함양군 함양읍 하림강변길 15-2,,함양위생공사,2020.11.27 17:51,I,2020.11.29 0:23,,266257.4188,224125.0777,분뇨등관련영업관리,,,,,,,
186,가축분뇨배출시설관리업(사업장),09_30_02_P,5600000,5.6E+17,2020.11.24,,1,영업/정상,11,영업,,,,,,,,경기도 포천시 선단동 산 11-1 대진대학교,"경기도 포천시 호국로 1007, 대진대학교산학협력단 304호 (선단동)",11159,(주)대진바이오워터,2020.11.24 17:29,I,2020.11.26 0:23,분뇨 및 축산분뇨 처리업,213662.031,485365.5191,분뇨등관련영업관리,분뇨 및 축산분뇨 처리업,,,,,,
187,가축분뇨배출시설관리업(사업장),09_30_02_P,4550000,4.55E+17,2020.11.25,,1,영업/정상,11,영업,,,,,,,,충청남도 금산군 남일면 마장리 395-3,충청남도 금산군 남일면 무금로 1987,32753,태호환경(주),2020.11.25 11:18,I,2020.11.27 0:23,,246807.0398,286357.0238,분뇨등관련영업관리,,,,,,,
188,가축분뇨배출시설관리업(사업장),09_30_02_P,5100000,5.1E+17,2020.12.8,,1,영업/정상,11,영업,,,,,3322273,,,경상북도 영천시 고경면 청정리 143-4,경상북도 영천시 고경면 청정길 118-43,770-840,(주)성진환경,2020.12.8 18:05,I,2020.12.10 0:23,,390254.7411,278450.61,분뇨등관련영업관리,,,,,,,
189,가축분뇨배출시설관리업(사업장),09_30_02_P,5670000,5.67E+17,2022.5.18,,1,영업/정상,11,영업,,,,,055-267-9991,,,경상남도 창원시 마산합포구 현동 371,"경상남도 창원시 마산합포구 현동로 50, 중앙빌딩 204호 (현동)",51778,한종산업개발(주),2022.5.18 16:01,I,2022.5.20 0:22,,341492.4978,184654.1916,분뇨등관련영업관리,,,,,0,,0
190,가축분뇨배출시설관리업(사업장),09_30_02_P,3940000,3.94E+17,2019.2.15,,3,폐업,2,폐업,2019.9.10,,,,907-2982,,,경기도 고양시 일산동구 백석동 1297-2 일산르메이에르프라자,"경기도 고양시 일산동구 중앙로 1048, 일산르메이에르프라자 614호 (백석동)",10447,(주)동진씨앤지,2019.9.10 16:15,U,2019.9.12 2:40,환경컨설팅 및 관련 엔지니어링 서비스업,181208.4059,460164.3024,분뇨등관련영업관리,환경컨설팅 및 관련 엔지니어링 서비스업,,,,,,
191,가축분뇨배출시설관리업(사업장),09_30_02_P,4490000,4.49E+17,2019.2.20,,3,폐업,2,폐업,2023.2.23,,,,041-621-2400,,,충청남도 천안시 서북구 차암동 9-2 이그잭스(주),"충청남도 천안시 서북구 2공단7길 50, 이그잭스(주) 1층 (차암동)",31075,(주)성원엔지니어링,2023.2.23 14:06,U,2023.2.25 2:40,,210791.5421,372825.4942,분뇨등관련영업관리,,,,,0,,0
192,가축분뇨배출시설관리업(사업장),09_30_02_P,6510000,6.51E+17,2019.2.12,,3,폐업,2,폐업,2019.10.21,,,,,,,제주특별자치도 제주시 영평동 2235 제주국제대학교,"제주특별자치도 제주시 516로 2870, 제주국제대학교 9206호 (영평동)",63309,(주)비젼에코텍,2019.10.25 18:23,U,2019.10.27 2:40,,159994.4005,-6043.304505,분뇨등관련영업관리,,,,,,,
193,가축분뇨배출시설관리업(사업장),09_30_02_P,4010000,4.01E+17,2019.4.26,,3,폐업,2,폐업,2022.7.26,,,,269018358,,,경기도 시흥시 정왕동 1281-2 (주)휴비스워터,경기도 시흥시 공단1대로322번길 16 (주)휴비스워터 202호 (정왕동),15105,(주)에코비트워터,2022.7.26 11:09,U,2022.7.28 2:40,,176326.3654,425463.5766,분뇨등관련영업관리,,,,,0,,0
194,가축분뇨배출시설관리업(사업장),09_30_02_P,4010000,4.01E+17,2019.5.2,,3,폐업,2,폐업,2022.7.26,,,,269018200,,,경기도 시흥시 정왕동 1281-2 (주)휴비스워터,경기도 시흥시 공단1대로322번길 16 (주)휴비스워터 (정왕동),15105,(주)에코비트,2022.7.26 11:10,U,2022.7.28 2:40,,176326.3654,425463.5766,분뇨등관련영업관리,,,,,0,,0
195,가축분뇨배출시설관리업(사업장),09_30_02_P,4181000,4.181E+17,2018.5.28,,3,폐업,2,폐업,2022.1.1,2022.1.1,2022.1.5,2022.1.5,033-258-8800,,,강원특별자치도 춘천시 후평동 311-8,강원특별자치도 춘천시 삭주로 163 (후평동),24232,강원도시가스주식회사,2022.1.5 18:29,I,2023.6.13 0:00,,265773.324,487360.4892,분뇨등관련영업관리,,,,,0,,0
196,가축분뇨배출시설관리업(사업장),09_30_02_P,4181000,4.181E+17,2021.1.21,,3,폐업,2,폐업,2022.2.28,,,,033-241-8300,,,강원특별자치도 춘천시 효자동 708 춘천시 다문화가족지원센터,"강원특별자치도 춘천시 공지로 305, 춘천시 다문화가족지원센터 5층 (효자동)",24372,주식회사 케이드,2022.3.14 16:25,I,2023.6.13 0:00,,264312.5178,485239.217,분뇨등관련영업관리,,,,,0,,0
197,가축분뇨배출시설관리업(사업장),09_30_02_P,4201000,4.201E+17,2000.9.16,,3,폐업,2,폐업,2008.4.28,,,,033 6427914,,210-803,강원특별자치도 강릉시 주문진읍 교항리 1207-10,,,케이엠네이쳐(주),2008.4.28 14:12,I,2023.6.13 0:00,,360689.1471,486906.3883,분뇨등관련영업관리,,,,,0,,0
198,가축분뇨배출시설관리업(사업장),09_30_02_P,4201000,4.201E+17,1999.11.10,,3,폐업,2,폐업,2008.12.31,,,,336614482,,210-801,강원특별자치도 강릉시 주문진읍 교항리 1207-6,강원특별자치도 강릉시 주문진읍 농공단지길 28-32,,(주)대성환경건설,2009.1.2 10:39,I,2023.6.13 0:00,,360487.9173,486867.9062,분뇨등관련영업관리,,,,,0,,0
199,가축분뇨배출시설관리업(사업장),09_30_02_P,4201000,4.201E+17,1999.10.5,,3,폐업,2,폐업,2009.1.6,,,,336441730,,210-851,강원특별자치도 강릉시 사천면 석교리 613,강원특별자치도 강릉시 사천면 청솔공원길 207-12,,(주)대양이엔씨,2009.1.7 13:32,I,2023.6.13 0:00,,360745.1222,482775.08,분뇨등관련영업관리,,,,,0,,0
200,가축분뇨배출시설관리업(사업장),09_30_02_P,4191000,4.191E+17,2012.4.17,,3,폐업,2,폐업,2013.4.4,,,,033-731-6432,,220-843,강원특별자치도 원주시 흥업면 사제리 337 거장A 상가201호,강원특별자치도 원주시 흥업면 사제로 483,220-843,(주)삼성환경엔지니어링,2013.4.8 15:52,I,2023.6.13 0:00,,278606.9957,426001.7634,분뇨등관련영업관리,,,,,0,,0
201,가축분뇨배출시설관리업(사업장),09_30_02_P,3990000,3.99E+17,2019.7.22,,3,폐업,2,폐업,2021.5.27,,,,031-532-9392,,,경기도 남양주시 진접읍 팔야리 422-20,경기도 남양주시 진접읍 금강로1845번길 126,12018,(주)지이에스,2021.5.27 15:19,U,2021.5.29 2:40,,219083.1407,472605.1521,분뇨등관련영업관리,,,,,,,
202,가축분뇨배출시설관리업(사업장),09_30_02_P,5710000,5.71E+17,2019.8.16,,3,폐업,2,폐업,2021.5.27,,,,317081577,,,충청북도 청주시 청원구 율량동 2220 4층,"충청북도 청주시 청원구 1순환로 118, 4층 (율량동)",28321,(주)상산,2021.5.28 9:03,U,2021.5.30 2:40,,244577.4355,351565.5173,분뇨등관련영업관리,,,,,,,
203,가축분뇨배출시설관리업(사업장),09_30_02_P,4211000,4.211E+17,2015.10.15,,3,폐업,2,폐업,2020.1.16,2018.2.13,,,335330561,,,강원특별자치도 동해시 천곡동 91-22,강원특별자치도 동해시 감추7길 22 (천곡동),,(주)대진환경개발,2020.1.16 11:49,I,2023.6.13 0:00,,387403.3775,447880.4623,분뇨등관련영업관리,,,,,0,,0
204,가축분뇨배출시설관리업(사업장),09_30_02_P,3990000,3.99E+17,2017.11.29,,3,폐업,2,폐업,2019.9.19,,,,031-575-0531,,,경기도 남양주시 퇴계원읍 퇴계원리 56-16,"경기도 남양주시 퇴계원읍 퇴계원로 123, 3층",12120,㈜바이오워터,2019.9.19 11:41,U,2019.9.21 2:40,전문직별 공사업,212621.9226,461657.2907,분뇨등관련영업관리,전문직별 공사업,,,,,,
205,가축분뇨배출시설관리업(사업장),09_30_02_P,3320000,3.32E+17,2017.3.6,,3,폐업,2,폐업,2021.5.14,,,,051-361-9957,,,,"부산광역시 북구 효열로203번가길 56, 2층 203호 (금곡동)",46506,(주)태준바이오,2021.5.14 13:56,U,2021.5.16 2:40,축산분뇨 처리업,383558.0309,198079.6285,분뇨등관련영업관리,축산분뇨 처리업,,,,,,
206,가축분뇨배출시설관리업(사업장),09_30_02_P,4490000,4.49E+17,2009.9.18,,3,폐업,2,폐업,2020.8.24,,,,041-548-2775,,,충청남도 천안시 동남구 문화동 69-1,"충청남도 천안시 동남구 문화1길 3, 3층 (문화동)",31128,(주)광일엔지니어링,2020.8.24 19:08,U,2020.8.26 2:40,분뇨 및 축산폐기물 처리업,213394.0358,367437.5988,분뇨등관련영업관리,분뇨 및 축산폐기물 처리업,,,,0,,0
207,가축분뇨배출시설관리업(사업장),09_30_02_P,5350000,5.35E+17,2009.12.1,,3,폐업,2,폐업,2011.2.16,,,,3428996,,621-831,경상남도 김해시 대청동 68-10 장안프라자 303호,"경상남도 김해시 번화1로68번길 7  (대청동,장안프라자 303호)",,동양산업,2020.9.14 14:57,U,2020.9.16 2:40,하수 처리업,363931.2119,189781.3309,분뇨등관련영업관리,하수 처리업,,,,,,
208,가축분뇨배출시설관리업(사업장),09_30_02_P,4490000,4.49E+17,2015.7.20,,3,폐업,2,폐업,2020.2.21,,,,552-8010,,,충청남도 천안시 서북구 불당동 1819,"충청남도 천안시 서북구 불당34길 22, 401호 (불당동, 세훈프라자)",31156,(주)보람엔지니어링건축사사무소,2020.2.21 14:02,U,2020.2.23 2:40,"기타 전문, 과학 및 기술 서비스업",209431.9055,367266.9078,분뇨등관련영업관리,"기타 전문, 과학 및 기술 서비스업",,,,0,,0
209,가축분뇨배출시설관리업(사업장),09_30_02_P,5680000,5.68E+17,2016.1.20,,3,폐업,2,폐업,2017.4.6,,,,041-353-0947,,,충청남도 당진시 송산면 가곡리 384-1,"충청남도 당진시 송산면 석문방조제로 422-59, 1동 103호",31709,천해환경산업(주),2017.4.6 17:53,I,2018.8.31 23:59,,170925.1998,386533.7225,분뇨등관련영업관리,,,,,,,
210,가축분뇨배출시설관리업(사업장),09_30_02_P,3650000,3.65E+17,2008.6.4,,3,폐업,2,폐업,2009.7.9,,,,042-221-0447,,301-010,대전광역시 중구 대흥동 516-1 정원빌딩 5층,대전광역시 중구 테미로 53-1 (대흥동),301-805,중앙환경이엔지,2021.12.31 14:10,U,2022.1.2 2:40,,237853.8347,313606.9807,분뇨등관련영업관리,,,,,0,,0
211,가축분뇨배출시설관리업(사업장),09_30_02_P,3620000,3.62E+17,2000.12.2,,3,폐업,2,폐업,2012.7.30,,,,,,500-060,광주광역시 북구 신안동 124-10,광주광역시 북구 무등로 191  (신안동),,(주)코엔텍,2012.7.30 16:45,I,2018.8.31 23:59,,191252.8028,185165.9521,분뇨등관련영업관리,,,,,,,
212,가축분뇨배출시설관리업(사업장),09_30_02_P,3620000,3.62E+17,2004.8.27,,3,폐업,2,폐업,2012.4.16,,,,,,500-060,광주광역시 북구 신안동 135-3,광주광역시 북구 중흥로 71  (신안동),,동명환경(주),2012.7.30 16:49,I,2018.8.31 23:59,,191015.9914,185022.6288,분뇨등관련영업관리,,,,,,,
213,가축분뇨배출시설관리업(사업장),09_30_02_P,3620000,3.62E+17,2005.4.18,,3,폐업,2,폐업,2008.12.30,,,,625113171,,500-020,광주광역시 북구 유동 76-6,광주광역시 북구 유동길 8  (유동),,(주)원천환경,2008.12.30 15:12,I,2018.8.31 23:59,,191038.014,184333.084,분뇨등관련영업관리,,,,,,,
214,가축분뇨배출시설관리업(사업장),09_30_02_P,3620000,3.62E+17,2009.4.15,,3,폐업,2,폐업,2010.9.9,,,,,,500-830,광주광역시 북구 신안동 239-10,광주광역시 북구 자미로 22  (신안동),,(주)정우엔텍연구소,2010.9.9 10:38,I,2018.8.31 23:59,,191125.3925,185421.6801,분뇨등관련영업관리,,,,,,,
215,가축분뇨배출시설관리업(사업장),09_30_02_P,3620000,3.62E+17,2004.10.25,,3,폐업,2,폐업,2020.2.28,,,,971-1735,,500-470,광주광역시 북구 대촌동 958-14 하이테크센터 405호,"광주광역시 북구 첨단과기로 313, 405호 (대촌동,하이테크센터)",,(주)녹색기술연구소,2020.3.4 10:03,U,2020.3.6 2:40,,187120.0664,192227.1834,분뇨등관련영업관리,,,,,,,
216,가축분뇨배출시설관리업(사업장),09_30_02_P,4600000,4.6E+17,1999.10.28,,3,폐업,2,폐업,2017.6.23,,,,,,350-803,충청남도 홍성군 홍성읍 남장리 221-1,충청남도 홍성군 홍성읍 충서로 1200,,두현이엔씨,2017.6.23 10:02,I,2018.8.31 23:59,,,,분뇨등관련영업관리,,,,,,,
217,가축분뇨배출시설관리업(사업장),09_30_02_P,4600000,4.6E+17,1999.4.22,,3,폐업,2,폐업,2017.6.23,,,,6346250,,,충청남도 홍성군 홍성읍 대교리 669,충청남도 홍성군 홍성읍 의사로72번길 30-14,32219,(주)두현이엔씨,2017.6.23 10:10,I,2018.8.31 23:59,,170805.7048,344648.4068,분뇨등관련영업관리,,,,,,,
218,가축분뇨배출시설관리업(사업장),09_30_02_P,4910000,4.91E+17,2012.8.24,,3,폐업,2,폐업,2014.4.23,,,,061-862-4666,,529-851,전라남도 장흥군 안양면 기산리 242-6,전라남도 장흥군 안양면 남부관광로 392-29,529-851,(주)코엔텍,2014.4.23 13:36,I,2018.8.31 23:59,,195233.9691,130192.1092,분뇨등관련영업관리,,,,,,,
219,가축분뇨배출시설관리업(사업장),09_30_02_P,4910000,4.91E+17,2015.12.8,,3,폐업,2,폐업,2017.3.20,,,,070-7114-9900,,529-805,전라남도 장흥군 장흥읍 519,전라남도 장흥군 장흥읍 외평길 84,529-805,(주)한미엔텍,2017.3.20 9:10,I,2018.8.31 23:59,축산관련 서비스업,191123.1379,129385.4383,분뇨등관련영업관리,축산관련 서비스업,,,,,,
220,가축분뇨배출시설관리업(사업장),09_30_02_P,4980000,4.98E+17,2004.12.24,,3,폐업,2,폐업,2008.2.13,,,,629627061,,515-801,전라남도 장성군 장성읍 영천리 1317-19,,,(주)에프디에이치,2008.2.13 15:56,I,2018.8.31 23:59,,,,분뇨등관련영업관리,,,,,,,
221,가축분뇨배출시설관리업(사업장),09_30_02_P,5690000,5.69E+17,2019.12.19,,3,폐업,2,폐업,2020.3.18,,,,044-868-7048,,,세종특별자치시 소정면 대곡리 368-8,세종특별자치시 소정면 학수소사길 63,30001,(주)금강피스코,2020.3.18 8:34,U,2020.3.20 2:40,,215014.8021,358977.5767,분뇨등관련영업관리,,,,,,,
222,가축분뇨배출시설관리업(사업장),09_30_02_P,5690000,5.69E+17,2019.12.13,,3,폐업,2,폐업,2020.3.18,,,,044-868-7048,,,세종특별자치시 소정면 대곡리 368-8,세종특별자치시 소정면 학수소사길 63,30001,(주)금강피스코,2020.3.18 8:32,U,2020.3.20 2:40,,215014.8021,358977.5767,분뇨등관련영업관리,,,,,,,
223,가축분뇨배출시설관리업(사업장),09_30_02_P,4231000,4.231E+17,2012.2.6,,3,폐업,2,폐업,2014.7.31,,,,631-1539,,217-810,강원특별자치도 속초시 동명동 466-42,"강원특별자치도 속초시 중앙로 190, 1동 7층 12호 (동명동, 설악센트리움)",217-810,(주)정엔지니어링,2014.7.31 17:30,I,2023.6.13 0:00,,339470.1593,523908.7576,분뇨등관련영업관리,,,,,0,,0
224,가축분뇨배출시설관리업(사업장),09_30_02_P,4231000,4.231E+17,2019.3.21,,3,폐업,2,폐업,2020.2.5,,,,033-636-4981,,,강원특별자치도 속초시 교동 949-11,강원특별자치도 속초시 동해대로 4293 (교동),24862,㈜청수환경엔지니어링,2020.2.6 10:05,I,2023.6.13 0:00,환경컨설팅 및 관련 엔지니어링 서비스업,337569.3185,522952.587,분뇨등관련영업관리,환경컨설팅 및 관련 엔지니어링 서비스업,,,,0,,0
225,가축분뇨배출시설관리업(사업장),09_30_02_P,3480000,3.48E+17,2005.1.6,,3,폐업,2,폐업,2016.3.30,,,,5306432323,,711-834,대구광역시 달성군 화원읍 천내리 107-3,대구광역시 달성군 화원읍 성천로 122,711-834,(주)금창엔지니어링,2016.3.30 9:56,I,2018.8.31 23:59,,335023.196,257280.6843,분뇨등관련영업관리,,,,,,,
226,가축분뇨배출시설관리업(사업장),09_30_02_P,3640000,3.64E+17,2003.9.19,,3,폐업,2,폐업,2015.3.6,,,,,,300-803,대전광역시 동구 가양동 292-1,대전광역시 동구 동대전로263번길 51  (가양동),,(주)흥국환경,2015.3.6 11:37,I,2018.8.31 23:59,,239783.0987,315954.4269,분뇨등관련영업관리,,,,,,,
227,가축분뇨배출시설관리업(사업장),09_30_02_P,5310000,5.31E+17,2017.8.31,,3,폐업,2,폐업,2018.2.26,,,,055-762-8900,,,경상남도 진주시 초전동 1702-12,경상남도 진주시 초북로20번길 30-14 (초전동),52731,(주)우진,2018.2.26 15:36,I,2018.8.31 23:59,폐기물처리 및 오염방지시설 건설업,301184.5551,191057.6212,분뇨등관련영업관리,폐기물처리 및 오염방지시설 건설업,,,,,,
228,가축분뇨배출시설관리업(사업장),09_30_02_P,5480000,5.48E+17,2016.9.27,,3,폐업,2,폐업,2023.1.1,,,,055-931-7700,,,,경상남도 합천군 합천읍 옥산로 86,50231,주식회사 현산종합건설,2023.1.13 8:38,U,2023.5.26 8:48,,305485.14,230420.5464,분뇨등관련영업관리,,,,,0,,0
229,가축분뇨배출시설관리업(사업장),09_30_02_P,3330000,3.33E+17,2015.5.4,,3,폐업,2,폐업,2017.8.9,,,,051-912-6661,,,,"부산광역시 해운대구 센텀중앙로 48, 11층 11호 (우동)",612-020,청우에이스(주),2017.8.9 15:22,I,2018.8.31 23:59,,393963.8408,188061.3552,분뇨등관련영업관리,,,,,,,
230,가축분뇨배출시설관리업(사업장),09_30_02_P,3930000,3.93E+17,2011.12.19,,3,폐업,2,폐업,2012.8.28,,,,,,425-807,경기도 안산시 단원구 고잔동 706-3 장은타워 206호,"경기도 안산시 단원구 광덕대로 187, 206호 (고잔동, 장은타워)",425-807,(주)에스텍코리아,2012.8.28 17:12,I,2018.8.31 23:59,,184799.1567,423500.7808,분뇨등관련영업관리,,,,,,,
231,가축분뇨배출시설관리업(사업장),09_30_02_P,3930000,3.93E+17,2014.1.20,,3,폐업,2,폐업,2017.12.6,,,,031-487-8633,,425-833,경기도 안산시 단원구 성곡동 621-2,경기도 안산시 단원구 해봉로 45 (성곡동),425-833,(주)그린니스,2017.12.6 13:28,I,2018.8.31 23:59,,178519.2147,422851.2482,분뇨등관련영업관리,,,,,,,
232,가축분뇨배출시설관리업(사업장),09_30_02_P,6520000,6.52E+17,2015.11.6,,3,폐업,2,폐업,2016.11.8,,,,,,,제주특별자치도 서귀포시 대정읍 보성리 2405,"제주특별자치도 서귀포시 대정읍 에듀시티로 74, 105동 303층 (라온프라이빗에듀)",63644,(주)돌담이바이오,2016.11.8 15:31,I,2018.8.31 23:59,,133041.85,-22715.78319,분뇨등관련영업관리,,,,,,,
233,가축분뇨배출시설관리업(사업장),09_30_02_P,3820000,3.82E+17,2007.3.2,,3,폐업,2,폐업,2014.1.23,,,,,,480-848,경기도 의정부시 의정부동 434-15 동보빌딩 3층,"경기도 의정부시 신흥로 278  (의정부동,동보빌딩 3층)",,(주)선일이엔씨,2014.1.23 11:12,I,2018.8.31 23:59,,203753.8319,470933.1347,분뇨등관련영업관리,,,,,,,
234,가축분뇨배출시설관리업(사업장),09_30_02_P,3820000,3.82E+17,1999.12.8,,3,폐업,2,폐업,2009.6.1,,,,,,480-812,경기도 의정부시 가능동 726-14,경기도 의정부시 가능로68번길 20-1  (가능동),,서울종합환경,2009.6.1 15:50,I,2018.8.31 23:59,,203307.3597,471485.516,분뇨등관련영업관리,,,,,,,
235,가축분뇨배출시설관리업(사업장),09_30_02_P,3820000,3.82E+17,2000.1.5,,3,폐업,2,폐업,2008.3.26,,,,,,480-850,경기도 의정부시 의정부동 591-4,,,(주)석산환경산업,2008.3.26 17:54,I,2018.8.31 23:59,,,,분뇨등관련영업관리,,,,,,,
236,가축분뇨배출시설관리업(사업장),09_30_02_P,3820000,3.82E+17,2001.1.3,,3,폐업,2,폐업,2011.12.19,,,,,,480-854,경기도 의정부시 호원동 119-151 경기북부벤처센타 307호,"경기도 의정부시 망월로 18-26,  307호 (호원동,경기북부벤처센타)",,구기이엔씨(주),2011.12.19 14:08,I,2018.8.31 23:59,,203865.7572,467377.033,분뇨등관련영업관리,,,,,,,
237,가축분뇨배출시설관리업(사업장),09_30_02_P,3820000,3.82E+17,2004.9.21,,3,폐업,2,폐업,2011.3.15,,,,,,480-849,경기도 의정부시 의정부동 533-6 오성빌딩 5층,"경기도 의정부시 의정로 16  (의정부동,오성빌딩 5층)",,(주)플러스환경시스템,2011.3.15 9:00,I,2018.8.31 23:59,,203051.8524,470191.0607,분뇨등관련영업관리,,,,,,,
238,가축분뇨배출시설관리업(사업장),09_30_02_P,3820000,3.82E+17,2005.6.13,,3,폐업,2,폐업,2008.3.31,,,,,,480-070,경기도 의정부시 신곡동 684,,,대원환경,2008.3.31 17:31,I,2018.8.31 23:59,,205032.0422,471059.0845,분뇨등관련영업관리,,,,,,,
239,가축분뇨배출시설관리업(사업장),09_30_02_P,3820000,3.82E+17,2006.8.24,,3,폐업,2,폐업,2008.3.25,,,,,,480-819,경기도 의정부시 가능동 746-33 영일빌딩2층,"경기도 의정부시 흥선로 102  (가능동,영일빌딩2층)",,(주)청담이엠텍,2008.3.25 15:19,I,2018.8.31 23:59,,203288.8195,471090.7431,분뇨등관련영업관리,,,,,,,
240,가축분뇨배출시설관리업(사업장),09_30_02_P,3820000,3.82E+17,2007.3.2,,3,폐업,2,폐업,2014.1.23,,,,,,480-848,경기도 의정부시 의정부동 434-15,경기도 의정부시 신흥로 278  (의정부동),,(주)선일이엔씨,2016.5.16 11:02,I,2018.8.31 23:59,,203753.8319,470933.1347,분뇨등관련영업관리,,,,,,,
241,가축분뇨배출시설관리업(사업장),09_30_02_P,3830000,3.83E+17,2015.6.24,,3,폐업,2,폐업,2016.11.11,,,,031-8040-2942,,431-060,경기도 안양시 동안구 관양동 224-5 대륭테크노타운15차,"경기도 안양시 동안구 시민대로 401, 1010호 (관양동, 대륭테크노타운15차)",431-060,에코이앤오(주),2016.11.11 14:21,I,2018.8.31 23:59,,197692.0134,432777.2902,분뇨등관련영업관리,,,,,,,
242,가축분뇨배출시설관리업(사업장),09_30_02_P,3830000,3.83E+17,2015.6.25,,3,폐업,2,폐업,2016.11.11,,,,031-8040-2942,,,경기도 안양시 동안구 관양동 224-5,"경기도 안양시 동안구 시민대로 401, 1010호 (관양동, 대륭테크노타운15차)",14057,에코이앤오(주),2016.11.11 14:26,I,2018.8.31 23:59,,197692.0134,432777.2902,분뇨등관련영업관리,,,,,,,
243,가축분뇨배출시설관리업(사업장),09_30_02_P,3830000,3.83E+17,2016.9.19,,3,폐업,2,폐업,2019.6.26,,,,031-382-8955,,,,"경기도 안양시 동안구 관평로69번길 29-7, 지층 1호 (평촌동)",14103,(주)환경에너지오앤엠,2019.7.5 15:15,U,2019.7.7 2:40,,196716.9189,431203.3798,분뇨등관련영업관리,,,,,,,
244,가축분뇨배출시설관리업(사업장),09_30_02_P,5380000,5.38E+17,2012.1.19,,3,폐업,2,폐업,2016.4.27,,,,055-382-8802,,626-220,경상남도 양산시 어곡동 702,경상남도 양산시 어실로 332-1 (어곡동),626-220,EFTC,2016.4.27 14:36,I,2018.8.31 23:59,,383372.0012,211699.4393,분뇨등관련영업관리,,,,,,,
245,가축분뇨배출시설관리업(사업장),09_30_02_P,3620000,3.62E+17,2004.5.20,,3,폐업,2,폐업,2021.12.24,,,,2647845,,,광주광역시 북구 용전동 613-3,"광주광역시 북구 용전마을길33번길 12, 2층 (용전동)",61042,(주)청록이엔지,2021.12.24 17:07,U,2021.12.26 2:40,,190420.1302,193306.1829,분뇨등관련영업관리,,,,,0,,0
246,가축분뇨배출시설관리업(사업장),09_30_02_P,3910000,3.91E+17,2023.4.24,,3,폐업,2,폐업,2023.7.6,,,,031-664-0688,,,경기도 평택시 서정동 782-1,"경기도 평택시 송탄2로 20-11, 2층 (서정동)",17766,㈜에코엔텍,2023.7.6 17:08,U,2023.7.8 2:40,,205012.0288,396565.8187,분뇨등관련영업관리,,,,,0,,0
247,가축분뇨배출시설관리업(사업장),09_30_02_P,3940000,3.94E+17,2013.12.26,,3,폐업,2,폐업,2018.1.12,,,,02-387-1888,,412-010,,"서울특별시 은평구 통일로 856, 11층 11011호 (불광동, 메트로타워)",3345,시원산업개발(주),2018.1.12 17:47,I,2018.8.31 23:59,,192998.2022,457479.9952,분뇨등관련영업관리,,,,,,,
248,가축분뇨배출시설관리업(사업장),09_30_02_P,4530000,4.53E+17,2014.12.3,,3,폐업,2,폐업,2015.11.23,,,,416681070,,356-805,충청남도 서산시 읍내동 270-1,충청남도 서산시 문화로 16 (읍내동),356-836,성지환경기술(주),2015.11.26 11:00,I,2018.8.31 23:59,,150823.1473,364758.6258,분뇨등관련영업관리,,,,,,,
249,가축분뇨배출시설관리업(사업장),09_30_02_P,4530000,4.53E+17,2016.12.13,,3,폐업,2,폐업,2020.6.19,,,,041-668-1070,,,,충청남도 서산시 동헌로 147 (읍내동),31974,성지환경기술(주),2020.6.19 11:28,U,2020.6.21 2:40,,150906.9734,364710.4683,분뇨등관련영업관리,,,,,,,
250,가축분뇨배출시설관리업(사업장),09_30_02_P,4080000,4.08E+17,2013.2.1,,3,폐업,2,폐업,2016.3.9,,,,031-8050-2205,,456-010,경기도 안성시 가사동 15,"경기도 안성시 보개원삼로 165-17, 1층 (가사동)",456-010,주식회사 바이오립스,2016.3.9 15:15,I,2018.8.31 23:59,,225434.4582,390740.3746,분뇨등관련영업관리,,,,,,,
251,가축분뇨배출시설관리업(사업장),09_30_02_P,4080000,4.08E+17,2015.2.7,,3,폐업,2,폐업,2016.11.23,,,,316587821,,,경기도 안성시 원곡면 성은리 335-4,경기도 안성시 원곡면 지문로 504,456-812,(주)레인솔루션,2016.11.24 19:42,I,2018.8.31 23:59,액체 여과기 제조업,213711.1504,396733.8389,분뇨등관련영업관리,액체 여과기 제조업,,,,,,
252,가축분뇨배출시설관리업(사업장),09_30_02_P,4470000,4.47E+17,2002.12.17,,3,폐업,2,폐업,2022.4.15,,,,438732592,,,충청북도 음성군 음성읍 읍내리 726-3,충청북도 음성군 음성읍 용광로 58,27690,(주)두원건설.환경,2022.4.15 14:52,U,2022.4.17 2:40,,261170.4566,382647.1384,분뇨등관련영업관리,,,,,0,,0
253,가축분뇨배출시설관리업(사업장),09_30_02_P,3210000,3.21E+17,2013.12.3,,3,폐업,2,폐업,2015.1.27,,,,02-3495-8314,,137-850,서울특별시 서초구 방배동 1015,서울특별시 서초구 방배로 16 (방배동),137-850,임광토건주식회사,2015.1.27 10:54,I,2018.8.31 23:59,,200153.0487,441653.3709,분뇨등관련영업관리,,,,,,,
254,가축분뇨배출시설관리업(사업장),09_30_02_P,3780000,3.78E+17,2010.8.24,,3,폐업,2,폐업,2020.3.1,,,,786-0405,,463-825,경기도 성남시 분당구 수내동 11-1 청구블루빌 817호,"경기도 성남시 분당구 황새울로 224, 817호 (수내동,청구블루빌)",,(주)리보종합건설,2020.3.10 17:33,U,2020.3.12 2:40,"하수처리, 폐기물처리 및 청소관련 서비스업",209950.6243,430768.6865,분뇨등관련영업관리,"하수처리, 폐기물처리 및 청소관련 서비스업",,,,,,
255,가축분뇨배출시설관리업(사업장),09_30_02_P,3780000,3.78E+17,2010.8.30,,3,폐업,2,폐업,2013.10.22,,,,317115620,,463-490,경기도 성남시 분당구 동원동 57-8 2층,"경기도 성남시 분당구 동원북로 5  (동원동,2층)",,(주)파오,2013.10.22 17:13,I,2018.8.31 23:59,축산 관련 서비스업,208882.206,427151.0062,분뇨등관련영업관리,축산 관련 서비스업,,,,,,
256,가축분뇨배출시설관리업(사업장),09_30_02_P,3780000,3.78E+17,2013.12.10,,3,폐업,2,폐업,2019.4.30,,,,269018358,,463-400,경기도 성남시 분당구 삼평동 680 에이치스퀘어 에스동 1001호,"경기도 성남시 분당구 판교역로 231 (삼평동, 에이치스퀘어 에스동 1001호)",463-400,(주)티에스케이워터,2019.4.30 15:53,U,2019.5.2 2:40,,209549.8745,433248.0854,분뇨등관련영업관리,,,,,,,
257,가축분뇨배출시설관리업(사업장),09_30_02_P,3780000,3.78E+17,2016.4.29,,3,폐업,2,폐업,2017.1.24,,,,0342717 6444,,463-010,경기도 성남시 분당구 정자동 46-1,경기도 성남시 분당구 내정로129번길 26 (정자동),463-848,한송엔지니어링(주),2017.1.24 11:13,I,2018.8.31 23:59,,210055.7482,430132.3373,분뇨등관련영업관리,,,,,,,
258,가축분뇨배출시설관리업(사업장),09_30_02_P,3780000,3.78E+17,2016.11.17,,3,폐업,2,폐업,2022.12.12,,,,031-778-5415,,,경기도 성남시 분당구 삼평동 616,"경기도 성남시 분당구 판교로255번길 68, 유비쿼스빌딩 3층 (삼평동)",13486,한솔제지㈜,2022.12.12 17:33,U,2022.12.14 2:40,,208618.5409,433542.9595,분뇨등관련영업관리,,,,,0,,0
259,가축분뇨배출시설관리업(사업장),09_30_02_P,3780000,3.78E+17,2018.5.24,,3,폐업,2,폐업,2018.10.5,,,,02-453-6405,,,경기도 성남시 중원구 상대원동 513-22 드림테크노,"경기도 성남시 중원구 둔촌대로 464, 드림테크노 705호 (상대원동)",13229,(주)모리트워터에너지,2018.10.5 15:42,U,2018.10.7 2:37,,214818.6707,436622.2718,분뇨등관련영업관리,,,,,,,
260,가축분뇨배출시설관리업(사업장),09_30_02_P,4570000,4.57E+17,2014.11.28,,3,폐업,2,폐업,2021.1.4,,,,042-220-1080,,,대전광역시 중구 오류동 175-3,"대전광역시 중구 계룡로 832, 중도일보 B/D 5층 (오류동)",34908,(주)부원건설,2021.1.5 9:02,U,2021.1.7 2:40,,236543.0492,313979.5714,분뇨등관련영업관리,,,,,,,
261,가축분뇨배출시설관리업(사업장),09_30_02_P,5600000,5.6E+17,2003.6.27,,3,폐업,2,폐업,2019.6.25,,,,,,487-831,경기도 포천시 내촌면 내리 157-1,경기도 포천시 내촌면 금강로 2519-28,,(주)지이환경,2019.6.25 14:10,U,2019.6.27 2:40,,221081.2074,477263.3629,분뇨등관련영업관리,,,,,,,
262,가축분뇨배출시설관리업(사업장),09_30_02_P,5600000,5.6E+17,2011.6.20,,3,폐업,2,폐업,2019.6.25,,,,,,487-831,경기도 포천시 내촌면 내리 157-1,경기도 포천시 내촌면 금강로 2519-28,,(주)지이환경,2019.6.25 11:56,U,2019.6.27 2:40,,221081.2074,477263.3629,분뇨등관련영업관리,,,,,,,
263,가축분뇨배출시설관리업(사업장),09_30_02_P,4810000,4.81E+17,1999.8.27,,3,폐업,2,폐업,2009.7.1,,,,061 651 8662,,550-210,전라남도 여수시 오림동 360,전라남도 여수시 진남체육관길 27  (오림동),,(주)에이스벤쳐,2009.7.2 8:10,I,2018.8.31 23:59,,265717.973,140369.9741,분뇨등관련영업관리,,,,,,,
264,가축분뇨배출시설관리업(사업장),09_30_02_P,5020000,5.02E+17,2001.3.23,,3,폐업,2,폐업,2012.1.5,,,,054 262 4321,,791-940,경상북도 포항시 북구 흥해읍 남성리 315-3,,,동화개발(주),2017.2.14 10:57,I,2018.8.31 23:59,,411072.4026,292161.7229,분뇨등관련영업관리,,,,,,,
265,가축분뇨배출시설관리업(사업장),09_30_02_P,5710000,5.71E+17,2002.2.20,,3,폐업,2,폐업,2022.7.1,2014.10.24,,,043-215-8151,,360-806,충청북도 청주시 청원구 내덕동 597-29,충청북도 청주시 청원구 새터로 124 (내덕동),360-806,영우종합환경,2022.8.1 10:03,U,2022.8.3 2:40,,242690.333,351232.8211,분뇨등관련영업관리,,,,,0,,0
266,가축분뇨배출시설관리업(사업장),09_30_02_P,5710000,5.71E+17,2000.3.22,,3,폐업,2,폐업,2014.10.28,,,,043-298-2511,,360-187,충청북도 청주시 상당구 월오동 401,충청북도 청주시 상당구 다리실로69번길 61-2 (월오동),360-187,(주)하나환경개발,2014.10.28 19:09,I,2018.8.31 23:59,,247519.5024,345946.5564,분뇨등관련영업관리,,,,,,,
267,가축분뇨배출시설관리업(사업장),09_30_02_P,5710000,5.71E+17,2000.3.22,,3,폐업,2,폐업,2010.2.8,,,,,,360-187,충청북도 청주시 상당구 운동동 184-2,,,(주)하나환경개발,2010.2.8 13:35,I,2018.8.31 23:59,,,,분뇨등관련영업관리,,,,,,,
268,가축분뇨배출시설관리업(사업장),09_30_02_P,5710000,5.71E+17,2000.11.17,,3,폐업,2,폐업,2011.12.26,,,,,,361-818,충청북도 청주시 흥덕구 봉명동 1153-1,,,(주)산들환경,2012.1.29 15:00,I,2018.8.31 23:59,,241542.2534,348821.0319,분뇨등관련영업관리,,,,,,,
269,가축분뇨배출시설관리업(사업장),09_30_02_P,4390000,4.39E+17,2003.2.3,,3,폐업,2,폐업,2007.12.6,,,,,,380-963,충청북도 충주시 연수동 819-1,,,(주)청운환경기술,2007.12.6 17:18,I,2018.8.31 23:59,,,,분뇨등관련영업관리,,,,,,,
270,가축분뇨배출시설관리업(사업장),09_30_02_P,4390000,4.39E+17,2000.7.22,,3,폐업,2,폐업,2008.3.14,,,,043  8529900,,380-956,충청북도 충주시 문화동 228,충청북도 충주시 사직로 39  (문화동),,(주)영동환경,2008.3.13 9:31,I,2018.8.31 23:59,,281608.7405,385480.8475,분뇨등관련영업관리,,,,,,,
271,가축분뇨배출시설관리업(사업장),09_30_02_P,4390000,4.39E+17,2001.5.31,,3,폐업,2,폐업,2008.3.19,,,,043 8545424,,380-966,충청북도 충주시 호암동 185-2,충청북도 충주시 호암대로 131  (호암동),,영동환경엔지니어링(주),2008.3.19 12:39,I,2018.8.31 23:59,,283647.2481,384468.4688,분뇨등관련영업관리,,,,,,,
272,가축분뇨배출시설관리업(사업장),09_30_02_P,4900000,4.9E+17,2008.8.26,,3,폐업,2,폐업,2012.9.17,,,,061-372-6064,,519-802,전라남도 화순군 화순읍 서태리 541-3,전라남도 화순군 화순읍 정곡로 106-3,519-802,동명환경(주),2012.9.17 13:28,I,2018.8.31 23:59,,195805.0489,171606.2369,분뇨등관련영업관리,,,,,,,
273,가축분뇨배출시설관리업(사업장),09_30_02_P,5710000,5.71E+17,2017.3.29,,3,폐업,2,폐업,2017.12.6,,,,043-225-8823,,,충청북도 청주시 흥덕구 운천동 577,"충청북도 청주시 흥덕구 사운로 278, 상가동 204호 (운천동, 삼일아파트)",28467,제이앤제이환경 주식회사,2017.12.6 9:00,I,2018.8.31 23:59,"하수, 폐수 및 분뇨 처리업",242296.633,350269.8031,분뇨등관련영업관리,"하수, 폐수 및 분뇨 처리업",,,,,,
274,가축분뇨배출시설관리업(사업장),09_30_02_P,5710000,5.71E+17,2009.4.6,,3,폐업,2,폐업,2011.12.13,,,,432223255,,361-807,충청북도 청주시 서원구 모충동 375-59,충청북도 청주시 서원구 서원서로 33 (모충동),361-807,백산환경,2011.12.16 10:58,I,2018.8.31 23:59,,242797.6031,347332.7546,분뇨등관련영업관리,,,,,,,
275,가축분뇨배출시설관리업(사업장),09_30_02_P,5710000,5.71E+17,2009.11.25,,3,폐업,2,폐업,2011.12.26,,,,2556509,,360-081,충청북도 청주시 상당구 탑동 83-11,,,(주)조은창세환경,2012.1.29 15:18,I,2018.8.31 23:59,,244694.3773,347671.993,분뇨등관련영업관리,,,,,,,
276,가축분뇨배출시설관리업(사업장),09_30_02_P,5710000,5.71E+17,2005.6.13,,3,폐업,2,폐업,2015.6.12,,,,043-268-4959,,361-816,충청북도 청주시 흥덕구 봉명동 168-4,충청북도 청주시 흥덕구 직지대로 578 (봉명동),361-816,(주)천수환경산업,2015.6.12 18:05,I,2018.8.31 23:59,,240808.8048,349184.4128,분뇨등관련영업관리,,,,,,,
277,가축분뇨배출시설관리업(사업장),09_30_02_P,5130000,5.13E+17,2016.6.22,,3,폐업,2,폐업,2018.3.7,,,,538010303,,,경상북도 경산시 사동 36 더블유타워,"경상북도 경산시 백자로 76 (사동, 더블유타워)",38604,우진건설 주식회사,2018.3.15 15:15,I,2018.8.31 23:59,,358599.4703,258329.8484,분뇨등관련영업관리,,,,,,,
278,가축분뇨배출시설관리업(사업장),09_30_02_P,5130000,5.13E+17,2016.6.22,,3,폐업,2,폐업,2018.3.15,,,,538010303,,,경상북도 경산시 사동 36 더블유타워,"경상북도 경산시 백자로 76 (사동, 더블유타워)",38604,우진건설(주),2020.11.30 10:16,U,2020.12.2 2:40,,358599.4703,258329.8484,분뇨등관련영업관리,,,,,,,
279,가축분뇨배출시설관리업(사업장),09_30_02_P,5710000,5.71E+17,2003.11.29,,3,폐업,2,폐업,2011.12.26,,,,,,,충청북도 청주시 흥덕구 봉명동 1051-2,,,(주)대신종합환경,2012.1.29 15:15,I,2018.8.31 23:59,,241847.6967,348928.2341,분뇨등관련영업관리,,,,,,,
280,가축분뇨배출시설관리업(사업장),09_30_02_P,5710000,5.71E+17,2002.5.15,,3,폐업,2,폐업,2022.12.31,,,,043-235-9448,,360-226,충청북도 청주시 청원구 정상동 77-2,충청북도 청주시 청원구 토성로 150-75 (정상동),360-226,(주)한국종합환경,2023.1.5 19:14,U,2023.1.7 2:40,,241968.2768,353394.4193,분뇨등관련영업관리,,,,,0,,0
281,가축분뇨배출시설관리업(사업장),09_30_02_P,5710000,5.71E+17,2002.2.20,,3,폐업,2,폐업,2011.12.26,,,,,,360-821,충청북도 청주시 청원구 율량동 1824-0,,,영우종합환경,2012.1.29 15:09,I,2018.8.31 23:59,,243347.8201,351686.7335,분뇨등관련영업관리,,,,,,,
282,가축분뇨배출시설관리업(사업장),09_30_02_P,5710000,5.71E+17,2001.1.19,,3,폐업,2,폐업,2011.12.26,,,,,,361-813,충청북도 청주시 흥덕구 복대동 1792-0,,,(주)푸른환경산업,2012.1.29 15:07,I,2018.8.31 23:59,,239912.2786,347552.8182,분뇨등관련영업관리,,,,,,,
283,가축분뇨배출시설관리업(사업장),09_30_02_P,4890000,4.89E+17,2014.8.5,,3,폐업,2,폐업,2019.8.14,,,,623621623,,,전라남도 보성군 벌교읍 장좌리 731-8,전라남도 보성군 벌교읍 채동선로 169-5,59430,주식회사 케이엔씨,2019.8.14 16:43,U,2019.8.16 2:40,하수 처리업,231104.0993,148981.1131,분뇨등관련영업관리,하수 처리업,,,,,,
284,가축분뇨배출시설관리업(사업장),09_30_02_P,3740000,3.74E+17,2015.1.2,,3,폐업,2,폐업,2016.6.29,,,,031-241-1775,,,경기도 수원시 장안구 송죽동 448-23,경기도 수원시 장안구 정조로 1106 (송죽동),16303,BK환경종합건설,2021.11.5 8:57,U,2021.11.7 2:40,,200079.8084,422374.4245,분뇨등관련영업관리,,,,,0,,0
285,가축분뇨배출시설관리업(사업장),09_30_02_P,3230000,3.23E+17,2020.6.3,,3,폐업,2,폐업,2021.1.22,,,,02-453-6405,,,서울특별시 송파구 문정동 632 가든파이브웍스,"서울특별시 송파구 충민로 52, 가든파이브웍스 에이동 816호 (문정동)",5839,(주)모리트,2021.1.22 15:06,U,2021.1.24 2:40,,210780.1262,441730.9205,분뇨등관련영업관리,,,,,,,
286,가축분뇨배출시설관리업(사업장),09_30_02_P,4490000,4.49E+17,1983.7.15,,3,폐업,2,폐업,2002.11.30,,,,415813321,,330-800,충청남도 천안시 서북구 성환읍 매주리 320-1,충청남도 천안시 서북구 성환읍 성환1로 206,331-803,성환위생,2023.1.17 11:35,U,2023.5.26 8:48,,211383.1549,379071.1764,분뇨등관련영업관리,,,,,0,,0
287,가축분뇨배출시설관리업(사업장),09_30_02_P,4050000,4.05E+17,2013.3.4,,3,폐업,2,폐업,2019.1.16,,,,031-336-0053,,449-830,경기도 용인시 처인구 이동읍 130-7,"경기도 용인시 처인구 이동읍 이원로 12, 402호",449-833,(주)에코멤브레인,2019.1.16 14:24,U,2019.1.18 2:40,,218374.1849,409796.6227,분뇨등관련영업관리,,,,,,,
288,가축분뇨배출시설관리업(사업장),09_30_02_P,4050000,4.05E+17,2013.6.10,,3,폐업,2,폐업,2019.1.16,,,,031-336-0053,,449-830,경기도 용인시 처인구 이동읍 130-7,"경기도 용인시 처인구 이동읍 이원로 12, 402호",449-833,(주)에코멤브레인,2019.1.16 14:26,U,2019.1.18 2:40,,218374.1849,409796.6227,분뇨등관련영업관리,,,,,,,
289,가축분뇨배출시설관리업(사업장),09_30_02_P,4050000,4.05E+17,2014.2.19,,3,폐업,2,폐업,2019.1.7,,,,031-257-7676,,,경기도 용인시 수지구 죽전동 1254-4 204호 307호,"경기도 용인시 수지구 대지로 58, 204,307호 (죽전동)",448-161,주흥환경(주),2019.1.7 10:26,U,2019.1.9 2:40,,210184.9592,425201.4166,분뇨등관련영업관리,,,,,,,
290,가축분뇨배출시설관리업(사업장),09_30_02_P,4050000,4.05E+17,2014.8.25,,3,폐업,2,폐업,2017.2.20,,,,031-321-1171,,449-040,경기도 용인시 처인구 마평동 721-7,"경기도 용인시 처인구 경안천로 40-1, 202호 (마평동)",449-040,(주)레인솔루션,2017.2.20 11:19,I,2018.8.31 23:59,,218610.5297,414996.1407,분뇨등관련영업관리,,,,,,,
291,가축분뇨배출시설관리업(사업장),09_30_02_P,5330000,5.33E+17,2007.9.27,,3,폐업,2,폐업,2008.5.6,,,,,,650-010,경상남도 통영시 무전동 1027-4,경상남도 통영시 무전6길 22-25  (무전동),,(주)장백종합건설,2008.5.6 16:30,I,2018.8.31 23:59,분뇨 및 축산폐기물 처리업,330300.3441,152005.3412,분뇨등관련영업관리,분뇨 및 축산폐기물 처리업,,,,,,
292,가축분뇨배출시설관리업(사업장),09_30_02_P,4170000,4.17E+17,1999.10.11,,3,폐업,2,폐업,2012.10.25,,,,317724532,,476-832,경기도 양평군 옥천면 아신리 387-3,경기도 양평군 옥천면 고읍로 10,476-832,유림엔마텍(주),2012.10.26 8:29,I,2018.8.31 23:59,,239499.7147,445590.9812,분뇨등관련영업관리,,,,,,,
293,가축분뇨배출시설관리업(사업장),09_30_02_P,4170000,4.17E+17,2001.9.17,,3,폐업,2,폐업,2008.12.4,,,,317714500,,476-801,경기도 양평군 양평읍 공흥리 340-1,,,(주)한강종합환경,2008.12.4 20:32,I,2018.8.31 23:59,,244726.4526,443390.1222,분뇨등관련영업관리,,,,,,,
294,가축분뇨배출시설관리업(사업장),09_30_02_P,4170000,4.17E+17,2000.12.15,,3,폐업,2,폐업,2008.12.22,,,,031774 4464,,476-802,경기도 양평군 양평읍 양근리 192-72 2층,,,(주)영진환경토건,2008.12.22 11:45,I,2018.8.31 23:59,,243971.165,443257.445,분뇨등관련영업관리,,,,,,,
295,가축분뇨배출시설관리업(사업장),09_30_02_P,4170000,4.17E+17,2002.7.19,,3,폐업,2,폐업,2008.12.29,,,,317731303,,476-802,경기도 양평군 양평읍 양근리 501-3,,,청토종합환경,2008.12.29 13:30,I,2018.8.31 23:59,,242527.8062,443988.8664,분뇨등관련영업관리,,,,,,,
296,가축분뇨배출시설관리업(사업장),09_30_02_P,4170000,4.17E+17,2004.11.1,,3,폐업,2,폐업,2008.12.9,,,,317718410,,476-801,경기도 양평군 양평읍 공흥리 755-6,,,(주)미래환경건설,2008.12.9 13:59,I,2018.8.31 23:59,,243986.841,443654.0385,분뇨등관련영업관리,,,,,,,
297,가축분뇨배출시설관리업(사업장),09_30_02_P,4170000,4.17E+17,2004.11.20,,3,폐업,2,폐업,2008.12.31,,,,317751532,,476-802,경기도 양평군 양평읍 공흥리 369-1,,,우리종합환경,2008.12.31 14:13,I,2018.8.31 23:59,,244884.343,443258.5823,분뇨등관련영업관리,,,,,,,
298,가축분뇨배출시설관리업(사업장),09_30_02_P,4170000,4.17E+17,2003.4.15,,3,폐업,2,폐업,2008.12.24,,,,031 7753666,,476-841,경기도 양평군 용문면 다문리 647 심미아파트상가 201호,,,(주)에코베이스,2008.12.24 11:35,I,2018.8.31 23:59,,252335.6597,443071.401,분뇨등관련영업관리,,,,,,,
299,가축분뇨배출시설관리업(사업장),09_30_02_P,4170000,4.17E+17,2006.9.1,,3,폐업,2,폐업,2008.12.24,,,,317744474,,476-913,경기도 양평군 강상면 병산리 1056-6,,,(주)매튜,2008.12.29 11:06,I,2018.8.31 23:59,,240347.8351,443985.5364,분뇨등관련영업관리,,,,,,,
300,가축분뇨배출시설관리업(사업장),09_30_02_P,4170000,4.17E+17,2010.8.20,,3,폐업,2,폐업,2011.11.8,,,,317744474,,476-913,경기도 양평군 강상면 병산리 1056-6,,,(주)매튜,2011.11.9 14:11,I,2018.8.31 23:59,,240347.8351,443985.5364,분뇨등관련영업관리,,,,,,,
301,가축분뇨배출시설관리업(사업장),09_30_02_P,3300000,3.3E+17,2012.12.28,,3,폐업,2,폐업,2014.1.23,,,,515062828,,607-060,부산광역시 동래구 온천동 1379-14,부산광역시 동래구 여고북로73번길 37  (온천동),,(주)대한환경이엔지,2014.1.23 16:06,I,2018.8.31 23:59,,388316.4521,191178.011,분뇨등관련영업관리,,,,,,,
302,가축분뇨배출시설관리업(사업장),09_30_02_P,3860000,3.86E+17,2005.1.29,,3,폐업,2,폐업,2006.12.8,2005.6.15,2005.12.15,,323-4785,,420-852,경기도 부천시 중동 1129 이스트타워 8층,경기도 부천시 조마루로285번길 34 (중동),420-852,(주)세신청정,2014.9.25 11:46,I,2018.8.31 23:59,,180078.2625,444114.2789,분뇨등관련영업관리,,,,,,,
303,가축분뇨배출시설관리업(사업장),09_30_02_P,3860000,3.86E+17,2007.1.26,,3,폐업,2,폐업,2012.5.14,,,,,,420-852,경기도 부천시 중동 1135,경기도 부천시 소향로 239  (중동),,(주)우성그린텍,2012.5.18 13:47,I,2018.8.31 23:59,,179976.7433,444315.8045,분뇨등관련영업관리,,,,,,,
304,가축분뇨배출시설관리업(사업장),09_30_02_P,3860000,3.86E+17,2007.1.27,,3,폐업,2,폐업,2012.5.14,,,,3262473,,,경기도 부천시 중동 1145 메트로팰리스 2차 A동 209호,,,(주)우성그린텍,2012.5.18 13:50,I,2018.8.31 23:59,,179664.6567,444368.1307,분뇨등관련영업관리,,,,,,,
305,가축분뇨배출시설관리업(사업장),09_30_02_P,5710000,5.71E+17,2020.8.7,,3,폐업,2,폐업,2022.12.27,,,,432655200,,,충청북도 청주시 흥덕구 송정동 279-5 세중테크노밸리,"충청북도 청주시 흥덕구 공단로 134, 세중테크노밸리 806호 (송정동)",28576,주식회사 두원엔지니어링,2022.12.28 18:49,U,2022.12.30 2:40,건축설계 및 관련 서비스업,239010.6235,349120.1751,분뇨등관련영업관리,건축설계 및 관련 서비스업,,,,0,,0
306,가축분뇨배출시설관리업(사업장),09_30_02_P,4850000,4.85E+17,2020.8.18,,3,폐업,2,폐업,2022.10.21,,,,062-970-1900,,,전라남도 담양군 담양읍 향교리 342,전라남도 담양군 담양읍 향교길 11-10,57336,(주)우리종합기술,2022.10.21 16:42,U,2022.10.23 2:40,,198574.7488,202867.6919,분뇨등관련영업관리,,,,,0,,0
307,가축분뇨배출시설관리업(사업장),09_30_02_P,3780000,3.78E+17,2021.9.7,,3,폐업,2,폐업,2022.6.15,,,,02-2049-5114,,,경기도 성남시 중원구 금광동 4845,경기도 성남시 중원구 산성대로476번길 6 (금광동),13161,(주)한국종합기술,2022.6.15 11:09,U,2022.6.18 2:40,분뇨 및 축산분뇨 처리업,214216.2962,439074.6918,분뇨등관련영업관리,분뇨 및 축산분뇨 처리업,,,,0,,0
308,가축분뇨배출시설관리업(사업장),09_30_02_P,4890000,4.89E+17,2021.9.7,,3,폐업,2,폐업,2021.11.29,,,,623621623,,,전라남도 보성군 벌교읍 벌교리 605-31,"전라남도 보성군 벌교읍 채동선로 302-1, 2층",59424,(주)케이엔씨,2021.11.29 14:58,U,2021.12.1 2:40,,231187.5285,149977.0124,분뇨등관련영업관리,,,,,0,,0
309,가축분뇨배출시설관리업(사업장),09_30_02_P,3830000,3.83E+17,2022.11.29,,3,폐업,2,폐업,2023.3.15,,,,031-380-6700,,,경기도 안양시 동안구 비산동 1107 안양무역센터,"경기도 안양시 동안구 시민대로 161, 안양무역센터 16층 (비산동)",14048,(주)경동엔지니어링,2023.3.17 15:07,U,2023.3.19 2:40,엔지니어링 서비스업,195428.6399,432045.4411,분뇨등관련영업관리,엔지니어링 서비스업,,,,0,,0
310,가축분뇨배출시설관리업(사업장),09_30_02_P,4490000,4.49E+17,2023.1.4,,3,폐업,2,폐업,2023.2.13,,,,041-576-1124,,,충청남도 천안시 동남구 신방동 1397,"충청남도 천안시 동남구 통정8로 21-9, 2층 (신방동)",31208,씨에스씨 주식회사,2023.2.14 9:11,U,2023.2.16 2:40,,211511.291,363411.1769,분뇨등관련영업관리,,,,,0,,0
311,가축분뇨배출시설관리업(사업장),09_30_02_P,4000000,4E+17,2010.7.30,,3,폐업,2,폐업,2018.1.8,,,,313749602,,447-050,경기도 오산시 부산동 420-1,경기도 오산시 동부대로568번길 57 (부산동),447-050,(주)에코리프로덕션서비스,2020.11.5 15:54,U,2020.11.7 2:40,,207589.7405,405620.1612,분뇨등관련영업관리,,,,,,,
312,가축분뇨배출시설관리업(사업장),09_30_02_P,4000000,4E+17,2010.12.13,,3,폐업,2,폐업,2012.12.26,,,,3180502205,,447-060,경기도 오산시 원동 379-1,경기도 오산시 밀머리로 42 (원동),447-060,주식회사 바이오립스,2013.12.27 10:20,I,2018.8.31 23:59,비료 및 농약 도매업,206515.2014,404030.3244,분뇨등관련영업관리,비료 및 농약 도매업,,,,,,
313,가축분뇨배출시설관리업(사업장),09_30_02_P,5700000,5.7E+17,2016.8.3,,3,폐업,2,폐업,2017.7.28,,,,,,,,경기도 여주시 농산로 91 (상거동),12653,(주)환경에너지오앤엠,2017.7.28 11:44,I,2018.8.31 23:59,,256494.8958,416818.6909,분뇨등관련영업관리,,,,,,,
314,가축분뇨배출시설관리업(사업장),09_30_02_P,3560000,3.56E+17,2010.12.21,,3,폐업,2,폐업,2014.9.11,,,,325660010,,,인천광역시 서구 원당동 824-2,인천광역시 서구 원당대로 841 (원당동),404-320,브니엘네이처(주),2014.9.11 17:29,I,2018.8.31 23:59,,173004.15,454691.162,분뇨등관련영업관리,,,,,,,
315,가축분뇨배출시설관리업(사업장),09_30_02_P,4070000,4.07E+17,2015.6.4,,3,폐업,2,폐업,2015.11.18,,,,031-635-7800,,,,경기도 이천시 중부대로 1235-1 (장록동),467-150,선영환경건설(주),2015.11.18 18:07,I,2018.8.31 23:59,"하수처리, 폐기물처리 및 청소관련 서비스업",240590.4756,417913.9238,분뇨등관련영업관리,"하수처리, 폐기물처리 및 청소관련 서비스업",,,,,,
316,가축분뇨배출시설관리업(사업장),09_30_02_P,4070000,4.07E+17,2016.6.10,,3,폐업,2,폐업,2018.3.21,,,,23521682,,467-800,경기도 이천시 중리동 235-9 3층,"경기도 이천시 남천로 12, 3층 (중리동)",467-800,선일환경에너지(주),2018.4.4 14:44,I,2018.8.31 23:59,,238834.38,419637.1,분뇨등관련영업관리,,,,,,,
317,가축분뇨배출시설관리업(사업장),09_30_02_P,3460000,3.46E+17,2002.3.20,,3,폐업,2,폐업,2008.7.8,,,,,,706-829,대구광역시 수성구 상동 622-14,대구광역시 수성구 신천동로 10-1  (상동),,기림환경건설(주),2008.7.8 13:19,I,2018.8.31 23:59,,345374.8176,259644.7309,분뇨등관련영업관리,,,,,,,
318,가축분뇨배출시설관리업(사업장),09_30_02_P,3520000,3.52E+17,2013.1.24,,3,폐업,2,폐업,2014.7.25,,,,3270075001,,406-831,인천광역시 연수구 청학동 496-4,인천광역시 연수구 벚꽃로 106  (청학동),,주식회사지엔씨에이,2014.7.25 13:47,I,2018.8.31 23:59,축산분뇨 처리업,171347.0526,435117.5234,분뇨등관련영업관리,축산분뇨 처리업,,,,,,
319,가축분뇨배출시설관리업(사업장),09_30_02_P,3520000,3.52E+17,2013.8.7,,3,폐업,2,폐업,2016.9.29,,,,326228042,,,,인천광역시 연수구 송도과학로 32 (송도동),406-840,코오롱워터앤에너지(주),2016.9.29 9:11,I,2018.8.31 23:59,,170022.5184,431135.7231,분뇨등관련영업관리,,,,,,,
320,가축분뇨배출시설관리업(사업장),09_30_02_P,4800000,4.8E+17,2017.9.14,,3,폐업,2,폐업,2019.2.28,,,,061-272-6705,,,,전라남도 목포시 안장산로 37 (용당동),58704,신진유지건설(주),2019.3.4 9:08,U,2019.3.6 2:40,토목 건설업,145479.1016,144795.1643,분뇨등관련영업관리,토목 건설업,,,,,,
321,가축분뇨배출시설관리업(사업장),09_30_02_P,4070000,4.07E+17,2018.9.28,,3,폐업,2,폐업,2021.3.18,,,,031-633-3636,,,경기도 이천시 송정동 346-32,"경기도 이천시 증신로 273, 3층 301호 (송정동)",17344,(주)순정에너지 환경,2021.3.18 11:30,U,2021.3.20 2:40,환경컨설팅 및 관련 엔지니어링 서비스업,238993.4731,421554.7911,분뇨등관련영업관리,환경컨설팅 및 관련 엔지니어링 서비스업,,,,,,
322,가축분뇨배출시설관리업(사업장),09_30_02_P,5530000,5.53E+17,2017.1.4,,3,폐업,2,폐업,2018.1.24,,,,313666236,,,,경기도 화성시 향남읍 서봉로 651-5,18589,비케이환경종합건설(주),2018.1.24 13:52,I,2020.8.5 0:23,,195746.336,403591.8317,분뇨등관련영업관리,,,,,,,
323,가축분뇨배출시설관리업(사업장),09_30_02_P,5680000,5.68E+17,2018.10.1,,3,폐업,2,폐업,2018.12.31,,,,041-356-6400,,,충청남도 당진시 대덕동 1016-2 네오서진건설(주),"충청남도 당진시 아미로 684, 네오서진건설(주) (대덕동)",31786,네오서진건설 주식회사,2018.12.31 13:26,U,2019.1.2 2:40,,167941.0823,374627.0271,분뇨등관련영업관리,,,,,,,
324,가축분뇨배출시설관리업(사업장),09_30_02_P,5080000,5.08E+17,2020.11.19,,3,폐업,2,폐업,2021.12.14,,,,054-464-1606,,,경상북도 구미시 도량동 792-90,"경상북도 구미시 송동로 68-15, 2층 (도량동)",39196,(주)신라에코텍,2021.12.14 17:13,U,2021.12.16 2:40,축산분뇨 처리업,319191.6354,293906.0899,분뇨등관련영업관리,축산분뇨 처리업,,,,0,,0
325,가축분뇨배출시설관리업(사업장),09_30_02_P,4870000,4.87E+17,2022.10.5,,3,폐업,2,폐업,2022.12.6,,,,061-783-5026,,,전라남도 구례군 구례읍 봉동리 389-3,"전라남도 구례군 구례읍 중앙로 47, 2층",57643,(주)매일기술,2022.12.6 16:15,U,2022.12.8 2:40,축산분뇨 처리업,242492.0603,190172.657,분뇨등관련영업관리,축산분뇨 처리업,,,,0,,0
326,가축분뇨배출시설관리업(사업장),09_30_02_P,5670000,5.67E+17,2022.10.20,,3,폐업,2,폐업,2023.4.7,,,,552668494,,,경상남도 창원시 성산구 상남동 71-2 양지빌딩 201호,"경상남도 창원시 성산구 중앙대로 56, 201호 (상남동)",,(주)그린환경연구원,2023.4.7 17:39,U,2023.4.9 2:40,,352679.6307,192464.7841,분뇨등관련영업관리,,,,,0,,0
327,가축분뇨배출시설관리업(사업장),09_30_02_P,5590000,5.59E+17,2021.3.2,,3,폐업,2,폐업,2023.6.19,,,,,,,경기도 양주시 삼숭동 555-7,"경기도 양주시 부흥로 2148, 3층 2,3,4호 (삼숭동)",11485,㈜바이오워터,2023.6.19 11:36,U,2023.6.21 2:40,환경컨설팅 및 관련 엔지니어링 서비스업,208106.7117,478221.1494,분뇨등관련영업관리,환경컨설팅 및 관련 엔지니어링 서비스업,,,,0,,0
328,가축분뇨배출시설관리업(사업장),09_30_02_P,6510000,6.51E+17,2016.11.10,,3,폐업,2,폐업,2017.1.25,,,,064-721-2996,,,제주특별자치도 제주시 이도이동 430-7  3층,"제주특별자치도 제주시 정든로 33, 3층 (이도이동)",63225,흥산환경건설(주),2017.1.25 18:15,I,2018.8.31 23:59,,157376.561,199.4230931,분뇨등관련영업관리,,,,,,,
329,가축분뇨배출시설관리업(사업장),09_30_02_P,5680000,5.68E+17,2018.9.27,,3,폐업,2,폐업,2019.5.29,,,,041-350-5545,,,충청남도 당진시 읍내동 산 66-2 공장,"충청남도 당진시 무수동7길 42, 공장 (읍내동)",31774,당진축산업협동조합,2019.6.3 12:52,U,2019.6.5 2:40,,167973.5994,376470.1374,분뇨등관련영업관리,,,,,,,
330,가축분뇨배출시설관리업(사업장),09_30_02_P,3780000,3.78E+17,2018.10.23,,3,폐업,2,폐업,2019.5.14,,,,02-6901-8200,,,경기도 성남시 분당구 삼평동 680 에이치스퀘어 에스동,"경기도 성남시 분당구 판교역로 231, 에이치스퀘어 에스동 s동 10층 1001호 (삼평동)",13494,(주)티에스케이코퍼레이션,2019.5.14 15:22,U,2019.5.16 2:40,,209549.8745,433248.0854,분뇨등관련영업관리,,,,,,,
331,가축분뇨배출시설관리업(사업장),09_30_02_P,3780000,3.78E+17,2018.10.23,,3,폐업,2,폐업,2019.5.14,,,,02-6901-8200,,,경기도 성남시 분당구 삼평동 680 에이치스퀘어 에스동,"경기도 성남시 분당구 판교역로 231, 에이치스퀘어 에스동 s동 10층 1001호 (삼평동)",13494,(주)티에스케이코퍼레이션,2019.11.14 11:23,U,2019.11.16 2:40,,209549.8745,433248.0854,분뇨등관련영업관리,,,,,,,
332,가축분뇨배출시설관리업(사업장),09_30_02_P,5680000,5.68E+17,2018.10.2,,3,폐업,2,폐업,2018.12.7,,,,413566400,,,충청남도 당진시 원당동 791-1 동승빌딩 3층,충청남도 당진시 원당로 80 (원당동),343-090,네오서진건설(주),2019.1.2 15:50,I,2019.1.4 2:20,,168275.9626,378543.0601,분뇨등관련영업관리,,,,,,,
333,가축분뇨배출시설관리업(사업장),09_30_02_P,5100000,5.1E+17,2020.12.7,,3,폐업,2,폐업,2021.5.20,,,,054-332-2273,,,경상북도 영천시 청통면 계포리 241-2,경상북도 영천시 청통면 청통로 696,38867,(주)성진환경,2021.5.20 13:38,U,2021.5.22 2:40,,363940.6627,278810.9295,분뇨등관련영업관리,,,,,,,
334,가축분뇨배출시설관리업(사업장),09_30_02_P,5600000,5.6E+17,2001.12.7,,3,폐업,4,폐쇄,,,,,315347733,,487-040,경기도 포천시 신읍동 376-1,경기도 포천시 중앙로 31  (신읍동),,대성환경,2021.2.18 13:52,U,2021.2.20 2:40,,217286.7607,487572.937,분뇨등관련영업관리,,,,,,,
335,가축분뇨배출시설관리업(사업장),09_30_02_P,4390000,4.39E+17,2000.7.21,,3,폐업,4,폐쇄,,,,,043 8477436,,380-230,충청북도 충주시 금릉동 72-1,,,해명환경(주),2009.11.11 13:35,I,2018.8.31 23:59,,,,분뇨등관련영업관리,,,,,,,