순번,시도본부,소방서,119안전센터명,주소,전화번호
1,서울,종로,세종로119안전센터,서울특별시 종로구 율곡로 78(운니동 114-2),02-6981-5740
2,서울,종로,신교119안전센터,서울특별시 종로구 자하문로 93 (신교동),02-737-8119
3,서울,종로,종로119안전센터,서울특별시 종로구 돈화문로 30 (묘동),02-747-7119
4,서울,종로,연건119안전센터,서울특별시 종로구 대학로 91 (연건동),02-747-8119
5,서울,종로,신영119안전센터,서울특별시 종로구 진흥로 477 (신영동),02-391-0119
6,서울,종로,숭인119안전센터,서울특별시 종로구 숭인동길 63 (숭인동),02-929-0921
7,서울,중부,을지로119안전센터,서울특별시 중구 을지로45길 43(신당동),02-2235-0119
8,서울,중부,무학119안전센터,서울특별시 중구 퇴계로 394 (무학동),02-2252-3311
9,서울,중부,충무로119안전센터,서울특별시 중구 충무로 11(충무로3가),02-2265-0119
10,서울,중부,회현119안전센터,서울특별시 중구 소공로 30(회현동2가),02-775-0119
11,서울,중부,신당119안전센터,서울특별시 중구 다산로8길 2(신당동),02-2238-0698
12,서울,광진,구의119안전센터,서울특별시 광진구 광나루로 480 (구의동),02-6981-6768
13,서울,광진,능동119안전센터,서울특별시 광진구 능동로 242 (능동),02-6981-6781
14,서울,광진,중곡119안전센터,서울특별시 광진구 용마산로 150 (중곡동),02-6981-6791
15,서울,용산,한강로119안전센터,서울특별시 용산구 한강대로 167 (한강로2가),02-6943-1520
16,서울,용산,이태원119안전센터,서울특별시 용산구 이태원로 196 (이태원동),02-6943-1540
17,서울,용산,후암119안전센터,서울특별시 용산구 후암로 34 (후암동),02-6943-1550
18,서울,용산,이촌119안전센터,서울특별시 용산구 이촌로2가길 1 (이촌동),02-6943-1560
19,서울,용산,서빙고119안전센터,서울특별시 용산구 서빙고로67길 7 (서빙고동),02-6943-1570
20,서울,동대문,장안119안전센터,서울특별시 동대문구 장한로 34 (장안동),02-6942-1350
21,서울,동대문,청량리119안전센터,서울특별시 동대문구 왕산로 299 (청량리동),02-6942-1360
22,서울,동대문,전농119안전센터,서울특별시 동대문구 황물로 3 (전농동),02-6942-1365
23,서울,동대문,용두119안전센터,서울특별시 동대문구 왕산로 76 (용두동),02-6942-1370
24,서울,동대문,휘경119안전센터,서울특별시 동대문구 망우로 106 (휘경동),02-6942-1375
25,서울,영등포,영등포119안전센터,서울특별시 영등포구 문래로 197 (영등포동4가),02-6981-7150
26,서울,영등포,여의도119안전센터,서울특별시 영등포구 의사당대로 162 (여의도동),02-783-0119
27,서울,영등포,당산119안전센터,서울특별시 영등포구 양평로 70-1 (당산동6가),02-2633-0119
28,서울,영등포,대림119안전센터,서울특별시 영등포구 도림로 212 (신길동),02-846-0119
29,서울,영등포,신길119안전센터,서울특별시 영등포구 영등포로84길 31 (신길동),02-841-0119
30,서울,성북,종암119안전센터,서울특별시 성북구 종암로27길 3 (종암동),02-6981-7351
31,서울,성북,돈암119안전센터,서울특별시 성북구 보문로 192 (삼선동4가),02-6981-7361
32,서울,성북,길음119안전센터,서울특별시 성북구 정릉로 321 (길음동),02-6981-7372
33,서울,성북,장위119안전센터,서울특별시 성북구 한천로 640 (장위동),02-6981-7383
34,서울,은평,진관119안전센터,서울특별시 은평구 통일로 962 (진관동),02-6981-6151
35,서울,은평,녹번119안전센터,서울특별시 은평구 은평로 245 (녹번동),02-6981-6171
36,서울,은평,역촌119안전센터,서울특별시 은평구 갈현로 80 (역촌동),02-6981-6181
37,서울,은평,수색119안전센터,서울특별시 은평구 수색로 320 (수색동),02-6981-6191
38,서울,강남,삼성119안전센터,서울특별시 강남구 테헤란로 629 (삼성동),02-6981-7556
39,서울,강남,영동119안전센터,서울특별시 강남구 도산대로 320 (논현동),02-517-5119
40,서울,강남,역삼119안전센터,서울특별시 강남구 역삼로 236 (역삼동),02-557-0109
41,서울,강남,수서119안전센터,서울특별시 강남구 광평로31길 6 (수서동),02-445-9019
42,서울,강남,개포119안전센터,서울특별시 강남구 논현로 10길 19 (개포동),02-577-2540
43,서울,강남,세곡119안전센터,서울특별시 강남구 밤고개로 268 (율현동),02-451-0882
44,서울,서초,반포119안전센터,서울특별시 서초구 사평대로 67 (반포동),02-534-0119
45,서울,서초,방배119안전센터,서울특별시 서초구 남부순환로 2155 (방배동),02-582-0119
46,서울,서초,양재119안전센터,서울특별시 서초구 동산로 9 (양재동),02-572-5523
47,서울,서초,서초119안전센터,서울특별시 서초구 효령로 400 (서초동),02-3473-0119
48,서울,서초,잠원119안전센터,서울특별시 서초구 서초중앙로29길 6 (반포동),02-532-7119
49,서울,서초,우면119안전센터,서울특별시 서초구 남부순환로340길 49 (서초동),02-522-6119
50,서울,강서,등촌119안전센터,서울특별시 강서구 양천로 550 (등촌동),02-6981-5120
51,서울,강서,화곡119안전센터,서울특별시 강서구 까치산로 49 (화곡동),02-6981-5170
52,서울,강서,발산119안전센터,서울특별시 강서구 강서로 329 (내발산동),02-6981-5175
53,서울,강서,방화119안전센터,서울특별시 강서구 금낭화로26길 10 (방화동),02-6981-5180
54,서울,강서,개화119안전센터,서울특별시 강서구 개화동로19길 8 (개화동),02-6981-5185
55,서울,강서,마곡119안전센터,서울특별시 강서구 마곡서로 9 (마곡동),02-6981-5190
56,서울,강동,성내119안전센터,서울특별시 강동구 성내로 39 (성내동),02-6981-7750
57,서울,강동,천호119안전센터,서울특별시 강동구 진황도로 37 (천호동),02-474-1721
58,서울,강동,고덕119안전센터,서울특별시 강동구 양재대로156길 133 (고덕동),02-426-0431
59,서울,강동,암사119안전센터,서울특별시 강동구 올림픽로 815 (암사동),02-429-0427
60,서울,강동,길동119안전센터,서울특별시 강동구 천중로 215 (길동),02-487-6119
61,서울,강동,강일119안전센터,서울특별시 강동구 고덕로98길 22 (강일동),02-6981-7790
62,서울,마포,신수119안전센터,서울특별시 마포구 창전로 76 (신수동),02-6981-7930
63,서울,마포,염리119안전센터,서울특별시 마포구 토정로 37길 27 (염리동),02-713-0965
64,서울,마포,서교119안전센터,서울특별시 마포구 양화로 60 (서교동),02-3143-2119
65,서울,마포,성산119안전센터,서울특별시 마포구 월드컵북로 240 (성산동),02-304-0119
66,서울,마포,공덕119안전센터,서울특별시 마포구 만리재옛길 82 (공덕동),02-3274-0976
67,서울,마포,상암119안전센터,서울특별시 마포구 월드컵북로 42길 34 (상암동),02-309-5119
68,서울,도봉,방학119안전센터,서울특별시 도봉구 도봉로 666 (방학동),02-6981-8180
69,서울,도봉,도봉119안전센터,서울특별시 도봉구 도봉로 721 (방학동),02-6981-8182
70,서울,도봉,창동119안전센터,서울특별시 도봉구 해등로 25 (창동),02-6981-8184
71,서울,도봉,쌍문119안전센터,서울특별시 도봉구 노해로 152 (쌍문동),02-6981-8186
72,서울,구로,수궁119안전센터,서울특별시 구로구 오리로 1285 (궁동),02-6981-6372
73,서울,구로,고일119안전센터,서울특별시 구로구 경인로 408 (고척동),02-2619-0119
74,서울,구로,고척119안전센터,서울특별시 구로구 고척로 195 (고척동),02-6981-6378
75,서울,구로,구로119안전센터,서울특별시 구로구 구로동로 175 (구로동),02-6981-6384
76,서울,구로,신도림119안전센터,서울특별시 구로구 경인로59길 57 (신도림동),02-6981-6390
77,서울,구로,공단119안전센터,서울특별시 구로구 디지털로34길 56 (구로동),02-6981-6396
78,서울,금천,하계119안전센터,서울특별시 노원구 한글비석로1길 8 (하계동),02-6981-6940
79,서울,금천,상계119안전센터,서울특별시 노원구 노원로26길 111 (상계동),02-6981-6969
80,서울,노원,공릉119안전센터,서울특별시 노원구 화랑로 482 (공릉동),02-6981-6979
81,서울,노원,월계119안전센터,서울특별시 노원구 월계로 323 (월계동),02-6981-6989
82,서울,노원,수락119안전센터,서울특별시 노원구 동일로 1694 (상계동),02-6981-6999
83,서울,노원,관악119안전센터,서울특별시 관악구 관악로 97 (봉천동),02-6981-8340
84,서울,노원,봉천119안전센터,서울특별시 관악구 은천로 54 (봉천동),02-886-0119
85,서울,관악,신림119안전센터,서울특별시 관악구 봉천로 202 (신림동),02-874-0119
86,서울,관악,난곡119안전센터,서울특별시 관악구 난곡로 243 (신림동),02-859-0119
87,서울,관악,마천119안전센터,서울특별시 송파구 오금로51길 56 (마천동),02-6981-5343
88,서울,관악,거여119안전센터,서울특별시 송파구 마천로 329 (마천동),02-6981-5362
89,서울,송파,방이119안전센터,서울특별시 송파구 강동대로 286 (방이동),02-6981-5370
90,서울,송파,잠실119안전센터,서울특별시 송파구 석촌호수로 151 (잠실동),02-6981-5378
91,서울,송파,종합운동장119안전센터,서울특별시 송파구 올림픽로 25 (잠실동),02-6981-5387
92,서울,송파,가락119안전센터,서울특별시 송파구 양재대로 932 (가락동),02-6981-5394
93,서울,송파,양천119안전센터,서울특별시 양천구 목동서로 180 (목동),02-6981-8750
94,서울,송파,신정119안전센터,서울특별시 양천구 신월로 268 (신정동),02-6981-8760
95,서울,양천,목동119안전센터,서울특별시 양천구 안양천로 1139 (목동),02-6981-8765
96,서울,양천,신월119안전센터,서울특별시 양천구 남부순환로 448 (신월동),02-6981-8790
97,서울,양천,신트리119안전센터,서울특별시 양천구 신정로 238 (신정동),02-6981-8795
98,서울,양천,신내119안전센터,서울특별시 중랑구 신내로 183 (신내동),02-6981-8850
99,서울,양천,면목119안전센터,서울특별시 중랑구 동일로 475 (면목동),02-6981-8962
100,서울,중랑,망우119안전센터,서울특별시 중랑구 용마산로 524 (망우동),02-6981-8972
101,서울,중랑,중화119안전센터,서울특별시 중랑구 동일로 783 (중화동),02-6981-8982
102,서울,중랑,동작119안전센터,서울특별시 동작구 여의대방로16길 55 (신대방동),02-6913-7871
103,서울,중랑,노량진119안전센터,서울특별시 동작구 노량진로 187 (노량진동),02-6913-7881
104,서울,동작,상도119안전센터,서울특별시 동작구 국사봉1길 17 (상도동),02-6913-7888
105,서울,동작,백운119안전센터,서울특별시 동작구 사당로 63 (상도동),02-6913-7895
106,서울,동작,연희119안전센터,서울특별시 서대문구 연희로 182 (연희동),02-6981-5520
107,서울,동작,북가좌119안전센터,서울특별시 서대문구 증가로 242 (북가좌동),02-6981-5539
108,서울,서대문,홍은119안전센터,서울특별시 서대문구 홍은중앙로 83 (홍은동),02-6981-5549
109,서울,서대문,북아현119안전센터,서울특별시 서대문구 북아현로 37 (북아현동),02-6981-5559
110,서울,서대문,번동119안전센터,서울특별시 강북구 한천로 911 (번동),02-6946-0250
111,서울,서대문,우이119안전센터,서울특별시 강북구 삼각산로 111 (수유동),02-904-0119
112,서울,강북,미아119안전센터,서울특별시 강북구 도봉로 125 (미아동),02-983-9111
113,서울,강북,삼각산119안전센터,서울특별시 강북구 솔샘로 208 (미아동),02-983-5119
114,서울,강북,행당119안전센터,서울특별시 성동구 살곶이길 331(행당동),02-2622-1740
115,서울,강북,성수119안전센터,서울특별시 성동구 뚝섬로 452(성수동2가),02-2622-1751
116,서울,성동,왕십리119안전센터,서울특별시 성동구 고산자로 249(도선동),02-2622-1761
117,서울,성동,금호119안전센터,서울특별시 성동구 난계로 19(금호동1가),02-2622-1771
118,서울,성동,시흥119안전센터,서울특별시 금천구 시흥대로45길 31 시흥119안전센터,02-6981-6552
119,서울,성동,금천119안전센터,서울특별시 금천구 시흥대로 342(독산2동),
120,부산,중부,중앙119안전센터,부산광역시 중구 중앙대로 110(중앙동4가),051-760-6111
121,부산,중부,부민119안전센터,부산광역시 서구 임시수도기념로 21-4(부민동3가),051-760-6121
122,부산,중부,충무119안전센터,부산광역시 서구 충무대로 186(남부민동),051-760-6131
123,부산,중부,창선119안전센터,부산광역시 중구 대청로 68-1(부평동1가),051-760-6141
124,부산,중부,초량119안전센터,부산광역시 동구 중앙대로 260번길 7(초량동),051-760-6151
125,부산,부산진,부전119안전센터,부산광역시 부산진구 서전로 43(전포동),051-760-6211
126,부산,부산진,범일119안전센터,부산광역시 동구 범일로 115(범일동),051-760-6221
127,부산,부산진,수정119안전센터,부산광역시 동구 중앙대로 383-1(수정동),051-760-6231
128,부산,부산진,가야119안전센터,부산광역시 부산진구 가야대로 627(가야동),051-760-6241
129,부산,부산진,부암119안전센터,부산광역시 부산진구 신천대로 282(부암동),051-760-6251
130,부산,부산진,당감119안전센터,부산광역시 부산진구 백양산로53번길 65(당감동),051-760-6261
131,부산,부산진,안창119안전센터,부산광역시 동구 안창로 62(범일동),051-760-6271
132,부산,동래,연산119안전센터,부산광역시 연제구 고분로 216(연산동),051-760-6311
133,부산,동래,수안119안전센터,부산광역시 동래구 명륜로45번길 7(수안동),051-760-6321
134,부산,동래,온천119안전센터,부산광역시 동래구 우장춘로 196(온천동),051-760-6331
135,부산,동래,양정119안전센터,부산광역시 부산진구 연수로 44(양정동),051-760-6341
136,부산,동래,사직119안전센터,부산광역시 동래구 체육공원로 74(사직동),051-760-6351
137,부산,북부,삼락119안전센터,부산광역시 사상구 삼덕로 17(삼락동),051-760-6411
138,부산,북부,감전119안전센터,부산광역시 사상구 가야대로 41(감전동),051-760-6421
139,부산,북부,구포119안전센터,부산광역시 북구 만덕대로 31(덕천동),051-760-6431
140,부산,북부,화명119안전센터,부산광역시 북구 금곡대로 184(화명동),051-760-6451
141,부산,북부,주례119안전센터,부산광역시 사상구 양지로22번길 7(주례동),051-760-6461
142,부산,북부,모라119안전센터,부산광역시 사상구 백양대로 950(모라동),051-760-6471
143,부산,북부,학장119안전센터,부산광역시 사상구 학감대로 89(학장동),051-760-6481
144,부산,북부,금곡119안전센터,부산광역시 북구 금곡대로616번길 151(금곡동),051-760-6491
145,부산,북부,만덕119안전센터,부산광역시 북구 함박봉로 142(만덕동),051-760-6441
146,부산,사하,신평119안전센터,부산광역시 사하구 장평로 270(신평동),051-760-6512
147,부산,사하,괴정119안전센터,부산광역시 사하구 낙동대로 262(괴정동),051-760-6522
148,부산,사하,하단119안전센터,부산광역시 사하구 낙동남로 1407(하단동),051-760-6532
149,부산,사하,다대119안전센터,부산광역시 사하구 다대로 622(다대동),051-760-6542
150,부산,사하,감천119안전센터,부산광역시 사하구 원양로 405(감천동),051-760-6552
151,부산,해운대,우동119안전센터,부산광역시 해운대구 해운대해변로 106(우동),051-760-6611
152,부산,해운대,중동119안전센터,부산광역시 해운대구 달맞이길 117번길 72(중동),051-760-6621
153,부산,해운대,반여119안전센터,부산광역시 해운대구 선수촌로 21번길 64(반여동),051-760-6631
154,부산,해운대,센텀119안전센터,부산광역시 해운대구 센텀동로 50(우동),051-760-6651
155,부산,해운대,좌동119안전센터,부산광역시 해운대구 대천로67번길 35(좌동),051-760-6641
156,부산,해운대,반송119안전센터,부산광역시 해운대구 아랫반송로 10(반송동),051-760-6661
157,부산,금정,부곡119안전센터,부산광역시 금정구 중앙대로 1789(부곡동),051-760-6711
158,부산,금정,서동119안전센터,부산광역시 동래구 반송로 331(명장동),051-760-6721
159,부산,금정,남산119안전센터,부산광역시 금정구 두실로 46(남산동),051-760-6731
160,부산,금정,산성119안전센터,부산광역시 금정구 산성로 396(금성동),051-760-6751
161,부산,남부,광안119안전센터,부산광역시 수영구 광일로 64(광안동),051-760-6811
162,부산,남부,감만119안전센터,부산광역시 남구 우암로 81(감만동),051-760-6821
163,부산,남부,대연119안전센터,부산광역시 남구 수영로 279(대연동),051-760-6831
164,부산,남부,망미119안전센터,부산광역시 수영구 연수로 330(망미동),051-760-6841
165,부산,남부,용당119안전센터,부산광역시 남구 신선로 398(용당동),051-760-6851
166,부산,강서,녹산119안전센터,부산광역시 강서구 녹산산단361로 9(송정동),051-760-6011
167,부산,강서,신호119안전센터,부산광역시 강서구 신호산단4로 62(신호동),051-760-6021
168,부산,강서,대저119안전센터,부산광역시 강서구 대저로221번길 25(대저1동),051-760-6031
169,부산,강서,강동119안전센터,부산광역시 강서구 제도로 696(강동동),051-760-6041
170,부산,강서,지사119안전센터,부산광역시 강서구 과학산단로333번길 3(지사동),051-760-6051
171,부산,기장,정관119안전센터,부산광역시 기장군 정관읍 용수로 7(정관읍),051-760-5411
172,부산,기장,기장119안전센터,부산광역시 기장군 기장읍 차성동로5번길 16(기장읍),051-760-5421
173,부산,기장,송정119안전센터,부산광역시 해운대구 송정중앙로15번길 16(송정동),051-760-5431
174,부산,기장,장안119안전센터,부산광역시 기장군 장안읍 효암리 256,051-760-5441
175,부산,항만,동삼119안전센터,부산광역시 영도구 해양로 297(동삼동),051-760-6911
176,부산,항만,영선119안전센터,부산광역시 영도구 태종로 115(영선동1가),051-760-6921
177,부산,항만,부두119안전센터,부산광역시 동구 충장대로 286(좌천동),051-760-6931
178,부산,항만,청학119안전센터,부산광역시 영도구 태종로 274(청학동),051-760-6941
179,대구,중부,남산119안전센터,대구광역시 중구 달구벌대로 1926,053-601-4571
180,대구,중부,서문로119안전센터,대구광역시 중구 경상감영길 45,053-601-4572
181,대구,중부,봉덕119안전센터,대구광역시 남구 희망로3길 29,053-601-4573
182,대구,중부,대신119안전센터,대구광역시 중구 큰장로26길 45,053-601-4574
183,대구,중부,삼덕119안전센터,대구광역시 중구 공평로 35,053-601-4575
184,대구,중부,명덕119안전센터,대구광역시 남구 명덕로34길 22,053-601-4577
185,대구,중부,성명119안전센터,대구광역시 남구 대명남로 12-1,053-601-4578
186,대구,동부,신천119안전센터,대구광역시 동구 동대구로 507,053-605-5320
187,대구,동부,동촌119안전센터,대구광역시 동구 해동로 180,053-605-5330
188,대구,동부,안심119안전센터,대구광역시 동구 반야월로 291,053-605-5340
189,대구,동부,불로119안전센터,대구광역시 동구 팔공로50길 19,053-605-5350
190,대구,동부,공산119안전센터,대구광역시 동구 팔공산로 1579,053-605-5360
191,대구,동부,율하119안전센터,대구광역시 동구 율하동로8길 5,053-605-5370
192,대구,서부,평리119안전센터,대구광역시 서구 달서천로 186,053-320-4492
193,대구,서부,이현119안전센터,대구광역시 서구 국채보상로 119,053-320-4493
194,대구,서부,읍내119안전센터,대구광역시 북구 칠곡중앙대로 570,053-320-4494
195,대구,서부,내당119안전센터,대구광역시 서구 서대구로3길 16,053-320-4495
196,대구,서부,비산119안전센터,대구광역시 서구 달서로 206,053-3204496
197,대구,서부,태전119안전센터,대구광역시 북구 칠곡중앙대로 184,053-320-4497
198,대구,서부,동천119안전센터,대구광역시 북구 구암로 155,053-320-4498
199,대구,서부,금호119안전센터,대구광역시 북구 한강로 105,053-320-4469
200,대구,북부,칠성119안전센터,대구광역시 북구 칠성남로 112,053-350-5720
201,대구,북부,침산119안전센터,대구광역시 북구 침산남로 149,053-350-5740
202,대구,북부,노원119안전센터,대구광역시 북구 노원로 42,053-350-5750
203,대구,북부,대현119안전센터,대구광역시 북구 대현로 105,053-350-5770
204,대구,북부,무태119안전센터,대구광역시 북구 호국로43길 21,053-350-5780
205,대구,북부,산격119안전센터,대구광역시 북구 유통단지로8길 88,053-350-5790
206,대구,수성,범물119안전센터,대구광역시 수성구 청호로 87,053-607-3822
207,대구,수성,만촌119안전센터,대구광역시 수성구 달구벌대로 2658,053-607-3842
208,대구,수성,황금119안전센터,대구광역시 수성구 동대구로12길 41,053-607-3852
209,대구,수성,상동119안전센터,대구광역시 수성구 파동로51길 5,053-607-3862
210,대구,수성,가창119안전센터,대구광역시 달성군 가창면 가창로 1100,053-607-3920
211,대구,수성,수성119안전센터,대구광역시 수성구 들안로60길 30,053-607-3872
212,대구,수성,무열로119안전센터,대구광역시 수성구 무열로 139,053-607-3882
213,대구,수성,고산119안전센터,대구광역시 수성구 고산로 105,053-607-3892
214,대구,달서,월성119안전센터,대구광역시 달서구 학산로 75,059-607-2932
215,대구,달서,본리119안전센터,대구광역시 달서구 대명천로 134,053-607-2952
216,대구,달서,송현119안전센터,대구광역시 달서구 월배로 262,053-607-2962
217,대구,달서,도원119안전센터,대구광역시 달서구 도원로 8,053-607-2972
218,대구,달성,현풍119안전센터,대구광역시 달성군 현풍읍 비슬로 480,053-602-4932
219,대구,달성,논공119안전센터,대구광역시 달성군 논공읍 논공중앙로33길 5,053-602-4952
220,대구,달성,화원119안전센터,대구광역시 달성군 화원읍 화암로 122,053-602-4962
221,대구,달성,구지119안전센터,대구광역시 달성군 구지면 달성2차로 111,053-602-4972
222,대구,달성,옥포119안전센터,대구광역시 달성군 옥포읍 돌미로 93,053-602-4982
223,대구,강서,다사119안전센터,대구광역시 달성군 다사읍 달구벌대로 920,053-601-5620
224,대구,강서,성서119안전센터,대구광역시 달서구 성서로 357,053-601-5630
225,대구,강서,죽전119안전센터,대구광역시 달서구 와룡로 222,053-601-5640
226,대구,강서,대천119안전센터,대구광역시 달서구 달서대로58길 129,053-601-5650
227,대구,강서,매곡119안전센터,대구광역시 달성군 다사읍 달구벌대로 753,053-601-5660
228,인천,중부,중앙119안전센터,인천광역시 중구 인중로 204,032-870-5180
229,인천,중부,송현119안전센터,인천광역시 동구 방축로 39,032-576-0119
230,인천,중부,송림119안전센터,인천광역시 동구 샛골로 133,032-764-7119
231,인천,중부,만석119안전센터,인천광역시 동구 제물량로 396,032-766-0119
232,인천,중부,연안119안전센터,인천광역시 중구 축항대로 118,032-887-4689
233,인천,중부,백령119안전센터,인천광역시 옹진군 백령면 백령남로 30,032-836-0119
234,인천,남동,구월119안전센터,인천광역시 남동구 인주대로 714,032-870-5221
235,인천,남동,만수119안전센터,인천광역시 남동구 백범로 207,032-870-5222
236,인천,남동,간석119안전센터,인천광역시 남동구 경인로 621,032-870-5223
237,인천,남동,담방119안전센터,인천광역시 남동구 매소홀로 1044,032-870-5224
238,인천,남동,서창119안전센터,인천광역시 남동구 서창방산로 61,032-870-5259
239,인천,부평,갈산119안전센터,인천광역시 부평구 부평대로 324,032-723-5353
240,인천,부평,부평119안전센터,인천광역시 부평구 부평대로 8,032-723-5354
241,인천,부평,십정119안전센터,인천광역시 부평구 경원대로 1111,032-723-5355
242,인천,부평,산곡119안전센터,인천광역시 부평구 마장로 198,032-723-5356
243,인천,부평,부개119안전센터,인천광역시 부평구 부개로 6,032-723-5357
244,인천,부평,삼산119안전센터,인천광역시 부평구 충선로 252,032-723-5358
245,인천,서부,연희119안전센터,인천광역시 서구 서곶로292,032-723-5421
246,인천,서부,가좌119안전센터,인천광역시 서구 백범로678번길 17,032-578-0119
247,인천,서부,신현119안전센터,인천광역시 서구 가정로 333-1,032-572-0119
248,인천,서부,석남119안전센터,인천광역시 서구 석남로102,032-571-0119
249,인천,서부,검단119안전센터,인천광역시 서구 완정로 191,032-565-0119
250,인천,서부,오류119안전센터,인천광역시 서구 검단로 229,032-566-1118
251,인천,서부,검암119안전센터,인천광역시 서구 승학로 474,032-568-7119
252,인천,서부,원당119안전센터,인천광역시 서구 원당대로 881,032-563-1195
253,인천,서부,청라119안전센터,인천광역시 서구 청라한내로 77 ,032-569-5026
254,인천,서부,원창119안전센터,인천광역시 서구 북항로32번길 47-5,032-577-0119
255,인천,공단,고잔119안전센터,인천광역시 남동구 남동서로 208,032-723-5521
256,인천,공단,옥련119안전센터,인천광역시 연수구 청량로 155번길 7,032-832-0119
257,인천,공단,도림119안전센터,인천광역시 남동구 비류대로 667,032-814-2119
258,인천,공단,동춘119안전센터,인천광역시 연수구 앵고개로 241,032-813-2119
259,인천,공단,논현119안전센터,인천광역시 남동구 소래역로 109,032-439-2119
260,인천,공단,소래119안전센터,인천광역시 남동구 에코중앙로 86,032-432-0440
261,인천,계양,작전119안전센터,인천광역시 계양구 장제로 774,032-650-5621
262,인천,계양,계산119안전센터,인천광역시 계양구 주부토길 557,032-542-0119
263,인천,계양,장기119안전센터,인천광역시 계양구 장기서로 14,032-515-6119
264,인천,계양,효성119안전센터,인천광역시 계양구 효서로 96-1,032-541-0119
265,인천,미추홀,신기119안전센터,인천광역시 미추홀구 인하로 190,032-870-3295
266,인천,미추홀,주안119안전센터,인천광역시 미추홀구 한나루로 607,032-870-3452
267,인천,미추홀,도화119안전센터,인천광역시 미추홀구 장고개로 85,032-870-3453
268,인천,미추홀,용현119안전센터,인천광역시 미추홀구 독배로 376,032-887-3454
269,인천,미추홀,관교119안전센터,인천광역시 미추홀구 인하로 450,032-870-3455
270,인천,미추홀,숭의119안전센터,인천광역시 미추홀구 석정로 51,032-870-3456
271,인천,강화,불은119안전센터,인천광역시 강화군 불은면 중앙로 505,032-930-5811
272,인천,강화,강화119안전센터,인천광역시 강화군 강화읍 남문로23번길 11,032-930-5894
273,인천,강화,길상119안전센터,인천광역시 강화군 길상면 마니산로 93,032-930-5822
274,인천,강화,내가119안전센터,인천광역시 강화군 내가면 강화서로 235-1,032-930-5823
275,인천,영종,공항119안전센터,인천광역시 중구 제2터미널대로 268 ,032-727-6180
276,인천,영종,운서119안전센터,인천광역시 중구 흰바위로27번길 16,032-727-6182
277,인천,영종,운남119안전센터,인천광역시 중구 운남로 116,032-727-6181
278,인천,영종,용유119안전센터,인천광역시 중구 용유서로128번길 1,032-727-6183
279,인천,송도,미래119안전센터,인천광역시 연수구 첨단대로 60번길 15,032-810-6660
280,인천,송도,신송119안전센터,인천광역시 연수구 해돋이로 92,032-810-6683
281,인천,송도,영흥119안전센터,인천광역시 영흥면 영흥로 283-32,032-810-6692
282,인천,송도,국제119안전센터,인천광역시 연수구 센트럴로 412,032-831-6119
283,광주,동부,대인119안전센터,광주광역시 동구 제봉로 210(대인동),062-606-4203
284,광주,동부,용산119안전센터,광주광역시 동구 남문로 535(용산동),062-606-4403
285,광주,동부,지산119안전센터,광주광역시 동구 밤실로30번길 16(지산동),062-606-4423
286,광주,서부,화정119안전센터,광주광역시 서구 화운로 197(화정동),062-606-4255
287,광주,서부,염주119안전센터,광주광역시 서구 염화로 77(화정동),062-606-4507
288,광주,서부,금호119안전센터,광주광역시 서구 운천로 112(쌍촌동),062-606-4525
289,광주,서부,상무119안전센터,광주광역시 서구 치평로 65(치평동),062-606-4543
290,광주,서부,풍암119안전센터,광주광역시 서구 회재로 907(금호동),062-606-4564
291,광주,남부,송하119안전센터,광주광역시 남구 송암로58번길 13(송하동),062-606-4303
292,광주,남부,월산119안전센터,광주광역시 남구 수박등로 1(월산동),062-606-4603
293,광주,남부,봉선119안전센터,광주광역시 남구 오방로 63(방림동),062-606-4623
294,광주,북부,문흥119안전센터,광주광역시 북구 서하로 290(오치동),062-606-4353
295,광주,북부,임동119안전센터,광주광역시 북구 서림로 5(임동),062-606-4703
296,광주,북부,우산119안전센터,광주광역시 북구 동문대로 127(우산동),062-606-4723
297,광주,북부,일곡119안전센터,광주광역시 북구 설죽로 529(일곡동),062-606-4743
298,광주,북부,두암119안전센터,광주광역시 북구 삼정로 5(두암동),062-606-4763
299,광주,북부,동림119안전센터,광주광역시 북구 북문대로 202(동림동),062-606-4783
300,광주,광산,하남119안전센터,광주광역시 광산구 하남산단1번로 13(하남동),062-606-4903
301,광주,광산,송정119안전센터,광주광역시 광산구 상무대로 93-1(도산동),062-606-4803
302,광주,광산,월곡119안전센터,광주광역시 광산구 우산로 85번길 12-5(우산동),062-606-4828
303,광주,광산,비아119안전센터,광주광역시 광산구 비아로12번길 10(비아동),062-606-4843
304,광주,광산,신가119안전센터,광주광역시 광산구 수등로 236(신가동),062-606-4863
305,광주,광산,첨단119안전센터,광주광역시 광산구 임방울대로825번길 16(쌍암동),062-606-4883
306,광주,광산,평동119안전센터,광주광역시 광산구 월전로 59(월전동),062-606-4953
307,대전,동부,가양119안전센터,대전광역시 동구 계족로 300,042-270-1221
308,대전,동부,삼성119안전센터,대전광역시 동구 태전로 134,042-270-1231
309,대전,동부,원동119안전센터,대전광역시 동구 대전천동로 508,042-270-1241
310,대전,동부,부사119안전센터,대전광역시 중구 대종로 373,042-270-1251
311,대전,동부,산내119안전센터,대전광역시 동구 산내로 1328,042-270-1261
312,대전,동부,용운119안전센터,대전광역시 동구 용운로 151번길 88,042-270-1271
313,대전,둔산,갈마119안전센터,대전광역시 서구 갈마중로 15,042-270-1804
314,대전,둔산,태평119안전센터,대전광역시 중구 동서대로 1235,042-270-1811
315,대전,둔산,탄방119안전센터,대전광역시 서구 문정로 142,042-270-1821
316,대전,둔산,월평119안전센터,대전광역시 서구 청사로 27,042-270-1831
317,대전,둔산,샘머리119안전센터,대전광역시 서구 둔산로 101번길 26,042-270-1841
318,대전,대덕,법동119안전센터,대전광역시 대덕구 계족로 682,042-270-1851
319,대전,대덕,대화119안전센터,대전광역시 대덕구 대화로 81,042-270-1861
320,대전,대덕,덕암119안전센터,대전광역시 대덕구 신탄진로 661,042-270-1871
321,대전,대덕,문평119안전센터,대전광역시 대덕구 문평동로 18번길 34,042-270-1881
322,대전,대덕,송촌119안전센터,대전광역시 대덕구 동춘당로 65,042-270-1891
323,대전,유성,도룡119안전센터,대전광역시 유성구 대덕대로 516,042-270-1903
324,대전,유성,전민119안전센터,대전광역시 유성구 엑스포로 486-11,042-270-1912
325,대전,유성,구암119안전센터,대전광역시 유성구 월드컵대로 263,042-270-1922
326,대전,유성,궁동119안전센터,대전광역시 유성구 궁동로 35,042-270-1931
327,대전,유성,노은119안전센터,대전광역시 유성구 노은로 101,042-270-1942
328,대전,서부,복수119안전센터,대전광역시 서구 복수서로 67,042-270-1952
329,대전,서부,문화119안전센터,대전광역시 중구 계룡로 918번길 67,042-270-1961
330,대전,서부,산성119안전센터,대전광역시 중구 산성로 59,042-270-1971
331,대전,서부,가수원119안전센터,대전광역시 서구 용소로 46,042-270-1981
332,대전,서부,원내119안전센터,대전광역시 유성구 계백로 801번길 17,042-270-1991
333,울산,중부,유곡119안전센터,울산광역시 중구 종가로 205,052-241-2409
334,울산,중부,성남119안전센터,울산광역시 중구 만남의거리 14,052-241-2421
335,울산,중부,병영119안전센터,울산광역시 중구 구교로 226,052-241-2441
336,울산,중부,태화119안전센터,울산광역시 중구 태화로 111,052-241-2531
337,울산,남부,삼산119안전센터,울산광역시 남구 삼산중로 149,052-241-2580
338,울산,남부,여천119안전센터,울산광역시 남구 여천로 81-33,052-241-2610
339,울산,남부,신정119안전센터,울산광역시 남구 신정로 87번길 2,052-241-2630
340,울산,남부,장생포119안전센터,울산광역시 남구 매암로 18,052-241-2560
341,울산,남부,무거119안전센터,울산광역시 남구 문수로 89,052-241-2650
342,울산,남부,공단119안전센터,울산광역시 남구 사평로 161,052-241-2670
343,울산,남부,옥동119안전센터,울산광역시 남구 대공원입구로21번길 20,052-241-2690
344,울산,동부,화암119안전센터,울산광역시 동구 꽃바위2가길 9,052-241-2720
345,울산,동부,화정119안전센터,울산광역시 동구 방어진순환도로 601,052-241-2740
346,울산,동부,전하119안전센터,울산광역시 동구 진성4가길 8,052-241-2760
347,울산,온산,송정119안전센터,울산광역시 북구 화동로 178,052-229-8200
348,울산,온산,농소119안전센터,울산광역시 북구 아진로 72,052-229-8240
349,울산,온산,매곡119안전센터,울산광역시 북구 오토밸리로 1024,052-229-8260
350,울산,온산,염포119안전센터,울산광역시 북구 염포로 769,052-229-8220
351,울산,북부,강동119안전센터,울산광역시 북구 산하중앙2로 231 ,052-229-8280
352,울산,북부,온산119안전센터,울산광역시 울주군 온산읍 덕신로 232,052-241-2860
353,울산,북부,온양119안전센터,울산광역시 울주군 온양읍 온양로 74,052-241-2890
354,울산,북부,웅촌119안전센터,울산광역시 울주군 웅촌면 곡천검단로 9,052-241-2910
355,울산,북부,화산119안전센터,울산광역시 울주군 온산읍 공단로 417,052-241-2840
356,울산,울주,언양119안전센터,울산광역시 울주군 언양읍 남천둑길 99,052-241-2461
357,울산,울주,범서119안전센터,울산광역시 울주군 범서읍 구영앞길 99,052-241-2501
358,울산,울주,두서119안전센터,울산광역시 울주군 두서면 인보로 85,052-241-2551
359,세종,조치원,조치원119안전센터,세종특별자치시 조치원읍 세종로 2439,044-300-8523
360,세종,조치원,전의119안전센터,세종특별자치시 전의면 서정길 46-6,044-300-8533
361,세종,조치원,부강119안전센터,세종특별자치시 부강면 청연로 7,044-300-8543
362,세종,조치원,연서119안전센터,세종특별자치시 연서면 도신고복로 306,044-300-8553
363,세종,세종,어진119안전센터,세종특별자치시 절재로 301(어진동),044-300-8623
364,세종,세종,아름119안전센터,세종특별자치시 보듬3로 119(아름동),044-300-8633
365,세종,세종,한솔119안전센터,세종특별자치시 노을3로 29(한솔동),044-300-8643
366,세종,세종,보람119안전센터,세종특별자치시 남세종로 436(보람동),044-300-8653
367,세종,세종,장군119안전센터,세종특별자치시 장군면 장척로 391,044-300-8664
368,경기,수원,정자119안전센터,경기도 수원시 정자천로189번길 12,031-8012-9500
369,경기,수원,원천119안전센터,경기도 수원시 영통구 중부대로 349,031-8012-9530
370,경기,수원,파장119안전센터,경기도 수원시 장안구 서부로 2308,031-8012-9570
371,경기,수원,이의119안전센터,경기도 수원시 영통구 도청로 10,031-8012-9580
372,경기,수원,영통119안전센터,경기도 수원시 영통구 매영로 325,031-8012-9140
373,경기,수원남부,남부119안전센터,경기도 수원시 권선구 동수원로 286,031-639-8500
374,경기,수원남부,매산119안전센터,경기도 수원시 팔달구 매산로 89,031-639-8520
375,경기,수원남부,지만119안전센터,경기도 수원시 팔달구 경수대로 660,031-639-8530
376,경기,수원남부,서둔119안전센터,경기도 수원시 권선구 서호동로 48,031-639-8540
377,경기,수원남부,고색119안전센터,경기도 수원시 권선구 서부로 1614,031-639-8550
378,경기,수원남부,호매실119안전센터,경기도 수원시 권선구 금곡로 194,031-639-8560
379,경기,성남,수진119안전센터,경기도 성남시 수정구 제일로 111,031-720-0500
380,경기,성남,신흥119안전센터,경기도 성남시 수정구 시민로 151,031-720-0510
381,경기,성남,상대원119안전센터,경기도 성남시 중원구 둔촌대로 469,031-720-0530
382,경기,성남,단대119안전센터,경기도 성남시 수정구 논골로 11번길 7-2,031-720-0520
383,경기,성남,위례119안전센터,경기도 성남시 수정구 헌릉로 1003,031-720-0540
384,경기,성남,태평119안전센터,경기도 성남시 수정구 성남대로 1312,031-720-0550
385,경기,분당,서현119안전센터,경기도 성남시 분당구 양현로 14,031-8018-3500
386,경기,분당,판교119안전센터,경기도 성남시 분당구 대왕판교로644번길 62,031-8018-3510
387,경기,분당,서판교119안전센터,경기도 성남시 분당구 운중로 88,031-8018-3560
388,경기,분당,수내119안전센터,경기도 성남시 분당구 백현로 241,031-8018-3520
389,경기,분당,야탑119안전센터,경기도 성남시 분당구 양현로 485,031-8018-3530
390,경기,분당,구미119안전센터,경기도 성남시 분당구 돌마로 138,031-8018-3550
391,경기,부천,중앙119안전센터,경기도 부천시 신흥로 115 ,032-650-4500
392,경기,부천,오정119안전센터,경기도 부천시 신흥로 499 ,032-650-4510
393,경기,부천,중동119안전센터,경기도 부천시 부일로 346 ,032-650-4520
394,경기,부천,괴안119안전센터,경기도 부천시 부광로8번길 49,032-650-4530
395,경기,부천,원종119안전센터,경기도 부천시 원종로79번길 41 ,032-650-4540
396,경기,부천,상동119안전센터,경기도 부천시 장말로 113 ,032-650-4550
397,경기,부천,서부119안전센터,경기도 부천시 계남로 169 ,032-650-4560
398,경기,부천,범박119안전센터,경기도 부천시 범안로 127,032-650-4570
399,경기,부천,신상119안전센터,경기도 부천시 상동로117번길 36 ,032-650-4580
400,경기,부천,여월119안전센터,경기도 부천시 여월로 62 ,032-650-4590
401,경기,안양,부림119안전센터,경기도 안양시 동안구 관평로212번길 32(관양동),031-470-0500
402,경기,안양,안양119안전센터,경기도 안양시 만안구 현충로 55(안양동),031-470-0510
403,경기,안양,관양119안전센터,경기도 안양시 동안구 동편로13번길 6(관양동),031-470-0530
404,경기,안양,석수119안전센터,경기도 안양시 만안구 석수로 28(석수동),031-470-0540
405,경기,안양,귀인119안전센터,경기도 안양시 동안구 평촌대로 104(평촌동),031-470-0550
406,경기,안양,박달119안전센터,경기도 안양시 만안구 오리로 38(박달동),031-470-0560
407,경기,안산,고잔119안전센터,경기도 안산시 단원구 화랑로 407,031-470-7500
408,경기,안산,원시119안전센터,경기도 안산시 단원구 동산로 31,031-470-7510
409,경기,안산,선부119안전센터,겅기도 안산시 단원구 선부광장서로 43,031-470-7520
410,경기,안산,성곡119안전센터,경기도 안산시 단원구 장자골로 66,031-470-7540
411,경기,안산,월피119안전센터,경기도 안산시 상록구 충장로 645,031-470-7550
412,경기,안산,군자119안전센터,경기도 안산시 단원구 번영1로 45,031-470-7560
413,경기,안산,사동119안전센터,경기도 안산시 상록구 항가울로 230,031-470-7570
414,경기,안산,대부119안전센터,경기도 안산시 단원구 영전로 375,031-470-7580
415,경기,안산,반월119안전센터,경기도 안산시 상록구 건지미길 48,031-470-7590
416,경기,안산,신길119안전센터,경기도 안산시 단원구 삼일로 50,031-470-7480
417,경기,용인,역북119안전센터,경기도 용인시 처인구 명지로 45,031-8021-0500
418,경기,용인,구갈119안전센터,경기도 용인시 기흥구 신구로 74,031-8021-0510
419,경기,용인,수지119안전센터,경기도 용인시 수지구 풍덕천로 177,031-8021-0520
420,경기,용인,양지119안전센터,경기도 용인시 처인구 양지면 남평로 46,031-8021-0530
421,경기,용인,남사119안전센터,경기도 용인시 처인구 남사면 봉무로 13,031-8021-0540
422,경기,용인,포곡119안전센터,경기도 용인시 처인구 포곡읍 포곡로 252,031-8021-0550
423,경기,용인,이동119안전센터,경기도 용인시 처인구 이동면 백옥대로 416-2,031-8021-0560
424,경기,용인,보정119안전센터,경기도 용인시 기흥구 보정로114번길 2,031-8021-0570
425,경기,용인,백암119안전센터,경기도 용인시 처인구 백암면 백암로 247,031-8021-0580
426,경기,용인,동백119안전센터,경기도 용인시 기흥구 동백6로 33,031-8021-0590
427,경기,용인,모현119안전센터,경기도 용인시 처인구 모현면 독점로 31-12,031-8021-0140
428,경기,용인,기흥119안전센터,경기도 용인시 기흥구 한보라1로 128,031-8021-0150
429,경기,평택,비전119안전센터,경기도 평택시 중앙로 273,031-8053-6500
430,경기,평택,안중119안전센터,경기도 평택시 안중읍 안현로서7길 28,031-8053-6530
431,경기,평택,팽성119안전센터,경기도 평택시 팽성읍 팽성화로 172,031-8053-6510
432,경기,평택,포승119안전센터,경기도 평택시 포승읍 평택항로 156번길 11,031-8053-6540
433,경기,송탄,신장119안전센터,경기도 평택시 경기대로 1627(신장동),031-685-8500
434,경기,송탄,진위119안전센터,경기도 평택시 진위면 봉남길 30,031-685-8510
435,경기,송탄,모곡119안전센터,경기도 평택시 산단로64번길 2 (모곡동),031-685-8520
436,경기,송탄,서탄119안전센터,경기도 평택시 서탄면 서탄로 241,031-685-8530
437,경기,송탄,고덕119안전센터,경기도 평택시 고덕면 고덕로 335,031-695-8540
438,경기,송탄,청북119안전센터,경기도 평택시 청북면 현곡산단로 16,031-685-8550
439,경기,광명,소하119안전센터,경기도 광명시 금하로 472,02-2610-3500
440,경기,광명,광명119안전센터,경기도 광명시 사성로 12,02-2610-3510
441,경기,광명,하안119안전센터,경기도 광명시 범안로 1025,02-2610-3520
442,경기,광명,광남119안전센터,경기도 광명시 목감로 34,02-2610-3530
443,경기,시흥,시흥119안전센터,경기도 시흥시 정왕신길로 206,031-310-0500
444,경기,시흥,은행119안전센터,경기도 시흥시 대은로 4,031-310-0510
445,경기,시흥,정왕119안전센터,경기도 공단1대로259번길 1,031-310-0520
446,경기,시흥,연성119안전센터,경기도 시흥시 새재로 29,031-310-0530
447,경기,군포,오금119안전센터,경기도 군포시 고산로 429,031-479-8500
448,경기,군포,산본119안전센터,경기도 군포시 산본로432번길 1,031-479-8510
449,경기,화성,향남119안전센터,경기도 화성시 향남읍 향남로 399 ,031-8012-6500
450,경기,화성,정남119안전센터,경기도 화성시 정남면 정남동로 514,031-8012-6520
451,경기,화성,반송119안전센터,경기도 화성시 동탄반석로 188,031-8012-6530
452,경기,화성,목동119안전센터,경기도 화성시 동탄신리천로 359,031-8012-6460
453,경기,화성,태안119안전센터,경기도 화성시 병점중앙로 148,031-8012-6580
454,경기,화성,남양119안전센터,경기도 화성시 남양읍 남양시장로 48,031-8012-6550
455,경기,화성,봉담119안전센터,경기도 화성시 봉담읍 동화새터길 135,031-8012-6560
456,경기,화성,장안119안전센터,경기도 화성시 장안면 3.1만세로 119,031-8012-6570
457,경기,이천,관고119안전센터,경기도 이천시 경충대로 2739,031-645-5500
458,경기,이천,대월119안전센터,경기도 이천시 경충대로 1973,031-645-5510
459,경기,이천,장호원119안전센터,경기도 이천시 서동대로 8829번길 71,031-645-5520
460,경기,이천,마장119안전센터,경기도 이천시 마장면 중앙로 87,031-645-5530
461,경기,김포,중앙119안전센터,경기도 김포시 감암로 111,031-980-4500
462,경기,김포,양촌119안전센터,경기도 김포시 양곡로 85,031-980-4510
463,경기,김포,마산119안전센터,경기도 김포시 김포한강8로 196,031-980-4570
464,경기,김포,대곶119안전센터,경기도 김포시 대곶면 수남로 104,031-980-4560
465,경기,김포,통진119안전센터,경기도 김포시 통진읍 김포대로 2250,031-980-4520
466,경기,김포,고촌119안전센터,경기도 김포시 고촌읍 은행영사정로 31,031-980-4530
467,경기,김포,하성119안전센터,경기도 김포시 하성면 하성로 404,031-980-4540
468,경기,광주,초월119안전센터,경기도 광주시 초월읍 무들로 112 광주소방서,031-799-2500
469,경기,광주,송정119안전센터,경기도 광주시 수하길 36,031-799-2510
470,경기,광주,오포119안전센터,경기도 광주시 오포읍 오포로 910-5,031-799-2520
471,경기,광주,곤지암119안전센터,경기도 광주시 곤지암읍 도척로 163,031-799-2530
472,경기,광주,능평119안전센터,경기도 광주시 오포읍 대명대길 30,031-799-2540
473,경기,안성,도기119안전센터,경기도 안성시 미양로 855 (도기동),031-678-4500
474,경기,안성,미양119안전센터,경기도 안성시 미양면 제2공단3길 8 (계륵리),031-678-4510
475,경기,안성,죽산119안전센터,경기도 안성시 죽산면 장원공단길 38 (장원리),031-678-4520
476,경기,안성,공도119안전센터,경기도 안성시 공도읍 공도로 111 (만정리),031-678-4530
477,경기,안성,원곡119안전센터,경기도 안성시 원곡면 원곡물류단지로 162-20 (칠곡리),031-678-4540
478,경기,하남,신장119안전센터,경기도 하남시 대청로 76,031-799-4500
479,경기,하남,감북119안전센터,경기도 하남시 초광산단서로 16번길 39,031-799-4510
480,경기,하남,덕풍119안전센터,경기도 하남시 덕풍서로 60,031-799-4530
481,경기,의왕,고천119안전센터,경기도 의왕시 오봉로 9 ,031-596-0500
482,경기,의왕,백운119안전센터,경기도 의왕시 안양판교로 187,031-596-0530
483,경기,의왕,부곡119안전센터,경기도 의왕시 오봉로 289,031-596-0520
484,경기,오산,세교119안전센터,경기도 오산시 문헌공로 30,031-8059-7500
485,경기,오산,원동119안전센터,경기도 오산시 경기대로 99,031-8059-7520
486,경기,오산,청학119안전센터,경기도 오산시 청학로 55-6,031-8059-7510
487,경기,여주,월송119안전센터,경기도 여주시 우암로 110,031-887-8500
488,경기,여주,가남119안전센터,경기도 여주시 가남읍 일신로 32,031-887-8510
489,경기,여주,북내119안전센터,경기도 여주시 북내면 도예로 440,031-887-8520
490,경기,양평,공흥119안전센터,경기도 양평군 양평읍 경강로 2047 ,031-770-0500
491,경기,양평,강상119안전센터,경기도 양평군 강상면 송학길 54 강상119안전센터,031-770-0520
492,경기,양평,용문119안전센터,경기도 양평군 용문면 연수로 64,031-770-0530
493,경기,양평,양서119안전센터,경기도 양평군 양서면 양수리 1161-4,031-770-0546
494,경기,과천,중앙119안전센터,경기도 과천시 통영로 12,02-3314-500
495,경기,과천,과천119안전센터,경기도 과천시 궁말로30,02-3314-510
496,경기북,고양,원당119안전센터,경기도 고양시 덕양구 고양대로 1342,031-931-0500
497,경기북,고양,능곡119안전센터,경기도 고양시 덕양구 토당로 48,031-931-0510
498,경기북,고양,삼송119안전센터,경기도 고양시 덕양구 오금로 14,031-931-0520
499,경기북,고양,행신119안전센터,경기도 고양시 덕양구 소원로 181번길 52,031-931-0530
500,경기북,고양,화전119안전센터,경기도 고양시 덕양구 중앙로 78,031-931-0540
501,경기북,일산,장항119안전센터,경기도 고양시 일산동구 중앙로 1325,031-930-0500
502,경기북,일산,백석119안전센터,경기도 고양시 일산동구 장백로 78,031-930-0510
503,경기북,일산,주엽119안전센터,경기도 고양시 일산서구 주화로 82,031-930-0520
504,경기북,일산,중산119안전센터,경기도 고양시 일산동 중산로 218,031-930-0540
505,경기북,일산,고봉119안전센터,경기도 고양시 일산동 성현로 429,031-930-0550
506,경기북,일산,대화119안전센터,경기도 고양시 일산서구 중앙로 1630,031-930-0570
507,경기북,일산,풍동119안전센터,경기도 고양시 일산동 숲속마을로 10,031-930-0590
508,경기북,일산,문화119안전센터,경기도 고양시 일산동구 태극로 7,031-930-0580
509,경기북,의정부,금오119안전센터,경기도 의정부시 금오로23번길 22-40,031-849-7510
510,경기북,의정부,흥선119안전센터,경기도 의정부시 의정로 48,031-849-7500
511,경기북,의정부,호원119안전센터,경기도 의정부시 평화로 322번길 7,031-849-7520
512,경기북,의정부,송산119안전센터,경기도 의정부시 충의로 90,031-849-7530
513,경기북,남양주,평내119안전센터,경기도 남양주시 평내동 평내로 25,031-590-0500
514,경기북,남양주,진접119안전센터,경기도 남양주시 진접읍 금강로 1509-25,031-590-0520
515,경기북,남양주,진건119안전센터,경기도 남양주시 진건읍 진건오남로 112-21,031-590-0550
516,경기북,남양주,화도119안전센터,경기도 남양주시 화도읍 수레로1260번길 25,031-590-0540
517,경기북,남양주,와부119안전센터,경기도 남양주시 와부읍 덕소로97번길 34-2,031-590-0530
518,경기북,남양주,별내119안전센터,경기도 남양주시 별내동 송산로 793-41,031-590-0560
519,경기북,남양주,오남119안전센터,경기도 남양주시 오남읍 진건오남로 772,031-590-0590
520,경기북,남양주,가운119안전센터,경기도 남양주시 가운동 가운로 16,031-590-0570
521,경기북,파주,통일119안전센터,경기도 파주시 파주읍 통일로 1564 ,031-956-9500
522,경기북,파주,금촌119안전센터,경기도 파주시 가나무로 136  ,031-956-9510
523,경기북,파주,법원119안전센터,경기도 파주시 법원읍 화합로 141,031-956-9520
524,경기북,파주,광탄119안전센터,경기도 파주시 광탄면 혜음로 1040 ,031-956-9530
525,경기북,파주,탄현119안전센터,경기도 파주시 탄현면 필승로 458 ,031-956-9540
526,경기북,파주,월롱119안전센터,경기도 파주시 월롱면 엘씨디로 310 ,031-956-9550
527,경기북,파주,교하119안전센터,경기도 파주시 청석로 301 ,031-956-9560
528,경기북,파주,적성119안전센터,경기도 파주시 적성면 감악산로 1220 ,031-956-9570
529,경기북,파주,운정119안전센터,파주시 와석순환로 90,031-956-9580
530,경기북,구리,교문119안전센터,경기도 구리시 아차산로487번길 46,031-570-6500
531,경기북,구리,인창119안전센터,경기도 건원대로34번길 28,031-570-6510
532,경기북,구리,갈매119안전센터,경기도 구리시 산마루로68,031-570-6520
533,경기북,포천,군내119안전센터,경기도 포천시 호국로 1538,031-538-5500
534,경기북,포천,소흘119안전센터,경기도 포천시 소흘읍 송우로 182,031-538-5510
535,경기북,포천,영북119안전센터,경기도 포천시 영북면 영북로 144,031-538-5520
536,경기북,포천,일동119안전센터,경기도 포천시 일동면 영일로 978,031-538-5530
537,경기북,포천,가산119안전센터,경기도 포천시 포천로 890,031-538-5540
538,경기북,포천,내촌119안전센터,경기도 포천시 내촌면 내촌로 120,031-538-5550
539,경기북,포천,영중119안전센터,경기도 포천시 영중면 양문로 66,031-538-5560
540,경기북,포천,선단119안전센터,경기도 포천시 호국로 1007-33,031-538-5570
541,경기북,양주,백석119안전센터,경기도 양주시 꿈나무로 156,031-849-8500
542,경기북,양주,회천119안전센터,경기도 양주시 화합로 1272,031-849-8510
543,경기북,양주,광적119안전센터,경기도 양주시 광적면 광적로 55,031-849-8520
544,경기북,양주,고읍119안전센터,경기도 양주시 고덕로 266,031-849-8530
545,경기북,양주,남면119안전센터,경기도 양주시 남면 삼육사로 247,031-849-8540
546,경기북,양주,장흥119안전센터,경기도 양주시 장흥면 일영로 794,031-849-8550
547,경기북,양주,옥정119안전센터,경기도 양주시 옥정로 8길 52,031-849-8560
548,경기북,동두천,불현119안전센터,경기도 동두천시 지행로 6,031-830-5500
549,경기북,동두천,소요119안전센터,경기 동두천시 평화로2910번길 65,031-830-5510
550,경기북,가평,가평119안전센터,경기도 가평군 가평읍 가화로 36,031-734-500
551,경기북,가평,조종119안전센터,경기도 가평군 조종면 현창로 14,031-734-520
552,경기북,가평,설악119안전센터,경기도 가평군 설악면 한서로 12,031-734-530
553,경기북,연천,은대119안전센터,경기도 연천군 전곡읍 평화로 892,031-830-0500
554,경기북,연천,백학119안전센터,경기도 연천군 백학면 통구리 1067,031-830-0530
555,경기북,연천,전곡119안전센터,경기도 연천군 전곡읍 전곡로 27,031-830-0510
556,경기북,연천,연천119안전센터,경기도 연천군 연천읍 차현로 92,031-830-0520
557,강원,춘천,후평119안전센터,강원도 춘천시 후석로 446(후평동),033-248-4119
558,강원,춘천,소양119안전센터,강원도 춘천시 가연길16번길 16,033-256-0119
559,강원,춘천,효자119안전센터,강원도 춘천시 효명길 8,033-251-0119
560,강원,춘천,대룡119안전센터,강원도 춘천시 동내면 고은길 9,033-262-7119
561,강원,춘천,강촌119안전센터,강원도 춘천시 소주고개길 680,033-262-2119
562,강원,춘천,신북119안전센터,강원도 춘천시 신북읍 신북로 35,033-243-5119
563,강원,원주,혁신119안전센터,강원도 원주시 동부순환로 201(반곡동),033-769-1592
564,강원,원주,명륜119안전센터,강원도 원주시 명륜동 832,033-763-6119
565,강원,원주,학성119안전센터,강원도 원주시 학성길 122,033-732-4119
566,강원,원주,단구119안전센터,강원도 원주시 강변로 255,033-763-1119
567,강원,원주,신림119안전센터,강원도 원주시 신림면 치악로 27,033-763-8118
568,강원,원주,우산119안전센터,강원도 원주시 우산공단길 9,033-742-6119
569,강원,원주,태장119안전센터,강원도 원주시 태장공단길 4,033-734-0119
570,강원,원주,문막119안전센터,강원도 원주시 문막읍 문막시장1길 90,033-735-0119
571,강원,원주,흥업119안전센터,강원도 원주시 흥업면 북원로 1569-81,033-765-2119
572,강원,원주,기업119안전센터,강원도 원주시 지정면 가곡리 1359-6,033-731-6119
573,강원,강릉,유천119안전센터,강원도 강릉시 선수촌로 64-28(홍제동),033-645-0119
574,강원,강릉,옥천119안전센터,강원도 강릉시 용지로 139(옥천동),033-648-2119
575,강원,강릉,경포119안전센터,강원도 강릉시 해안로 502(안현동),033-644-2119
576,강원,강릉,내곡119안전센터,강원도 강릉시 범일로 660(내곡동),033-647-7119
577,강원,강릉,주문진119안전센터,강원도 강릉시 연곡면 연주로 226,033-662-2119
578,강원,강릉,포남119안전센터,강원도 강릉시 하평2길 23(포남동),033-653-0119
579,강원,강릉,옥계119안전센터,강원도 강릉시 옥계면 현내시장길 163,033-534-0119
580,강원,동해,천곡119안전센터,강원도 동해시 천곡로 120(천곡동),033-533-3119
581,강원,동해,묵호119안전센터,강원도 동해시 일출로 29(발한동),033-532-2119
582,강원,동해,북삼119안전센터,강원도 동해시 효자남길 33-10(동회동),033-521-3119
583,강원,동해,북평119안전센터,강원도 동해시 공단1로 21(구호동),033-521-5119
584,강원,태백,황지119안전센터,강원도 태백시 태백로 1120(황지동),033-552-2119
585,강원,태백,장성119안전센터,강원도 태백시 석공길 16-9,033-581-6119
586,강원,태백,철암119안전센터,강원도 태백시 동태백로 552,033-582-9119
587,강원,태백,화전119안전센터,강원도 태백시 태백로 814,033-553-6119
588,강원,속초,노학119안전센터,강원도 속초시 미시령로 3226,033-636-2119
589,강원,속초,영랑119안전센터,강원도 속초시 번영로 188,033-632-9119
590,강원,속초,설악119안전센터,강원도 속초시 청봉로5길 37,033-636-7119
591,강원,삼척,봉황119안전센터,강원도 삼척시 봉황로 101,033-570-8510
592,강원,삼척,도계119안전센터,강원도 삼척시 도계읍 도계강변3길 16,033-541-2119
593,강원,삼척,원덕119안전센터,강원도 삼척시 원덕읍 삼척로 581,033-572-6119
594,강원,삼척,근덕119안전센터,강원도 삼척시 근덕면 교가길 37,033-574-1119
595,강원,홍천,홍천119안전센터,강원도 홍천군 홍천읍 공작산로 99,033-435-0119
596,강원,홍천,양덕원119안전센터,강원도 홍천군 남면 시동로 46,033-432-4119
597,강원,홍천,서석119안전센터,강원도 홍천군 서석면 풍암길2길 9,033-433-4119
598,강원,홍천,팔봉119안전센터,강원도 홍천군 서면 팔봉산로 523,033-434-0119
599,강원,횡성,횡성119안전센터,강원도 횡성군 횡성읍 문예로 157,033-340-9511
600,강원,횡성,둔내119안전센터,강원도 횡성군 둔내면 고원남로 42,033-342-1119
601,강원,횡성,우천119안전센터,강원도 횡성군 우천면 서동로 199,033-342-6119
602,강원,횡성,공근119안전센터,강원도 횡성군 공근면 영서로 130-5,033-344-3119
603,강원,영월,영월119안전센터,강원도 영월군 영월읍 영월로 1863,033-374-2119
604,강원,영월,주천119안전센터,강원도 영월군 주천면 송학주천로 1467-15,033-372-7119
605,강원,영월,중동119안전센터,강원도 영월군 중동면 응고개길 10-17,033-378-4119
606,강원,평창,평창119안전센터,강원도 평창군 평창읍 살구실길 10,033-332-2119
607,강원,평창,진부119안전센터,강원도 평창군 진부면 진부로 37,033-335-7119
608,강원,평창,봉평119안전센터,강원도 평창군 봉평면 기풍로 107-6,033-336-0119
609,강원,평창,대관령119안전센터,강원도 평창군 대관령면 올림픽로 62-20,033-335-5119
610,강원,평창,대화119안전센터,강원도 평창군 대화면 평창대로 934,033-333-2119
611,강원,정선,조양119안전센터,강원도 정선군 정선읍 녹송로 27,033-560-6511
612,강원,정선,고한119안전센터,강원도 정선군 고한읍 강원남로 6455,033-591-3119
613,강원,정선,신동119안전센터,강원도 정선군 신동읍 의림로 342,033-378-0119
614,강원,정선,임계119안전센터,강원도 정선군 임계면 송계4길 9,033-562-6119
615,강원,정선,사북119안전센터,강원도 정선군 사북읍 하이원길 29,033-592-2119
616,강원,철원,태봉119안전센터,강원도 철원군 갈말읍 태봉로 1504,033-450-2510
617,강원,철원,동송119안전센터,강원도 철원군 동송읍 금학로 251길 17,033-455-2119
618,강원,철원,김화119안전센터,강원도 철원군 서면 약수로 76,033-458-1119
619,강원,철원,갈말119안전센터,강원도 철원군 갈말읍 명성로 229,033-452-0119
620,강원,화천,화천119안전센터,강원도 화천군 하남면 위라리길 47,033-440-7510
621,강원,화천,양구119안전센터,강원도 양구군 양구읍 중심로 92,033-480-4514
622,강원,양구,인제119안전센터,강원도 인제군 인제읍 비봉로 44번길 71,033-460-9510
623,강원,인제,사내119안전센터,강원도 화천군 사내면 문화마을1길 6,033-441-4119
624,강원,인제,원통119안전센터,강원도 인제군 북면 원통로 301,033-461-3119
625,강원,인제,기린119안전센터,강원도 인제군 기린면 대내로 34-14,033-461-5119
626,강원,고성,간성119안전센터,강원도 고성군 간성읍 수성로 37-11,033-680-7513
627,강원,고성,동광119안전센터,강원도 고성군 토성면 동해대로 5320,033-680-7532
628,강원,고성,거진119안전센터,강원도 고성군 거진읍 수외길 19,033-680-7522
629,강원,양양,양양119안전센터,강원도 양양군 양양읍 남대천로 33,033-639-7511
630,강원,양양,하조대119안전센터,강원도 양양군 현북면 동해대로 1155-33,033-672-2119
631,강원,양양,강현119안전센터,강원도 양양군 강현면 장산1길 26,033-673-9119
632,충북,청주동부,영운119안전센터,충청북도 청주시 상당구 영운로 61,043-251-0222
633,충북,청주동부,사천119안전센터,충청북도 청주시 청원구 밀레니엄1로 63,043-251-0245
634,충북,청주동부,북문119안전센터,충청북도 청주시 상당구 상당로 168,043-251-0255
635,충북,청주동부,문의119안전센터,충청북도 청주시 상당구 문의면 문의시내1길 8,043-251-0265
636,충북,청주동부,내수119안전센터,충청북도 청주시 청원구 내수읍 청암로80,043-251-0275
637,충북,청주동부,오창119안전센터,충청북도 청주시 청원구 오창읍 중심상업2로 30,043-251-0285
638,충북,청주서부,가경119안전센터,충청북도 청주시 흥덕구 가경로 143,043-249-9804
639,충북,청주서부,복대119안전센터,충청북도 청주시 흥덕구 공단로 93,043-249-9822
640,충북,청주서부,산남119안전센터,충청북도 청주시 서원구 산미로 70,043-249-9837
641,충북,청주서부,사직119안전센터,충청북도 청주시 서원구 사직대로 229,043-249-9852
642,충북,청주서부,남이119안전센터,충청북도 청주시 서원구 청남로 866,043-249-9867
643,충북,청주서부,오송119안전센터,충청북도 청주시 흥덕구 오송생명3로 71-5,043-249-9882
644,충북,충주,목행119안전센터,충청북도 충주시 목행산단7로 9,043-841-3331
645,충북,충주,호암119안전센터,충청북도 충주시 호암대로 13,043-841-3341
646,충북,충주,연수119안전센터,충청북도 충주시 동수10길 1,043-841-3382
647,충북,충주,서충주119안전센터,충청북도 충주시 대소원면 영평리 538 ,043-841-3391
648,충북,충주,수안보119안전센터,충청북도 충주시 수안보면 관동길 9-7,043-841-3351
649,충북,충주,주덕119안전센터,충청북도 충주시 주덕읍 산양로 35,043-841-3361
650,충북,충주,앙성119안전센터,충청북도 충주시 앙성면 가곡로 1019,043-841-3371
651,충북,제천,의림지119안전센터,충청북도 제천시 신죽하로 164,043-641-7300
652,충북,제천,화산119안전센터,충청북도 제천시 강명길 17,043-641-7311
653,충북,제천,봉양119안전센터,충청북도 제천시 봉양읍 북부로1433,043-641-7341
654,충북,보은,보은119안전센터,충청북도 보은군 보은읍 남부로 4415,043-773-0210
655,충북,보은,속리산119안전센터,충청북도 보은군 속리산면 법주사로 278,043-773-0230
656,충북,보은,구병산119안전센터,충청북도 보은군 마로면 관기 송현로 48,043-773-0250
657,충북,옥천,옥천119안전센터,충청북도 옥천군 옥천읍 동부로 15,043-730-1900
658,충북,옥천,청산119안전센터,충청북도 옥천군 청산면 남부로 2306,043-730-1920
659,충북,영동,영동119안전센터,충청북도 영동군 영동읍 영동황간로 174,043-740-7110
660,충북,영동,황간119안전센터,충청북도 영동군 황간면 황간로 132,043-740-7140
661,충북,영동,학산119안전센터,충청북도 영동군 학산면 서산로 92,043-740-7170
662,충북,증평,증평119안전센터,충청북도 증평군 충청대로 1789,043-836-4119
663,충북,진천,진천119안전센터,충청북도  진천군 진천읍 진광로 93,043-539-8200
664,충북,진천,덕산119안전센터,충청북도  진천군 덕산읍 초금로 606-1,043-539-8240
665,충북,진천,광혜원119안전센터,충청북도  진천군 광혜원면 화랑길 99,043-539-8220
666,충북,괴산,괴산119안전센터,충청북도 괴산군 괴산읍 괴강로 69,043-760-0214
667,충북,괴산,청천119안전센터,충청북도 괴산군 청천면 선평길 78-9,043-760-0235
668,충북,음성,금왕119안전센터,충청북도 음성군 금왕읍 응천서길 11,043-880-0301
669,충북,음성,음성119안전센터,충청북도 음성군 음성읍 음성로 122,043-872-2119
670,충북,음성,대소119안전센터,충청북도 음성군 대소면 오산로 74,043-881-7119
671,충북,음성,감곡119안전센터,충청북도 음성군 감곡면 음성로 2652,043-881-3119
672,충북,음성,삼성119안전센터,충청북도 음성군 삼성면 금일로 831,043-878-5119
673,충북,단양,단양119안전센터,충청북도 단양군 단양읍 삼봉로 421-56,043-767-4210
674,충북,단양,매포119안전센터,충청북도 단양군 매포읍 평동4로 79,043-767-4230
675,충남,천안동남,구성119안전센터,충청남도 천안시 동남구 천안대로 580,041-570-0332
676,충남,천안동남,독립119안전센터,충청남도 천안시 동남구 목천읍 독립기념관로1,041-570-0362
677,충남,천안동남,병천119안전센터,충청남도 천안시 동남구 병천면 아우내순대길 78,041-570-0382
678,충남,천안동남,청당119안전센터,충청남도 천안시 동남구 청수14로 91,041-570-0406
679,충남,천안동남,풍세119안전센터,충청남도 천안시 동남구 풍세면 풍세로 89,041-570-0428
680,충남,천안서북,차암119안전센터,충청남도 천안시 서북구 직산읍 4산단2길 32,041-360-0330
681,충남,천안서북,성거119안전센터,충청남도 천안시 서북구 성거읍 천흥8길 11번,041-360-0360
682,충남,천안서북,서부119안전센터,충청남도 천안시 서북구 양지18길 22번,041-360-0380
683,충남,천안서북,두정119안전센터,충청남도 천안시 서북구 1공단2길 13,041-360-0400
684,충남,천안서북,성환119안전센터,충청남도 천안시 서북구 성환읍 성환1로 395번,041-360-0420
685,충남,천안서북,쌍용119안전센터,충청남도 천안시 서북구 월봉로 78번,041-360-0440
686,충남,천안서북,입장119안전센터,충청남도 천안시 서북구 입장면 망향로 1107번,041-360-0460
687,충남,천안서북,직산119안전센터,충청남도 천안시 서북구 직산읍 직산로 246,041-360-0480
688,충남,천안서북,불당119안전센터,충청남도 천안시 서북구 불당23로 62,041-360-0490
689,충남,공주,웅진119안전센터,충청남도 공주시 무령로 55,041-851-0332
690,충남,공주,유구119안전센터,충청남도 공주시 유구읍 유구외곽로 368,041-851-0362
691,충남,공주,신관119안전센터,충청남도 공주시 의당로 31,041-851-0382
692,충남,공주,동학사119안전센터,충청남도 공주시 반포면 동학사1로 110,041-851-0402
693,충남,공주,계룡119안전센터,충청남도 공주시 계룡면 월암송정길 18,041-851-0422
694,충남,공주,정안119안전센터,충청남도 공주시 정안면 광정장터길 18,041-851-0442
695,충남,보령,명천119안전센터,충청남도 보령시 성주산로 63,041-930-0332
696,충남,보령,신흑119안전센터,충청남도 보령시 대천항로 205,041-930-0362
697,충남,보령,웅천119안전센터,충청남도 보령시 웅천읍 충서로 947,041-930-0383
698,충남,보령,오천119안전센터,충청남도 보령시 오천면 충청수영로 701,041-930-0405
699,충남,보령,주포119안전센터,충청남도 보령시 주포면 질재로 47-16,041-930-0424
700,충남,아산,모종119안전센터,충청남도 아산시 모종로 77,041-538-0332
701,충남,아산,둔포119안전센터,충청남도 아산시 충무로 1848,041-538-0362
702,충남,아산,인주119안전센터,충청남도 아산시 인주면 공세길 19,041-538-0402
703,충남,아산,신창119안전센터,충청남도 아산시 신창면 순천향로 48,041-538-0382
704,충남,아산,배방119안전센터,충청남도 아산시 배방읍 배방로 38,041-538-0422
705,충남,아산,탕정119안전센터,충청남도 아산시 탕정면 탕정면로 26,041-538-0442
706,충남,아산,장재119안전센터,충청남도 아산시 배방읍 용연로 88,041-538-0462
707,충남,서산,예천119안전센터,충청남도 서산시 호수공원 14로 26-4,041-689-0332
708,충남,서산,대산119안전센터,충청남도 서산시 대산읍 망일산로 831-15,041-689-0362
709,충남,서산,동부119안전센터,충청남도 서산시 학동3로 52,041-689-0382
710,충남,서산,해미119안전센터,충청남도 서산시 해미면 성지3길 29,041-689-0402
711,충남,서산,부석119안전센터,충청남도 서산시 부석면 강경벌로 10,041-689-0422
712,충남,서산,성연119안전센터,충청남도 서산시 성연면 성연5로 92-31,041-689-0442
713,충남,논산,내동119안전센터,충청남도 논산시 대학로 17,041-730-0333
714,충남,논산,반월119안전센터,충청남도 논산시 해월로 155,041-730-0404
715,충남,논산,강경119안전센터,충청남도 논산시 강경읍 동안로 3 ,041-730-0362
716,충남,논산,연산119안전센터,충청남도 논산시 연산면 관창로 54,041-730-0429
717,충남,논산,연무119안전센터,충청남도 논산시 연무읍 동안로 1137,041-730-0382
718,충남,계룡,엄사119안전센터,충청남도 계룡시 엄사면 문화로32,042-540-5330
719,충남,계룡,두마119안전센터,충청남도 계룡시 두마면 사계로 170,042-540-5360
720,충남,당진,당진119안전센터,충청남도 당진시 역천로 838,041-350-5338
721,충남,당진,석문119안전센터,충청남도 당진시 석문면 보덕포로 1069-21,041-350-5362
722,충남,당진,합덕119안전센터,충청남도 당진시 우강면 중방로 2,041-350-5382
723,충남,당진,송악119안전센터,충청남도 당진시 송악읍 송악로 1019,041-350-5402
724,충남,당진,신평119안전센터,충청남도 당진시 신평면 신평길 133,041-350-5422
725,충남,당진,기지시119안전센터,충청남도 당진시 송악읍 틀모시로 844,041-350-5442
726,충남,금산,금산119안전센터,충청남도 금산군 금산읍 삼풍로 2,041-750-1332
727,충남,금산,추부119안전센터,충청남도 금산군 추부면 삼육로 47,041-750-1362
728,충남,금산,복진119안전센터,충청남도 금산군 진산면 읍내로 49-1,041-750-1382
729,충남,부여,백제119안전센터,충청남도 부여군 규암면 계백로17,041-830-0331
730,충남,부여,사비119안전센터,충청남도 부여군 부여읍 북포로 29,041-830-0362
731,충남,부여,홍산119안전센터,충청남도 부여군 홍산면 북토로 89,041-830-0382
732,충남,부여,임천119안전센터,충청남도 부여군 임천면 성흥로179번길1,041-830-0402
733,충남,부여,외산119안전센터,충청남도 부여군 외산면 만수로 235,041-830-0422
734,충남,서천,장항119안전센터,충청남도 서천군 장항읍 장항로 37,041-955-0330
735,충남,서천,서천119안전센터,충청남도 서천군 서천읍 충절로49번길 33-8,041-955-0360
736,충남,서천,비인119안전센터,충청남도 서천군 비인면 비인로 141,041-955-0380
737,충남,서천,서면119안전센터,충청남도 서천군 서면 부사로 153,041-955-0400
738,충남,서천,한산119안전센터,충청남도 서천군 한산면 충절로 1164,041-955-0420
739,충남,서천,판교119안전센터,충청남도 서천군 판교면 대백제로 1953-24,041-955-0440
740,충남,청양,청양119안전센터,충청남도 청양군 청양읍 충절로 1187,041-940-7332
741,충남,청양,정산119안전센터,충청남도 청양군 정산면 서정4길 49,041-940-7362
742,충남,홍성,구룡119안전센터,충청남도 홍성군 홍성읍 충절로 741,041-630-0334
743,충남,홍성,광천119안전센터,충청남도 홍성군 광천읍 충서로 354,041-630-0382
744,충남,홍성,옥암119안전센터,충청남도 홍성군 홍성읍 충서로 1258,041-630-0362
745,충남,홍성,내포119안전센터,충청남도 홍성군 홍북읍 의향로 133,041-630-0422
746,충남,홍성,갈산119안전센터,충청남도 홍성군 갈산면 갈산로150번길 16,041-630-0402
747,충남,예산,오가119안전센터,충청남도 예산군 오가면 오가중앙로 111,041-330-4332
748,충남,예산,금오119안전센터,충청남도 예산군 예산읍 예당관광로 760,041-330-4362
749,충남,예산,삽교119안전센터,충청남도 예산군 삽교읍 삽교로1길 34,041-330-4382
750,충남,예산,덕산119안전센터,충청남도 예산군 덕산면 도청대로 1160,041-330-4402
751,충남,태안,태안119안전센터,충청남도 태안군 태안읍 동백로 100,041-671-0332
752,충남,태안,안면119안전센터,충청남도 태안군 안면읍 장터로 77,041-671-0362
753,충남,태안,원북119안전센터,충청남도 태안군 원북면 원이로 1031,041-671-0382
754,충남,태안,근흥119안전센터,충청남도 태안군 근흥면 신진대교길 201-8,041-671-0402
755,전북,전주덕진,금암119안전센터,전라북도 전주시 덕진구 백제대로 611,063-250-4272
756,전북,전주덕진,아중119안전센터,전라북도 전주시 덕진구 진버들4길 16,063-250-4275
757,전북,전주덕진,팔복119안전센터,전라북도 전주시 덕진구 온고을로 430,063-250-4273
758,전북,전주덕진,전미119안전센터,전라북도 전주시 덕진구 과학로 144,063-250-4274
759,전북,전주완산,효자119안전센터,전라북도 전주시 완산구 거마평로 73,063-220-4272
760,전북,전주완산,서부119안전센터,전라북도 전주시 완산구 우전로 228,063-228-0119
761,전북,전주완산,교동119안전센터,전라북도 전주시 완산구 경기전길 183,063-284-0119
762,전북,전주완산,노송119안전센터,전라북도 전주시 완산구 관선4길 38,063-287-7119
763,전북,전주완산,평화119안전센터,전라북도 전주시 완산구 평화로 105,063-236-4119
764,전북,전주완산,임실119안전센터,전라북도 임실군 임실읍 감천로 33,063-642-2119
765,전북,군산,사정119안전센터,전라북도 군산시 번영로 308 ,063-450-0228
766,전북,군산,금동119안전센터,전라북도 군산시 군산창길 1,063-450-0274
767,전북,군산,항만119안전센터,전라북도 군산시 임해로 462,063-450-0275
768,전북,군산,비응119안전센터,전라북도 군산시 새만금북로 43,063-450-0279
769,전북,군산,지곡119안전센터,전라북도 군산시 백토로 223,063-450-0273
770,전북,군산,경암119안전센터,전라북도 군산시 구암3.1로 147,063-450-0277
771,전북,군산,산북119안전센터,전라북도 군산시 산북로 71-11,063-450-0276
772,전북,군산,대야119안전센터,전라북도 군산시 대야면 대야관통로 5,063-450-0278
773,전북,익산,팔봉119안전센터,전라북도 익산시 무왕로 1338,063-836-2119
774,전북,익산,남중119안전센터,전라북도 익산시 인북로 397,063-855-0119
775,전북,익산,공단119안전센터,전라북도 익산시 선화로 429,063-833-0119
776,전북,익산,인화119안전센터,전라북도 익산시 목천로 301,063-852-0119
777,전북,익산,모현119안전센터,전라북도 익산시 배산로 181,063-853-0119
778,전북,익산,함열119안전센터,전라북도 익산시 함열읍 함열중앙로 133,063-861-0119
779,전북,익산,금마119안전센터,전라북도 익산시 금마면 미륵사지로 130,063-839-3278
780,전북,정읍,하북119안전센터,전라북도 정읍시 서부산업도로 507-5,063-570-1272
781,전북,정읍,시기119안전센터,전라북도 정읍시 정읍남로 1421,063-570-1273
782,전북,정읍,신태인119안전센터,전라북도 정읍시 신태인읍 정신로 1241,063-570-1274
783,전북,정읍,영원119안전센터,전라북도 정읍시 영원면 영원로 1048,063-570-1275
784,전북,정읍,칠보119안전센터,전라북도 정읍시 태산로 2165 ,063-570-1276
785,전북,남원,식정119안전센터,전라북도 남원시 요천로 1965,063-626-0119
786,전북,남원,인월119안전센터,전라북도 남원시 인월면 황산로 1828,063-636-5119
787,전북,남원,금지119안전센터,전라북도 남원시 금지면 요천로 430,063-635-2119
788,전북,김제,교동119안전센터,전라북도 김제시 벽성로 278,063-540-4272
789,전북,김제,만경119안전센터,전라북도 김제시 만경읍 만경공단1길 7,063-540-4273
790,전북,김제,검산119안전센터,전라북도 김제시 검산동 314-2,예정
791,전북,김제,금산119안전센터,전라북도 김제시 금산면 금산사로 29,063-540-4274
792,전북,완주,봉동119안전센터,전라북도 완주군 삼례읍 삼봉로 518,063-290-0272
793,전북,완주,삼례119안전센터,전라북도 완주군 삼례읍 삼례역로 27,063-290-0273
794,전북,완주,고산119안전센터,전라북도 완주군 고산면 고산로 49,063-290-0274
795,전북,완주,혁신119안전센터,전라북도 완주군 이서면 지사제2로 12,063-290-0275
796,전북,진안,진안119안전센터,전라북도 진안군 진안읍 쇠징계로 9,063-350-5273
797,전북,진안,마령119안전센터,전라북도 진안군 마령면 임진로 2077-24,063-350-5276
798,전북,장수,장계119안전센터,전라북도 장수군 장계면 육십령로 136,063-350-6272
799,전북,장수,무주119안전센터,전라북도 무주군 무주읍 당산강변로 126,063-350-6274
800,전북,장수,구천동119안전센터,전라북도 무주군 설천면 구천동1로 54,063-350-6286
801,전북,장수,장수119안전센터,전라북도 장수군 장수읍 호비로 42,063-350-6275
802,전북,순창,순창119안전센터,전라북도 순창군 순창읍 교성로 24,063-650-9272
803,전북,고창,고창119안전센터,전라북도 고창군 고창읍 녹두로 1294,063-560-1272
804,전북,고창,무장119안전센터,전라북도 고창군 무장면 무장남북로 20-5,063-560-1273
805,전북,고창,흥덕119안전센터,전라북도 고창군 흥덕면 문화2길 21,063-560-1274
806,전북,고창,대산119안전센터,전라북도 고창군 대산면 공음대산로 932,063-560-1275
807,전북,부안,부안119안전센터,전라북도 부안군 행안면 변산로 86,063-580-1272
808,전북,부안,격포119안전센터,전라북도 부안군 변산면 격포항길 64-17,063-580-1273
809,전남,강진,하당119안전센터,전라남도 목포시 삼향천로 110,061-280-0890
810,전남,강진,호남119안전센터,전라남도 목포시 영산로 165,061-280-0925
811,전남,고흥,경동119안전센터,전라남도 목포시 유동로 42번길 1,061-280-0930
812,전남,고흥,삼학119안전센터,전라남도 목포시 삼학로 218,061-280-0935
813,전남,고흥,연산119안전센터,전라남도 목포시 산정공단로 64,061-280-0940
814,전남,광양,학동119안전센터,전라남도 여수시 망마로 20,061-680-0890
815,전남,광양,평여119안전센터,전라남도 여수시 여수산단로 321(평여동),061-680-0940
816,전남,광양,소라119안전센터,전라남도 여수시 소라면 여순로 297,061-680-0955
817,전남,광양,연등119안전센터,전라남도 여수시 좌수영로 162(연등동),061-680-0925
818,전남,나주,여서119안전센터,전라남도 여수시 문수로 131(문수동),061-680-0945
819,전남,나주,봉산119안전센터,전라남도 여수시 어항단지로 222-5(남산동),061-680-0935
820,전남,나주,돌산119안전센터,전라남도 여수시 돌산읍 강남로 34,061-680-0950
821,전남,나주,서면119안전센터,전라남도 순천시 서면 삼산로 281,061-750-0894
822,전남,담양,저전119안전센터,전라남도 순천시 중앙로 19,061-750-0926
823,전남,담양,왕조119안전센터,전라남도 순천시 기적의도서관 1길 30,061-750-0931
824,전남,담양,연향119안전센터,전라남도 순천시 연향1로 26,061-750-0941
825,전남,담양,승주119안전센터,전라남도 순천시 승주읍 승평길 19-17,061-750-0936
826,전남,목포,구례119안전센터,전라남도 구례군 구례읍 양정4길 37,061-750-0946
827,전남,목포,해룡119안전센터,전라남도 순천시 해룡면 율촌산단5로 17,061-750-0952
828,전남,목포,신대119안전센터,전라남도 순천시 해룡면 매안로142,061-750-0956
829,전남,목포,경현119안전센터,전라남도 나주시 예향로 4201,061-330-0890
830,전남,목포,이창119안전센터,전라남도 나주시 이창택지길 6-13,061-330-0925
831,전남,무안,남평119안전센터,전라남도 나주시 남평읍 지석로 106,061-330-0930
832,전남,무안,빛가람119안전센터,전라남도 나주시 그린로 296,061-330-0935
833,전남,무안,중마119안전센터,전라남도 광양시 중마중앙로 109,061-798-0890
834,전남,무안,금호119안전센터,전라남도 광양시 희망길 12-12(금호동),061-798-0935
835,전남,보성,광양119안전센터,전라남도 광양시 광양읍 서변천로 175,061-798-0925
836,전남,보성,광영119안전센터,전라남도 광양시 금영로 87(광영동),061-798-0930
837,전남,보성,담양119안전센터,전라남도 담양군 담양읍 추성로 1232,061-380-0890
838,전남,순천,고서119안전센터,전라남도 고서면 창평헌로 398,061-380-0936
839,전남,순천,곡성119안전센터,전라남도 곡성군 곡성읍 학교로 7,061-380-0926
840,전남,순천,옥과119안전센터,전라남도 곡성군 옥과면 리문6길 29,061-380-0931
841,전남,순천,고흥119안전센터,전라남도 고흥군 풍양면 고흥로 1330,061-840-0890
842,전남,순천,도양119안전센터,전라남도 고흥군 도양읍 녹동신항5길 4,061-840-0925
843,전남,순천,과역119안전센터,전라남도 고흥군 과역면 과역로 974,061-840-0933
844,전남,순천,벌교119안전센터,전라남도 보성군 벌교읍 녹색로 5247,061-859-0890
845,전남,순천,보성119안전센터,전라남도 보성군 보성읍 송재로 160,061-859-0925
846,전남,신안,홍교119안전센터,전라남도 보성군 벌교읍 홍암로 116-4,061-859-0930
847,전남,신안,화순119안전센터,전라남도 화순군 화순읍 학포로 2750,061-379-0891
848,전남,여수,능주119안전센터,전라남도 화순군 능주면 지석로 1428,061-379-0926
849,전남,여수,동복119안전센터,전라남도 화순군 동복면 천변길 7,061-379-0931
850,전남,여수,장흥119안전센터,전라남도 장흥군 장흥읍 북부로 138,061-850-0891
851,전남,여수,정남진119안전센터,전라남도 장흥군 관산읍 관산우회로 103,061-850-0926
852,전남,여수,강진119안전센터,전라남도 강진군 군동면 중앙로 223,061-430-0890
853,전남,여수,성전119안전센터,전라남도 강진군 성전면 송학리 837-2,061-430-0925
854,전남,여수,해남119안전센터,전라남도 해남군 해남읍 교육청길 82,061-530-0890
855,전남,영광,땅끝119안전센터,전라남도 해남군 송지면 미야길 237-3,061-530-0940
856,전남,영광,삼호119안전센터,전라남도 영암군 삼호읍 나불로 192,061-460-0890
857,전남,영암,영암119안전센터,전라남도 영암군 영암읍 월출로 46,061-460-0925
858,전남,영암,신북119안전센터,전라남도 영암군 신북면 모산리 661-1,061-460-0930
859,전남,영암,무안119안전센터,전라남도 무안군 무안읍 공항로 133,061-450-0890
860,전남,완도,일로119안전센터,전라남도 무안군 일로읍 삼일로 493-1,061-450-0925
861,전남,완도,해제119안전센터,전라남도 무안군 해제면 현해로 1621,061-450-0930
862,전남,장성,남악119안전센터,전라남도 무안군 삼향읍 남악5로72번길81-18,061-450-0935
863,전남,장성,함평119안전센터,전라남도 함평군 대동면 함장로 1202-93,061-338-0890
864,전남,장흥,나산119안전센터,전라남도 함평군 나산면 함장로 2786,061-338-0925
865,전남,장흥,영광119안전센터,전라남도 영광군 영광읍 함영로 3508,061-350-0890
866,전남,진도,홍농119안전센터,전라남도 영광군 홍농읍 홍농로 543,061-350-0925
867,전남,진도,장성119안전센터,전라남도 장성군 장성읍 단풍로 204,061-360-0891
868,전남,함평,삼계119안전센터,전라남도 장성군 삼계면 영장로 1632,061-360-0926
869,전남,함평,완도119안전센터,전라남도 완도군 완도읍 농공단지길 7,061-470-0890
870,전남,해남,고금119안전센터,전라남도 완도군 고금면 고금동로 266,061-470-0925
871,전남,해남,진도119안전센터,전라남도 진도군 진도대로 6945,061-530-0934
872,전남,화순,임회119안전센터,전라남도 진도군 임회면 십일시장길 34,061-530-0946
873,전남,화순,신안119안전센터,전라남도 신안군 암태면 단고리 973-6,061-280-0950
874,전남,화순,지도119안전센터,전라남도 신안군 지도읍 해제지도로 1304,061-280-0945
875,경북,포항북부,덕산119안전센터,경상북도 포항시 북구 중앙로 332,054-260-2400
876,경북,포항북부,두호119안전센터,경상북도 포항시 북구 삼호로 305,054-260-2410
877,경북,포항북부,흥해119안전센터,경상북도 포항시 북구 흥해읍 중성로 67,054-260-2420
878,경북,포항북부,장량119안전센터,경상북도 포항시 북구 법원로 158,054-260-2430
879,경북,포항북부,기계119안전센터,경상북도 포항시 북구 기계면 기계로 371,054-260-2460
880,경북,포항남부,일월119안전센터,경상북도 포항시 남구 동해안로 5890,054-284-2725
881,경북,포항남부,해도119안전센터,경상북도 포항시 남구 중앙로 118,054-281-1119
882,경북,포항남부,제철119안전센터,경상북도 포항시 남구 철강로 360,054-286-0119
883,경북,포항남부,연일119안전센터,경상북도 포항시 남구 연일읍 철강로 10,054-286-1119
884,경북,포항남부,효자119안전센터,경상북도 포항시 남구 지곡로212번길 45,054-273-2119
885,경북,포항남부,오천119안전센터,경상북도 포항시 남구 오천읍 해병로 369,054-292-0119
886,경북,포항남부,구룡포119안전센터,경상북도 포항시 남구 구룡포읍 호미로 265,054-284-0119
887,경북,포항남부,울릉119안전센터,경상북도 울릉군 울릉읍 울릉순환로 415,054-791-2119
888,경북,경주,황오119안전센터,경상북도 경주시 알천남로 276,054-778-0601
889,경북,경주,동부119안전센터,경상북도 경주시 중앙로 59,054-778-0611
890,경북,경주,보문119안전센터,경상북도 경주시 경감로 587-8,054-778-0631
891,경북,경주,안강119안전센터,경상북도 경주시 안강읍 안강중앙로 146,054-778-0651
892,경북,경주,감포119안전센터,경상북도 경주시 감포읍 동해안로 2153,054-778-0671
893,경북,경주,외동119안전센터,경상북도 경주시 외동읍 입실로1길 78-15,054-778-0661
894,경북,경주,건천119안전센터,경상북도 경주시 건천읍 내서로 1065,054-778-0681
895,경북,경주,용황119안전센터,경상북도 경주시 공단로 25,054-778-0641
896,경북,경주,불국사119안전센터,경상북도 경주시 불국신택지4길 4,054-778-0621
897,경북,김천,양금119안전센터,경상북도 김천시 강변로 219(양천동),054-436-0118
898,경북,김천,다수119안전센터,경상북도 김천시 영남대로 1246,054-430-0119
899,경북,김천,대광119안전센터,경상북도 김천시 공단로 152-36,054-432-0119
900,경북,김천,지례119안전센터,경상북도 김천시 지례면 장터길 115,054-435-0119
901,경북,김천,아포119안전센터,경상북도 김천시 아포읍 아포공단길 45,054-439-0119
902,경북,김천,율곡119안전센터,경상북도 김천시 혁신7로 46,054-437-8119
903,경북,안동,법흥119안전센터,경상북도 안동시 육사로 301,054-854-6119
904,경북,안동,용상119안전센터,경상북도 안동시 마들6길 27,054-821-1119
905,경북,안동,풍산119안전센터,경상북도 안동시 풍산읍 풍산태사로 1162,054-858-4119
906,경북,안동,옥동119안전센터,경상북도 안동시 광명로 85,054-853-6119
907,경북,안동,도산119안전센터,경상북도 안동시 도산면 퇴계로 2171,054-856-7119
908,경북,안동,청송119안전센터,경상북도 청송군 청송읍 길안청송로 1630,054-873-1119
909,경북,안동,진보119안전센터,경상북도 청송군 진보면 청송로 6346,054-874-5119
910,경북,안동,영양119안전센터,경상북도 영양군 영양읍 군민회관길 42-14,054-682-3119
911,경북,안동,입암119안전센터,경상북도 영양군 입암면 입암로 153,054-682-4119
912,경북,구미,공단119안전센터,경상북도 구미시 수출대로 112,054-461-3119
913,경북,구미,송정119안전센터,경상북도 구미시 백산로 207,054-452-0119
914,경북,구미,원평119안전센터,경상북도 구미시 산업로 174,054-454-6119
915,경북,구미,봉곡119안전센터,경상북도 구미시 봉곡동로 48,054-452-2119
916,경북,구미,인동119안전센터,경상북도 구미시 이계북로 147,054-471-0119
917,경북,구미,선산119안전센터,경상북도 구미시 선산읍 선산대로 1400-13,054-482-0119
918,경북,구미,고아119안전센터,경상북도 구미시 고아읍 선산대로 821,054-481-3119
919,경북,구미,해평119안전센터,경상북도 구미시 해평면 강동로 1663,054-474-4119
920,경북,구미,상림119안전센터,경상북도 구미시 상림로 45,054-465-9116
921,경북,구미,옥계119안전센터,경상북도 구미시 산동면 산호대로41길 4,054-471-5119
922,경북,영주,문수119안전센터,경상북도 영주시 문수면 적서로448번길 17,054-630-0401
923,경북,영주,가흥119안전센터,경상북도 영주시 선비로 181,054-630-0441
924,경북,영주,풍기119안전센터,경상북도 영주시 풍기읍 기주로 159,054-630-0411
925,경북,영주,봉화119안전센터,경상북도 봉화군 봉화읍 문수로 42,054-630-0421
926,경북,영주,춘양119안전센터,경상북도 봉화군 춘양면 소천로 22,054-630-0431
927,경북,영주,명호119안전센터,경상북도 봉화군 명호면 도천길 18-46,054-630-0451
928,경북,영천,동부119안전센터,경상북도 영천시 호국로 187,054-339-6901
929,경북,영천,남부119안전센터,경상북도 영천시 한방로 176-0,054-339-6942
930,경북,영천,금호119안전센터,경상북도 영천시 금호읍 오계공단길 5,054-339-6911
931,경북,영천,신녕119안전센터,경상북도 영천시 신녕면 어릿골길 11,054-339-6921
932,경북,상주,서성119안전센터,경상북도 상주시 상산로 322,054-530-3802
933,경북,상주,함창119안전센터,경상북도 상주시 함창읍 가야로 46-1,054-530-3810
934,경북,상주,청리119안전센터,경상북도 상주시 청리면 마공공단로 152,054-530-3820
935,경북,상주,화서119안전센터,경상북도 상주시 화서면 상현무동길 5,054-530-3830
936,경북,문경,점촌119안전센터,경상북도 문경시 중앙로 305,054-555-2119
937,경북,문경,모전119안전센터,경상북도 문경시 모전로 173,054-555-5119
938,경북,문경,가은119안전센터,경상북도 문경시 가은읍 가은로 126,054-571-5119
939,경북,문경,문경119안전센터,경상북도 문경시 문경읍 새재로 501,054-571-0119
940,경북,경산,압량119안전센터,경상북도 경산시 압량읍 김유신로 12,053-813-1119
941,경북,경산,중앙119안전센터,경상북도 경산시 장산로 143,053-813-0119
942,경북,경산,중산119안전센터,경상북도 경산시 펜타힐즈4로 1,053-817-1191
943,경북,경산,하양119안전센터,경상북도 경산시 하양읍 대경로 793,053-852-0119
944,경북,경산,진량119안전센터,경상북도 경산시 진량읍 공단2로 72,053-856-0119
945,경북,경산,자인119안전센터,경상북도 경산시 자인면 금학로 25-11,053-857-2119
946,경북,의성,봉양119안전센터,경상북도 의성군 봉양면 대로 4741,054-830-7800
947,경북,의성,의성119안전센터,경상북도 의성군 의성읍 홍술로 187,054-834-7119
948,경북,의성,안계119안전센터,경상북도 의성군 안계면 안계길 100,054-861-0119
949,경북,의성,군위119안전센터,경상북도 군위군 군위읍 군위공단길 65,054-383-0119
950,경북,의성,의흥119안전센터,경상북도 군위군 의흥면 읍내길 23,054-382-7119
951,경북,영덕,영덕119안전센터,경상북도 영덕군 영덕읍 경동로 8401,054-730-1600
952,경북,영덕,강구119안전센터,경상북도 영덕군 강구면 강산로 38,054-730-1610
953,경북,영덕,영해119안전센터,경상북도 영덕군 영해면 창수영해로 481,054-730-1620
954,경북,청도,청도119안전센터,경상북도 청도군 청도읍 중앙로 192-34,054-373-0119
955,경북,청도,풍각119안전센터,경상북도 청도군 풍각면 송서로 64,054-372-2119
956,경북,청도,금천119안전센터,경상북도 청도군 금천면 청려로 4363,054-372-3119
957,경북,고령,대가야119안전센터,경상북도 고령군 대가야읍 벽화길18,054-950-8100
958,경북,고령,다산119안전센터,경상북도 고령군 다산면 다산로 506,054-950-8110
959,경북,성주,성주119안전센터,경상북도 성주군 성주읍 주산로 193,054-933-0119
960,경북,성주,선남119안전센터,경상북도 성주군 선남면 도성3길 39-17,054-931-3370
961,경북,칠곡,왜관119안전센터,경상북도 칠곡군 기산면 칠곡대로 1216,054-970-2800
962,경북,칠곡,북삼119안전센터,경상북도 칠곡군 북삼읍 안산2길 46,054-970-2810
963,경북,칠곡,석적119안전센터,경상북도 칠곡군 석적읍 유학로 140,054-970-2840
964,경북,칠곡,금산119안전센터,경상북도 칠곡군 왜관읍 공단로 194,054-970-2827
965,경북,칠곡,가산119안전센터,경상북도 칠곡군 가산면 다부원1길 57,054-970-2837
966,경북,칠곡,동명119안전센터,경상북도 칠곡군 동명면 한티로 216,054-970-2850
967,경북,예천,예천119안전센터,경상북도 예천군 예천읍 양궁로 61-12,054-650-3600
968,경북,예천,지보119안전센터,경상북도 예천군 지보면 지보로 247,054-650-3610
969,경북,예천,도청119안전센터,경상북도 예천군 호명면 도청대로 19,054-650-3620
970,경북,울진,울진119안전센터,경상북도 울진군 울진읍 울진북로 508,054-780-1401
971,경북,울진,죽변119안전센터,경상북도 울진군 죽변면 하죽로 1841,054-780-1411
972,경북,울진,북면119안전센터,경상북도 울진군 북면 장터길 69,054-780-1450
973,경북,울진,후포119안전센터,경상북도 울진군 후포면 실배길 28-1,054-780-1423
974,경북,울진,온정119안전센터,경상북도 울진군 온정면 백암온천로 1315,054-780-1431
975,경남,진주,상대119안전센터,경상남도 진주시 동진로 249,055-760-9360
976,경남,진주,중앙119안전센터,경상남도 양산시 북장대로64번길 14,055-379-9370
977,경남,진주,천전119안전센터,경상남도 진주시 강남로 167번길 16,055-760-9380
978,경남,진주,평거119안전센터,경상남도 진주시 순환로 565,055-760-9390
979,경남,진주,문산119안전센터,경상남도 진주시 문산읍 월아산로 979,055-760-9400
980,경남,진주,금산119안전센터,경상남도 진주시 금산면 중천리 585-2,055-760-9440
981,경남,통영,죽림119안전센터,경상남도 통영시 광도면 죽림4로 49,055-640-9361
982,경남,통영,무전119안전센터,경상남도 통영시 원문로 71,055-640-9422
983,경남,통영,서호119안전센터,경상남도 통영시 중앙로 91-8,055-640-9372
984,경남,통영,도남119안전센터,경상남도 통영시 도남로257,055-640-9380
985,경남,사천,동금119안전센터,경상남도 사천시 남일로 29,055-830-9400
986,경남,사천,사천119안전센터,경상남도 사천시 사천읍 무산로 21,055-830-9420
987,경남,사천,사남119안전센터,경상남도 사천시 사남면 공단2로 53,055-830-9410
988,경남,사천,곤양119안전센터,경상남도 사천시 곤양면 곤북로 64,055-850-9430
989,경남,김해동부,삼정119안전센터,경상남도 김해시 김해대로 2507,055-320-9360
990,경남,김해동부,동상119안전센터,경상남도 김해시 구지로 179,055-320-9370
991,경남,김해동부,내외119안전센터,경상남도 김해시 내외로 77,055-320-9380
992,경남,김해동부,상동119안전센터,경상남도 김해시 상동면 상동로 637,055-320-9390
993,경남,김해동부,생림119안전센터,경상남도 김해시 생림면 봉림로 106,055-320-9400
994,경남,김해동부,북부119안전센터,경상남도 김해시 해반천로 166,055-320-9410
995,경남,김해동부,대동119안전센터,경상남도 김해시 대동면 동남로 41번길 19,055-320-9420
996,경남,김해서부,진례119안전센터,경상남도 김해시 진례면 서부로 730,055-344-9370
997,경남,김해서부,장유119안전센터,경상남도 김해시 번화2로 12,055-344-9360
998,경남,김해서부,진영119안전센터,경상남도 김해시 진영읍 장등로 4,055-344-9380
999,경남,김해서부,주촌119안전센터,경상남도 김해시 주촌면 주선로 29,055-344-9390
1000,경남,김해서부,한림119안전센터,경상남도 김해시 한림면 한림로 401번길 50,055-344-9410
1001,경남,김해서부,율하119안전센터,경상남도 김해시 율하4로 112,055-344-9420
1002,경남,밀양,교동119안전센터,경상남도 밀양시 밀양대공원로 66,055-350-9360
1003,경남,밀양,가곡119안전센터,경상남도 밀양시 용두로 5,055-350-9374
1004,경남,밀양,하남119안전센터,경상남도 밀양시 하남읍 명례로 108,055-350-9385
1005,경남,밀양,삼랑진119안전센터,경상남도 밀양시 삼랑진읍 삼랑진로 16-3,055-350-9394
1006,경남,밀양,산동119안전센터,경상남도 밀양시 산외면 단산길 2,055-350-9402
1007,경남,밀양,무안119안전센터,경상남도 밀양시 무안면 사명로 541,055-350-9412
1008,경남,거제,옥포119안전센터,경상남도 거제시 진목로 1,055-689-9361
1009,경남,거제,장승포119안전센터,경상남도 거제시 능포로 77,055-689-9370
1010,경남,거제,신현119안전센터,경상남도 거제시 계룡로 52,055-689-9380
1011,경남,거제,거제119안전센터,경상남도 거제시 거제면 거제남서로 3429,055-689-9400
1012,경남,거제,연초119안전센터,경상남도 거제시 연초면 거제북로1,055-689-9410
1013,경남,거제,동부119안전센터,경상남도 거제시 동부면 거제대로 957,055-689-9420
1014,경남,거제,사등119안전센터,경상남도 거제시 사등면 덕호해안길 63 ,055-689-9430
1015,경남,양산,물금119안전센터,경상남도 양산시 물금읍 황산로 719,055-379-9360
1016,경남,양산,중앙119안전센터,경상남도 양산시 신기로 13,055-379-9370
1017,경남,양산,웅상119안전센터,경상남도 양산시 웅상대로 1120,055-379-9380
1018,경남,양산,하북119안전센터,경상남도 양산시 하북면 양산대로 2255-38,055-379-9390
1019,경남,양산,중부119안전센터,경상남도 양산시 양산역 6길 27,055-379-9330
1020,경남,양산,평산119안전센터,경상남도 양산시 내연4길 9,055-379-9320
1021,경남,양산,상북119안전센터,경상남도 양산시 석계로 37,055-379-9420
1022,경남,의령,의령119안전센터,경상남도 의령군 의령읍 의병로 108-17,055-570-9310
1023,경남,의령,부림119안전센터,경상남도 의령군 부림면 대한로 1666,055-570-9320
1024,경남,함안,가야119안전센터,경상남도 함안군 가야읍 선왕길 59,055-580-9300
1025,경남,함안,칠원119안전센터,경상남도 함안군 칠원읍 용산2길 121,055-580-9330
1026,경남,함안,군북119안전센터,경상남도 함안군 군북면 함마대로 760,055-580-9340
1027,경남,창녕,창녕119안전센터,경상남도 창녕군 대지면 우포2로 1097,055-259-9360
1028,경남,창녕,남지119안전센터,경상남도 창녕군 남지읍 동포로 64,055-259-9370
1029,경남,창녕,영산119안전센터,경상남도 창녕군 영산면 영산장마로 697,055-259-9330
1030,경남,창녕,부곡119안전센터,경상남도 창녕군 부곡면 원앙로 184,055-259-9380
1031,경남,고성,고성119안전센터,경상남도 고성군 고성읍 남해안대로 2670,055-670-9310
1032,경남,고성,회화119안전센터,경상남도 고성군 회화면 영희로 2211,055-670-9320
1033,경남,고성,거류119안전센터,경상남도 고성군 거류면 봉암 1길 9,055-670-9340
1034,경남,남해,남해119안전센터,경상남도 남해군 남해읍 스포츠로 81,055-860-9360
1035,경남,남해,삼동119안전센터,경상남도 남해군 삼동면 동부대로 1795,055-860-9370
1036,경남,남해,미조119안전센터,경상남도 남해군 미조면 동부대로 25,055-860-9330
1037,경남,하동,금성119안전센터,경상남도 하동군 금성면 금성로 15,055-880-9320
1038,경남,하동,하동119안전센터,경상남도 하동군 적량면 공설운동장로 169,055-880-9360
1039,경남,하동,진교119안전센터,경상남도 하동군 진교면 진양로 27,055-880-9370
1040,경남,하동,화개119안전센터,경상남도 하동군 화개면 쌍계로58 ,055-880-9330
1041,경남,산청,산청119안전센터,경상남도 산청군 산청읍 중앙로 76-7,055-970-9310
1042,경남,산청,단성119안전센터,경상남도 산청군 단성면 사직단로 447-8,055-970-9320
1043,경남,함양,함양119안전센터,경상남도 함양군 함양읍 고운로 161-41,055-960-9310
1044,경남,함양,안의119안전센터,경상남도 함양군 안의면 금성길 19,055-960-9320
1045,경남,거창,대평119안전센터,경상남도 거창군 거창읍 거함대로 3324,055-940-9361
1046,경남,거창,위천119안전센터,경상남도 거창군 위천면 원학길 321,055-940-9371
1047,경남,거창,가조119안전센터,경상남도 거창군 가조면 마상3길 32,055-940-9381
1048,경남,합천,합천119안전센터,경상남도 합천군 합천읍 인덕로 2453,055-930-9306
1049,경남,합천,초계119안전센터,경상남도 합천군 초계면 양동로 6-16,055-930-9325
1050,경남,합천,북부119안전센터,경상남도 합천군 야로면 월광리 241-4,055-930-9355
1051,경남,합천,삼가119안전센터,경상남도 합천군 삼가면 삼가로 287,055-930-9316
1052,제주,제주,이도119안전센터,제주특별자치도 제주시 중앙로 342,064-756-1175
1053,제주,제주,삼도119안전센터,제주특별자치도 제주시 탑동로 101,064-756-4258
1054,제주,제주,오라119안전센터,제주특별자치도 제주시 서광로2길 24,064-756-1176
1055,제주,제주,연동119안전센터,제주특별자치도 제주시 문송길 14,064-743-2119
1056,제주,제주,항만119안전센터,제주특별자치도 제주시 임항로 146,064-756-1178
1057,제주,제주,화북119안전센터,제주특별자치도 제주시 동화로1길 3,064-726-6119
1058,제주,제주,노형119안전센터,제주특별자치도 제주시 광평동로 2,064-742-5119
1059,제주,제주,외도119안전센터,제주특별자치도 제주시 통물길 75,064-749-7333
1060,제주,제주,아라119안전센터,제주특별자치도 제주시 사송길 116,064-721-5119
1061,제주,서귀포,대신119안전센터,제주특별자치도 서귀포시 서호남로 20(법환동),064-739-0119
1062,제주,서귀포,동홍119안전센터,제주특별자치도 서귀포시 서홍로 14(서홍동),064-762-1119
1063,제주,서귀포,중문119안전센터,제주특별자치도 서귀포시 일주서로 669(회수동),064-738-0119
1064,제주,서귀포,효돈119안전센터,제주특별자치도 서귀포시 일주동로 8234(신효동),064-767-2119
1065,제주,서부,한림119안전센터,제주특별자치도 제주시 한림읍 한림중앙로 150,064-796-2119
1066,제주,서부,애월119안전센터,제주특별자치도 제주시 애월읍 일주서로 6513,064-799-3119
1067,제주,서부,대정119안전센터,제주특별자치도 서귀포시 대정읍 일주서로 2717,064-794-1119
1068,제주,서부,한경119안전센터,제주특별자치도 제주시 한경면 일주서로 4218,064-773-0119
1069,제주,서부,안덕119안전센터,제주특별자치도 서귀포시 안덕면 화순서서로 2,064-794-9119
1070,제주,서부,영어교육도시119안전센터,제주특별자치도 서귀포시 대정읍 에듀시티로 238,064-792-5119
1071,제주,동부,성산119안전센터,제주특별자치도 서귀포시 성산읍 일주동로 4120번길 7,064-782-0119
1072,제주,동부,구좌119안전센터,제주특별자치도 제주시 구좌읍 세화14길 8,064-783-0119
1073,제주,동부,조천119안전센터,제주특별자치도 제주시 조천읍 신북로 337,064-782-6119
1074,제주,동부,남원119안전센터,제주특별자치도 서귀포시 남원읍 남원체육관로221번길 23,064-764-0119
1075,제주,동부,표선119안전센터,제주특별자치도 서귀포시 표선면 표선관정로 39-16,064-787-0119
1076,창원,진해,풍호119안전센터,경상남도 창원시 진해구 진해대로 1101,055-548-9460
1077,창원,진해,대흥119안전센터,경상남도 창원시 진해구 백구로 72,055-548-9360
1078,창원,진해,이동119안전센터,경상남도 창원시 진해구 충장로 434,055-548-9370
1079,창원,진해,웅동119안전센터,경상남도 창원시 진해구 남의로 11,055-548-9380
1080,창원,진해,용원119안전센터,경상남도 창원시 진해구 용원로 43,055-548-9390
1081,창원,창원,소답119안전센터,경상남도 창원시 의창구 의안로44번길 5,055-225-9360
1082,창원,창원,봉곡119안전센터,경상남도 창원시 봉곡동 지귀로 127,055-225-9370
1083,창원,창원,차룡119안전센터,경상남도 창원시 의창구 창원대로204번길 15,055-225-9380
1084,창원,창원,동읍119안전센터,경상남도 창원시 의창구 동읍 동읍로71번길 14-14,055-225-9390
1085,창원,창원,북면119안전센터,경상남도 창원시 의창구 북면 감계로110번길 54-36,055-225-9400
1086,창원,창원,대산119안전센터,경상남도 창원시 의창구 대산면 봉강가술로 583,055-225-9410
1087,창원,창원,신월119안전센터,경상남도 창원시 의창구 상남로 165,055-211-9362
1088,창원,창원,외동119안전센터,경상남도 창원시 성산구 삼동로128번길 19,055-211-9385
1089,창원,창원,가음정119안전센터,경상남도 창원시 성산구 대정로 39,055-211-9372
1090,창원,창원,대원119안전센터,경상남도 창원시 의창구 두대로55번길 11,055-211-9405
1091,창원,창원,웅남119안전센터,경상남도 창원시 성산구 봉양로 406,055-211-9462
1092,창원,마산,중앙119안전센터,경상남도 창원시 마산합포구 제2부두로 55,055-249-9365
1093,창원,마산,남성119안전센터,경상남도 원시 마산합포구 남성로 114,055-249-9384
1094,창원,마산,삼진119안전센터,경상남도 창원시 마산합포구 진북면 산단1길 29-30,055-249-9390
1095,창원,마산,석전119안전센터,경상남도 창원시 마산회원구 양덕옛1길 62,055-249-9407
1096,창원,마산,양봉119안전센터,경상남도 창원시 마산회원구 자유무역1길 22,055-249-9412
1097,창원,마산,구암119안전센터,경상남도 창원시 마산회원구 팔용로 260,055-249-9420
1098,창원,마산,내서119안전센터,경상남도 창원시 마산회원구 내서읍 중리공단로 104,055-249-9430
1099,창원,마산,호계119안전센터,경상남도 창원시 마산회원구 내서읍 호계본동3길 59-10,055-249-9444
1100,창원,마산,구산119안전센터,경상남도 창원시 마산합포구 구산면 해양관광로 1401,055-249-9450
